id,district,area,amount,ppm,date
-185532,الدار البيضاء,130,429000,3280,2026-10-01
-184930,الدار البيضاء,143,488000,3398,2026-10-01
-185496,إشبيلية,1500,7200000,4800,2026-10-01
-185285,طيبة,397,477000,1200,2026-10-01
-185501,طيبة,205,540000,2623,2026-10-01
-185506,طيبة,252,650000,2579,2026-10-01
-185540,طيبة,178,500000,2798,2026-10-01
-185514,غرناطة,599,5000000,8338,2026-10-01
-185372,الجنادرية,118,482800,4070,2026-10-01
-185453,الجنادرية,201,707000,3513,2026-10-01
-185428,الجنادرية,201,665000,3300,2026-10-01
-185503,الجنادرية,335,1334000,3972,2026-10-01
-185452,النرجس,136,965000,7076,2026-10-01
-185347,العزيزية,697,1952384,2800,2026-10-01
-185515,المعيزيلة,900,2160000,2400,2026-10-01
-185522,المعيزيلة,600,2340000,3900,2026-10-01
-185377,المدينة الصناعية الجديدة,2400,3120000,1300,2026-10-01
-185394,الندوة,70,560000,7946,2026-10-01
-185380,الندوة,129,450000,3470,2026-10-01
-185356,ضاحية نمار,251,750000,2981,2026-10-01
-185546,عريض,432,350000,810,2026-10-01
-185386,النزهة,900,9200000,10222,2026-10-01
-185418,المصيف,158,1350000,8504,2026-10-01
-185477,بدر,189,400000,2110,2026-10-01
-185520,السحاب,300,480000,1600,2026-10-01
-185388,الرمال,346,1600000,4613,2026-10-01
-185442,النظيم,84,456000,5379,2026-10-01
-185365,السويدي,750,2700000,3600,2026-10-01
-185370,الوسام,76,370000,4830,2026-10-01
-185192,طيبة,201,550000,2728,2026-09-30
-185320,طيبة,450,540000,1200,2026-09-30
-185256,طيبة,397,477000,1200,2026-09-30
-185204,طيبة,427,513000,1200,2026-09-30
-185175,طيبة,188,600000,3186,2026-09-30
-185205,طيبة,427,513000,1200,2026-09-30
-185276,طيبة,397,477000,1200,2026-09-30
-185258,طيبة,397,477000,1200,2026-09-30
-185283,طيبة,397,477000,1200,2026-09-30
-185268,طيبة,397,477000,1200,2026-09-30
-185323,طيبة,349,420000,1200,2026-09-30
-185100,الغدير,21,412500,19321,2026-09-30
-185215,الجنادرية,3492,6811291,1950,2026-09-30
-185152,الجنادرية,159,665000,4167,2026-09-30
-185190,الجنادرية,186,650000,3484,2026-09-30
-184738,الجنادرية,360,540000,1500,2026-09-30
-185133,الجنادرية,93,410000,4384,2026-09-30
-185029,الجنادرية,178,500000,2803,2026-09-30
-185085,الجنادرية,223,690000,3082,2026-09-30
-185252,الجنادرية,277,498600,1799,2026-09-30
-185148,الجنادرية,227,900000,3959,2026-09-30
-185058,المرجان,338,507000,1500,2026-09-30
-185049,المرجان,338,507000,1500,2026-09-30
-185128,المرجان,189,800000,4232,2026-09-30
-185061,المرجان,271,800000,2949,2026-09-30
-185266,النرجس,1354,7043400,5200,2026-09-30
-185246,النرجس,1400,7280000,5200,2026-09-30
-185251,النرجس,1370,7128004,5200,2026-09-30
-185264,النرجس,120,1000000,8320,2026-09-30
-185241,البيان,221,880000,3969,2026-09-30
-185132,البيان,154,408000,2633,2026-09-30
-185304,الفاروق,103,650000,6278,2026-09-30
-185095,المعيزيلة,600,2340000,3900,2026-09-30
-185174,ديراب,750,997500,1330,2026-09-30
-185191,ديراب,750,997500,1330,2026-09-30
-184999,السعادة,164,400000,2432,2026-09-30
-185136,الندوة,270,634500,2350,2026-09-30
-185337,الندوة,288,500000,1736,2026-09-30
-185336,الندوة,288,500000,1736,2026-09-30
-185045,الزاهر,900,420000,467,2026-09-30
-185231,الزاهر,840,400000,476,2026-09-30
-185165,ضاحية نمار,2384,2600000,1090,2026-09-30
-185159,ضاحية نمار,2311,2600000,1125,2026-09-30
-185088,العلا,2000,800000,400,2026-09-30
-185006,العارض,214,1300000,6064,2026-09-30
-185181,الفلاح,155,1599000,10278,2026-09-30
-185200,المونسية,13,113554,8319,2026-09-30
-185092,بدر,227,500000,2202,2026-09-30
-185196,الرمال,300,840000,2800,2026-09-30
-185125,الرمال,319,863325,2700,2026-09-30
-185119,الرمال,319,863325,2700,2026-09-30
-185079,النظيم,175,606500,3464,2026-09-30
-185121,النظيم,327,765000,2337,2026-09-30
-184876,الغنامية,350,735000,2099,2026-09-29
-184895,طيبة,374,450000,1200,2026-09-29
-184797,طيبة,375,450000,1200,2026-09-29
-184793,طيبة,393,471816,1200,2026-09-29
-184792,طيبة,393,471816,1200,2026-09-29
-184947,طيبة,374,449999,1200,2026-09-29
-184794,طيبة,375,450000,1200,2026-09-29
-184891,طيبة,374,450000,1200,2026-09-29
-184964,طيبة,199,600000,3008,2026-09-29
-184789,طيبة,375,450000,1200,2026-09-29
-184796,طيبة,374,450000,1200,2026-09-29
-184800,طيبة,375,450000,1200,2026-09-29
-184925,طيبة,427,513000,1200,2026-09-29
-184798,طيبة,375,450000,1200,2026-09-29
-184944,طيبة,441,530239,1200,2026-09-29
-184776,طيبة,374,450000,1200,2026-09-29
-184921,طيبة,427,513000,1200,2026-09-29
-184795,طيبة,374,450000,1200,2026-09-29
-184917,القادسية,1500,3800000,2533,2026-09-29
-184631,الملك فيصل,121,870000,7142,2026-09-29
-184580,الجنادرية,1500,2400000,1600,2026-09-29
-184916,المرجان,358,645768,1800,2026-09-29
-184764,المرجان,900,2205000,2450,2026-09-29
-184624,النرجس,12,86111,6830,2026-09-29
-184706,النرجس,219,2350000,10721,2026-09-29
-184887,النرجس,160,1550000,9637,2026-09-29
-184879,البيان,267,1200000,4491,2026-09-29
-184951,البيان,1020,2805000,2750,2026-09-29
-184945,الفاروق,109,700000,6368,2026-09-29
-184894,ديراب,1000,2000000,2000,2026-09-29
-183609,ديراب,129,550000,4261,2026-09-29
-183607,ديراب,132,550000,4160,2026-09-29
-183611,ديراب,87,550000,6274,2026-09-29
-183612,ديراب,87,550000,6274,2026-09-29
-183610,ديراب,86,550000,6383,2026-09-29
-183608,ديراب,127,550000,4326,2026-09-29
-183605,ديراب,147,550000,3739,2026-09-29
-183606,ديراب,132,550000,4160,2026-09-29
-184889,ديراب,88,550000,6183,2026-09-29
-183604,ديراب,88,550000,6183,2026-09-29
-183631,ديراب,161,550000,3404,2026-09-29
-183633,ديراب,162,550000,3390,2026-09-29
-183634,ديراب,102,550000,5352,2026-09-29
-183630,ديراب,175,550000,3135,2026-09-29
-183635,ديراب,90,550000,6085,2026-09-29
-183632,ديراب,177,550000,3093,2026-09-29
-184209,ديراب,102,550000,5352,2026-09-29
-184214,ديراب,161,550000,3404,2026-09-29
-184213,ديراب,175,550000,3135,2026-09-29
-184212,ديراب,162,550000,3390,2026-09-29
-184211,ديراب,177,550000,3093,2026-09-29
-184210,ديراب,90,550000,6085,2026-09-29
-183965,ديراب,158,550000,3478,2026-09-29
-183690,ديراب,102,550000,5347,2026-09-29
-183722,ديراب,158,550000,3478,2026-09-29
-183706,ديراب,158,550000,3474,2026-09-29
-183692,ديراب,102,550000,5347,2026-09-29
-183705,ديراب,158,550000,3474,2026-09-29
-183968,ديراب,148,550000,3701,2026-09-29
-183978,ديراب,96,550000,5703,2026-09-29
-183970,ديراب,149,550000,3679,2026-09-29
-183967,ديراب,148,550000,3701,2026-09-29
-183979,ديراب,96,550000,5703,2026-09-29
-183972,ديراب,149,550000,3679,2026-09-29
-183646,ديراب,149,550000,3679,2026-09-29
-183643,ديراب,148,550000,3701,2026-09-29
-183644,ديراب,148,550000,3701,2026-09-29
-183645,ديراب,149,550000,3679,2026-09-29
-183642,ديراب,96,550000,5703,2026-09-29
-183641,ديراب,96,550000,5703,2026-09-29
-184202,ديراب,102,550000,5352,2026-09-29
-184204,ديراب,177,550000,3093,2026-09-29
-184205,ديراب,175,550000,3131,2026-09-29
-184203,ديراب,181,550000,3026,2026-09-29
-184201,ديراب,103,550000,5289,2026-09-29
-184208,ديراب,175,550000,3135,2026-09-29
-183538,ديراب,181,550000,3026,2026-09-29
-183535,ديراب,102,550000,5351,2026-09-29
-183536,ديراب,103,550000,5289,2026-09-29
-183537,ديراب,177,550000,3093,2026-09-29
-183539,ديراب,175,550000,3135,2026-09-29
-183540,ديراب,175,550000,3131,2026-09-29
-184877,السعادة,146,720000,4910,2026-09-29
-184870,المصانع,1558,3034200,1947,2026-09-29
-184623,عريض,400,209523,524,2026-09-29
-184885,ظهرة لبن,375,300000,800,2026-09-29
-184843,العلا,2000,800000,400,2026-09-29
-184868,النخيل,708,6282000,8865,2026-09-29
-184672,العارض,251,1430000,5680,2026-09-29
-184648,بدر,299,580000,1938,2026-09-29
-184625,بدر,223,646000,2895,2026-09-29
-184739,الرمال,407,1000000,2456,2026-09-29
-184927,الرمال,3450,8280000,2400,2026-09-29
-184783,الرمال,133,792500,5921,2026-09-29
-184705,الرمال,346,1600000,4613,2026-09-29
-184754,العريجاء الغربي,204,840000,4103,2026-09-29
-184914,النظيم,205,400000,1944,2026-09-29
-184899,النظيم,324,421200,1300,2026-09-29
-184810,النظيم,70,250000,3537,2026-09-29
-184701,النظيم,169,503000,2965,2026-09-29
-184667,ظهرة البديعة,107,750000,6950,2026-09-29
-184612,ظهرة البديعة,110,635000,5750,2026-09-29
-184656,ظهرة البديعة,170,760000,4445,2026-09-29
-184362,شبرا,156,850000,5442,2026-09-28
-184445,طيبة,177,550000,3097,2026-09-28
-184036,الجنادرية,600,1137000,1895,2026-09-28
-184525,الجنادرية,325,602500,1854,2026-09-28
-184391,الجنادرية,356,1302400,3649,2026-09-28
-184329,النرجس,92,1070000,11556,2026-09-28
-184225,النرجس,79,1150000,14487,2026-09-28
-184594,النرجس,160,1450000,9015,2026-09-28
-183283,النور,1925,3272500,1700,2026-09-28
-184235,المعيزيلة,226,1400000,6177,2026-09-28
-184589,الصفاء,375,1218750,3250,2026-09-28
-184124,ديراب,625,312500,500,2026-09-28
-183584,ديراب,129,550000,4261,2026-09-28
-183589,ديراب,87,550000,6274,2026-09-28
-183588,ديراب,86,550000,6383,2026-09-28
-183585,ديراب,147,550000,3739,2026-09-28
-183583,ديراب,130,550000,4216,2026-09-28
-183586,ديراب,127,550000,4326,2026-09-28
-183581,ديراب,132,550000,4160,2026-09-28
-183587,ديراب,87,550000,6274,2026-09-28
-183582,ديراب,132,550000,4160,2026-09-28
-183601,ديراب,183,550000,3003,2026-09-28
-183599,ديراب,132,550000,4160,2026-09-28
-183602,ديراب,147,550000,3739,2026-09-28
-183600,ديراب,132,550000,4160,2026-09-28
-183603,ديراب,129,550000,4261,2026-09-28
-183598,ديراب,138,550000,3977,2026-09-28
-184334,ديراب,750,960000,1280,2026-09-28
-184324,ديراب,750,960000,1280,2026-09-28
-184349,ديراب,102,550000,5352,2026-09-28
-184347,ديراب,177,550000,3093,2026-09-28
-184346,ديراب,177,550000,3093,2026-09-28
-184351,ديراب,102,550000,5352,2026-09-28
-184345,ديراب,175,550000,3135,2026-09-28
-184344,ديراب,175,550000,3135,2026-09-28
-184280,ديراب,130,550000,4216,2026-09-28
-184326,ديراب,132,550000,4160,2026-09-28
-184335,ديراب,147,550000,3739,2026-09-28
-184342,ديراب,87,550000,6274,2026-09-28
-184338,ديراب,129,550000,4261,2026-09-28
-184339,ديراب,86,550000,6383,2026-09-28
-184281,ديراب,132,550000,4160,2026-09-28
-184327,ديراب,127,550000,4326,2026-09-28
-184341,ديراب,87,550000,6274,2026-09-28
-183713,ديراب,127,550000,4298,2026-09-28
-183753,ديراب,147,550000,3739,2026-09-28
-183755,ديراب,88,550000,6183,2026-09-28
-183714,ديراب,132,550000,4160,2026-09-28
-183716,ديراب,182,550000,3016,2026-09-28
-183756,ديراب,88,550000,6183,2026-09-28
-183715,ديراب,132,550000,4160,2026-09-28
-183754,ديراب,129,550000,4261,2026-09-28
-183712,ديراب,88,550000,6183,2026-09-28
-183708,ديراب,129,550000,4261,2026-09-28
-183704,ديراب,132,550000,4160,2026-09-28
-183709,ديراب,147,550000,3739,2026-09-28
-183710,ديراب,182,550000,3016,2026-09-28
-183707,ديراب,127,550000,4298,2026-09-28
-183703,ديراب,132,550000,4160,2026-09-28
-183711,ديراب,88,550000,6183,2026-09-28
-183757,ديراب,132,550000,4160,2026-09-28
-183760,ديراب,129,550000,4261,2026-09-28
-183761,ديراب,83,550000,6611,2026-09-28
-183762,ديراب,83,550000,6611,2026-09-28
-183759,ديراب,129,550000,4261,2026-09-28
-183758,ديراب,132,550000,4160,2026-09-28
-183702,ديراب,83,550000,6611,2026-09-28
-183700,ديراب,129,550000,4261,2026-09-28
-183699,ديراب,129,550000,4261,2026-09-28
-183695,ديراب,132,550000,4160,2026-09-28
-183701,ديراب,83,550000,6611,2026-09-28
-183696,ديراب,132,550000,4160,2026-09-28
-184101,ديراب,129,550000,4261,2026-09-28
-184151,ديراب,83,550000,6611,2026-09-28
-184102,ديراب,83,550000,6611,2026-09-28
-184099,ديراب,132,550000,4160,2026-09-28
-184098,ديراب,132,550000,4160,2026-09-28
-184100,ديراب,129,550000,4261,2026-09-28
-183691,ديراب,129,550000,4261,2026-09-28
-183694,ديراب,83,550000,6611,2026-09-28
-183689,ديراب,129,550000,4261,2026-09-28
-183693,ديراب,83,550000,6611,2026-09-28
-184154,ديراب,129,550000,4261,2026-09-28
-184152,ديراب,132,550000,4160,2026-09-28
-184155,ديراب,129,550000,4261,2026-09-28
-184269,ديراب,83,550000,6611,2026-09-28
-184270,ديراب,83,550000,6611,2026-09-28
-184153,ديراب,132,550000,4160,2026-09-28
-184272,ديراب,175,550000,3135,2026-09-28
-184279,ديراب,103,550000,5289,2026-09-28
-184278,ديراب,102,550000,5352,2026-09-28
-184275,ديراب,177,550000,3093,2026-09-28
-184273,ديراب,175,550000,3131,2026-09-28
-184277,ديراب,181,550000,3026,2026-09-28
-184573,السعادة,152,600000,3943,2026-09-28
-183478,الزاهر,900,400000,444,2026-09-28
-184472,ضاحية نمار,1050,1260000,1200,2026-09-28
-184307,ضاحية نمار,375,1785000,4760,2026-09-28
-183501,عريض,400,210000,525,2026-09-28
-183493,عريض,432,345000,799,2026-09-28
-184440,ظهرة لبن,127,590000,4638,2026-09-28
-184350,العوالي,133,550000,4119,2026-09-28
-184256,القدس,480,3500000,7292,2026-09-28
-184426,بدر,252,731220,2898,2026-09-28
-184407,بدر,184,651000,3532,2026-09-28
-184564,بدر,500,1485000,2970,2026-09-28
-184251,المصفاة,400,800000,2000,2026-09-28
-184282,الرمال,276,1800000,6522,2026-09-28
-184545,الرمال,106,600000,5611,2026-09-28
-184363,الرمال,268,1920000,7163,2026-09-28
-183463,النظيم,87,100000,1147,2026-09-28
-184295,النظيم,202,410000,2026,2026-09-28
-184292,النظيم,159,481000,3016,2026-09-28
-184302,النظيم,202,601000,2970,2026-09-28
-184518,النظيم,300,420000,1400,2026-09-28
-183498,النظيم,116,325000,2798,2026-09-28
-184524,النظيم,348,469800,1350,2026-09-28
-184531,النظيم,348,469800,1350,2026-09-28
-184533,النظيم,348,469800,1350,2026-09-28
-184425,النظيم,348,452400,1300,2026-09-28
-183966,الدار البيضاء,132,450000,3387,2026-09-27
-184123,اليمامة,288,1850000,6407,2026-09-27
-184066,طيبة,344,447525,1300,2026-09-27
-183820,طيبة,200,480000,2393,2026-09-27
-183752,طيبة,201,695500,3448,2026-09-27
-183815,القادسية,212,1350000,6340,2026-09-27
-184119,الجنادرية,2000,9500000,4750,2026-09-27
-184004,الجنادرية,160,713000,4447,2026-09-27
-184115,المرجان,338,479960,1420,2026-09-27
-183885,المرجان,84,360000,4241,2026-09-27
-184148,النسيم الشرقي,440,400000,909,2026-09-27
-183730,النسيم الشرقي,595,900000,1513,2026-09-27
-183772,النرجس,8,74615,8740,2026-09-27
-183923,النرجس,286,2285000,7968,2026-09-27
-183795,النرجس,500,2625000,5250,2026-09-27
-183920,المعيزيلة,174,700000,4017,2026-09-27
-184144,ديراب,625,312500,500,2026-09-27
-184138,ديراب,750,375000,500,2026-09-27
-183828,الندوة,160,598000,3715,2026-09-27
-183793,الندوة,164,780000,4755,2026-09-27
-183993,الندوة,288,849600,2950,2026-09-27
-183387,الزاهر,984,400000,407,2026-09-27
-183771,ضاحية نمار,390,468000,1200,2026-09-27
-183935,ضاحية نمار,900,900000,1000,2026-09-27
-183460,ضاحية نمار,450,570000,1267,2026-09-27
-183930,ضاحية نمار,455,700000,1537,2026-09-27
-183217,عريض,500,450000,900,2026-09-27
-183378,عريض,750,520000,693,2026-09-27
-183401,عريض,405,330000,815,2026-09-27
-183168,عريض,432,340000,787,2026-09-27
-183773,عريض,450,410000,911,2026-09-27
-183427,العلا,750,260000,347,2026-09-27
-183719,العلا,2881,300000,104,2026-09-27
-184007,العلا,2000,700000,350,2026-09-27
-183416,العلا,752,200000,266,2026-09-27
-184161,العوالي,128,550000,4295,2026-09-27
-184136,العوالي,141,620000,4392,2026-09-27
-184044,السلي,945,2900000,3066,2026-09-27
-183817,اليرموك,259,1500000,5771,2026-09-27
-184158,بدر,2250,8300000,3689,2026-09-27
-183840,بدر,140,590000,4201,2026-09-27
-184093,بدر,429,950000,2210,2026-09-27
-183746,بدر,321,1194000,3713,2026-09-27
-183766,النهضة,336,1478400,4400,2026-09-27
-183747,النهضة,336,1478400,4400,2026-09-27
-183737,النهضة,336,1478400,4400,2026-09-27
-183430,النهضة,112,600000,5332,2026-09-27
-183429,النهضة,112,600000,5332,2026-09-27
-184032,الرمال,2326,13961520,6000,2026-09-27
-183922,الرمال,106,600000,5611,2026-09-27
-183991,الرمال,276,772800,2800,2026-09-27
-183973,الرمال,276,772800,2800,2026-09-27
-184159,النظيم,300,310000,1033,2026-09-27
-183980,النظيم,372,613800,1650,2026-09-27
-184041,النظيم,357,429000,1200,2026-09-27
-184128,النظيم,377,1000000,2653,2026-09-27
-183090,القادسية,140,765000,5446,2026-09-26
-183089,الصفاء,530,3445000,6500,2026-09-26
-183093,ديراب,924,4000000,4329,2026-09-26
-183082,العارض,87,820000,9366,2026-09-25
-182989,طيبة,190,687428,3612,2026-09-24
-183034,طيبة,222,670000,3005,2026-09-24
-183078,القادسية,720,2088000,2900,2026-09-24
-183012,الجنادرية,72,480500,6660,2026-09-24
-182977,الجنادرية,230,700000,3033,2026-09-24
-182981,الجنادرية,265,600000,2264,2026-09-24
-182944,النرجس,94,1070000,11314,2026-09-24
-182915,النرجس,129,1100000,8465,2026-09-24
-183346,السعادة,100,456600,4535,2026-09-24
-183045,المصانع,1776,3429004,1930,2026-09-24
-183356,الزاهر,960,1000000,1042,2026-09-24
-183333,ضاحية نمار,908,2200000,2422,2026-09-24
-183000,ضاحية نمار,145,707000,4858,2026-09-24
-183348,عريض,420,200000,476,2026-09-24
-183218,عريض,500,450000,900,2026-09-24
-183060,عريض,500,410000,820,2026-09-24
-183286,عريض,468,225000,481,2026-09-24
-182968,ظهرة لبن,135,760000,5619,2026-09-24
-183011,ظهرة لبن,133,731250,5485,2026-09-24
-183014,بدر,421,1138053,2700,2026-09-24
-183147,المصفاة,750,1500000,2000,2026-09-24
-183049,المصفاة,495,1487190,3000,2026-09-24
-182999,النهضة,229,950000,4139,2026-09-24
-183072,الرمال,94,770000,8191,2026-09-24
-182964,النظيم,178,370000,2079,2026-09-24
-183262,النظيم,88,47000,533,2026-09-24
-182960,النظيم,191,550000,2866,2026-09-24
-183008,النظيم,111,360000,3242,2026-09-24
-183065,النظيم,75,350000,4636,2026-09-24
-182945,السويدي,185,820000,4420,2026-09-24
-183336,الزاهر,900,308000,342,2026-09-23
-183284,عريض,276,165000,598,2026-09-23
-182529,الدار البيضاء,117,380000,3229,2026-09-22
-183188,الغنامية,184,200000,1087,2026-09-22
-183249,الغنامية,270,351000,1300,2026-09-22
-182306,طيبة,1120,3050000,2723,2026-09-22
-182407,طيبة,420,420000,1000,2026-09-22
-182406,طيبة,420,420000,1000,2026-09-22
-182296,طيبة,233,660000,2824,2026-09-22
-182414,طيبة,368,442500,1200,2026-09-22
-182400,طيبة,205,605000,2945,2026-09-22
-182435,طيبة,397,477000,1200,2026-09-22
-182256,الجنادرية,74,440000,5886,2026-09-22
-182250,الجنادرية,177,440000,2476,2026-09-22
-182439,الجنادرية,206,631000,3056,2026-09-22
-182399,الجنادرية,421,1145000,2716,2026-09-22
-182498,المرجان,338,479960,1420,2026-09-22
-182495,المرجان,338,479960,1420,2026-09-22
-182507,المرجان,338,479960,1420,2026-09-22
-182504,المرجان,338,479960,1420,2026-09-22
-182492,المرجان,338,479960,1420,2026-09-22
-182416,المرجان,350,623000,1780,2026-09-22
-182447,المرجان,900,2205000,2450,2026-09-22
-182427,المرجان,900,2205000,2450,2026-09-22
-182503,النرجس,10,102778,9471,2026-09-22
-182222,النرجس,3000,36750000,12250,2026-09-22
-182472,النرجس,173,1695500,9782,2026-09-22
-182244,البيان,88,562000,6317,2026-09-22
-182411,الفاروق,375,1316438,3511,2026-09-22
-182428,النسيم الغربي,145,836000,5764,2026-09-22
-182432,ديراب,750,937500,1250,2026-09-22
-182437,ديراب,900,1125000,1250,2026-09-22
-182173,ديراب,88,550000,6183,2026-09-22
-182167,ديراب,132,550000,4160,2026-09-22
-182169,ديراب,138,550000,3977,2026-09-22
-182171,ديراب,147,550000,3739,2026-09-22
-182168,ديراب,132,550000,4160,2026-09-22
-182172,ديراب,183,550000,3003,2026-09-22
-182174,ديراب,88,550000,6183,2026-09-22
-182443,ديراب,1050,1312500,1250,2026-09-22
-182146,ديراب,127,550000,4298,2026-09-22
-182145,ديراب,132,550000,4160,2026-09-22
-182150,ديراب,88,550000,6183,2026-09-22
-182147,ديراب,129,550000,4261,2026-09-22
-182151,ديراب,88,550000,6183,2026-09-22
-182148,ديراب,147,550000,3739,2026-09-22
-182149,ديراب,182,550000,3016,2026-09-22
-182417,ديراب,1050,1312500,1250,2026-09-22
-182218,ديراب,132,550000,4160,2026-09-22
-182219,ديراب,132,550000,4160,2026-09-22
-182214,ديراب,129,550000,4261,2026-09-22
-182215,ديراب,129,550000,4261,2026-09-22
-182213,ديراب,132,550000,4160,2026-09-22
-182216,ديراب,83,550000,6611,2026-09-22
-182212,ديراب,132,550000,4160,2026-09-22
-182217,ديراب,83,550000,6611,2026-09-22
-182210,ديراب,103,550000,5289,2026-09-22
-182211,ديراب,102,550000,5352,2026-09-22
-182208,ديراب,181,550000,3026,2026-09-22
-182209,ديراب,177,550000,3093,2026-09-22
-182207,ديراب,175,550000,3135,2026-09-22
-182206,ديراب,175,550000,3131,2026-09-22
-182202,ديراب,147,550000,3739,2026-09-22
-182201,ديراب,129,550000,4261,2026-09-22
-182199,ديراب,132,550000,4160,2026-09-22
-182198,ديراب,132,550000,4160,2026-09-22
-182200,ديراب,127,550000,4298,2026-09-22
-182205,ديراب,88,550000,6183,2026-09-22
-182203,ديراب,182,550000,3016,2026-09-22
-182204,ديراب,88,550000,6183,2026-09-22
-182361,ديراب,181,686000,3789,2026-09-22
-182392,الندوة,131,637494,4836,2026-09-22
-182377,الندوة,140,640000,4562,2026-09-22
-182456,الندوة,87,628852,7196,2026-09-22
-182895,الزاهر,930,400000,430,2026-09-22
-183212,ضاحية نمار,2254,1780000,790,2026-09-22
-182245,ضاحية نمار,217,979963,4516,2026-09-22
-182255,ضاحية نمار,176,200038,1132,2026-09-22
-182291,ظهرة لبن,125,450000,3574,2026-09-22
-183265,ظهرة لبن,900,3150000,3500,2026-09-22
-182117,ظهرة لبن,116,625000,5372,2026-09-22
-183186,العلا,901,300000,333,2026-09-22
-183210,العارض,600,1590000,2650,2026-09-22
-182524,العارض,352,1936000,5500,2026-09-22
-182243,بدر,246,740000,2996,2026-09-22
-182485,بدر,160,597685,3719,2026-09-22
-182509,بدر,750,1500000,2000,2026-09-22
-182506,الحائر,620,460000,742,2026-09-22
-182441,المصفاة,592,3200000,5399,2026-09-22
-182459,المصفاة,5000,9500000,1900,2026-09-22
-182479,المصفاة,5000,9500000,1900,2026-09-22
-182471,المصفاة,4936,9378875,1900,2026-09-22
-182476,المصفاة,4887,9286250,1900,2026-09-22
-182258,الرمال,360,2850000,7917,2026-09-22
-182374,الرمال,349,1577000,4509,2026-09-22
-182221,الرمال,290,1300000,4471,2026-09-22
-182295,النظيم,93,410000,4379,2026-09-22
-182083,طيبة,224,700000,3123,2026-09-21
-182113,النرجس,550,3025000,5500,2026-09-21
-182893,العزيزية,465,760000,1634,2026-09-21
-181680,الشرفية,1201,6607425,5500,2026-09-21
-181679,الشرفية,1503,8266500,5500,2026-09-21
-181681,الشرفية,1500,8250000,5500,2026-09-21
-182855,العريجاء,772,1544300,2000,2026-09-21
-183172,ضاحية نمار,1931,1450000,751,2026-09-21
-182810,عريض,772,780000,1010,2026-09-21
-182891,العلا,752,210000,279,2026-09-21
-182099,العارض,128,900000,7030,2026-09-21
-182862,الحائر,400,300000,750,2026-09-21
-182093,الرمال,2138,4064060,1900,2026-09-21
-182103,النظيم,312,1070000,3429,2026-09-21
-181775,الدار البيضاء,116,365000,3145,2026-09-20
-182029,طيبة,242,967600,3990,2026-09-20
-181878,الملك فيصل,115,800000,6923,2026-09-20
-181913,الجنادرية,316,1000000,3160,2026-09-20
-181766,الجنادرية,203,716000,3518,2026-09-20
-181982,الجنادرية,230,736200,3187,2026-09-20
-182858,المرجان,300,480000,1600,2026-09-20
-181771,المرجان,74,564000,7535,2026-09-20
-181881,المرجان,105,625000,5933,2026-09-20
-181999,المرجان,314,549955,1750,2026-09-20
-181996,المرجان,300,525000,1750,2026-09-20
-181847,النرجس,295,1850000,6263,2026-09-20
-181834,النرجس,166,2350000,14119,2026-09-20
-181820,النرجس,280,1512000,5400,2026-09-20
-181959,البيان,863,1450000,1679,2026-09-20
-181776,البيان,96,450000,4656,2026-09-20
-181989,ضاحية نمار,1073,800000,745,2026-09-20
-181972,ضاحية نمار,900,800000,889,2026-09-20
-181983,ظهرة لبن,1050,6037500,5750,2026-09-20
-181985,ظهرة لبن,900,5175000,5750,2026-09-20
-182002,العارض,402,2500000,6212,2026-09-20
-181899,العارض,103,800000,7738,2026-09-20
-181857,العارض,401,2406780,6000,2026-09-20
-181797,العوالي,131,552000,4205,2026-09-20
-182000,المرسلات,600,4500000,7500,2026-09-20
-183133,العريجاء الأوسط,400,1481000,3702,2026-09-20
-182028,اليرموك,75,820000,10871,2026-09-20
-181921,بدر,243,146022,600,2026-09-20
-181931,بدر,533,320250,600,2026-09-20
-181892,بدر,357,1135231,3174,2026-09-20
-181916,بدر,311,187026,600,2026-09-20
-181554,المصفاة,599,500000,833,2026-09-20
-181852,الرمال,246,1200000,4872,2026-09-20
-181949,النظيم,360,970000,2694,2026-09-20
-182043,النظيم,300,890000,2967,2026-09-20
-182783,النظيم,300,390000,1300,2026-09-20
-182720,النظيم,650,942500,1450,2026-09-20
-181934,النظيم,100,360000,3597,2026-09-20
-182015,النظيم,351,526500,1500,2026-09-20
-182821,الوسام,300,585000,1950,2026-09-20
-181773,الوسام,68,350000,5088,2026-09-20
-181695,الرمال,400,1760000,4400,2026-09-19
-181319,الندوة,146,700000,4788,2026-09-18
-181196,إشبيلية,214,1480000,6895,2026-09-17
-182736,الشعلة,750,240000,320,2026-09-17
-180997,طيبة,94,220000,2319,2026-09-17
-181076,طيبة,101,610000,6040,2026-09-17
-180968,الصحافة,501,3008400,6000,2026-09-17
-181228,الجنادرية,195,600000,3075,2026-09-17
-181097,الجنادرية,188,650000,3447,2026-09-17
-181182,الجنادرية,412,1276000,3093,2026-09-17
-181063,الجنادرية,276,904000,3274,2026-09-17
-180749,المرجان,900,2205000,2450,2026-09-17
-181115,النرجس,315,1732500,5500,2026-09-17
-181018,النرجس,149,1340000,8964,2026-09-17
-181607,النرجس,105,1090000,10297,2026-09-17
-181122,النرجس,395,3600000,9113,2026-09-17
-181145,النرجس,500,159000,318,2026-09-17
-181166,البيان,249,850000,3411,2026-09-17
-181146,السعادة,660,2079000,3150,2026-09-17
-181160,السعادة,660,2079000,3150,2026-09-17
-181040,الندوة,120,550000,4554,2026-09-17
-181025,الندوة,270,1100000,4074,2026-09-17
-181224,الزاهر,900,500000,556,2026-09-17
-181219,الزاهر,900,500000,556,2026-09-17
-181634,الزاهر,900,360000,400,2026-09-17
-181068,ضاحية نمار,148,549000,3693,2026-09-17
-182715,ضاحية نمار,2250,1698750,755,2026-09-17
-180969,ضاحية نمار,887,1500000,1690,2026-09-17
-181016,ضاحية نمار,511,900000,1759,2026-09-17
-181306,عريض,500,350000,700,2026-09-17
-181203,عريض,900,600000,667,2026-09-17
-181629,عريض,330,171000,518,2026-09-17
-181185,ظهرة لبن,112,571500,5073,2026-09-17
-181275,العارض,350,2100000,6000,2026-09-17
-181277,العارض,350,2100000,6000,2026-09-17
-181278,العارض,350,2100000,6000,2026-09-17
-181280,العارض,350,2100000,6000,2026-09-17
-181281,العارض,400,2400000,6000,2026-09-17
-181042,العارض,128,970000,7576,2026-09-17
-181199,العارض,990,4800000,4848,2026-09-17
-180964,النزهة,171,2100000,12219,2026-09-17
-181105,القدس,68,800000,11609,2026-09-17
-181301,بدر,244,146646,600,2026-09-17
-181307,بدر,533,320250,600,2026-09-17
-181309,بدر,242,145392,600,2026-09-17
-180998,بدر,433,1600000,3689,2026-09-17
-180987,بدر,97,539500,5555,2026-09-17
-181298,بدر,253,152244,600,2026-09-17
-181237,بدر,2000,1000000,500,2026-09-17
-181250,بدر,2000,1235000,618,2026-09-17
-181204,بدر,270,1178500,4365,2026-09-17
-181305,بدر,241,145080,600,2026-09-17
-181059,بدر,250,620000,2476,2026-09-17
-180991,المصفاة,10000,7500000,750,2026-09-17
-181669,السحاب,300,450000,1500,2026-09-17
-181200,الرمال,235,915000,3882,2026-09-17
-181283,الرمال,59,500000,8419,2026-09-17
-181091,الرمال,125,660000,5276,2026-09-17
-181030,النظيم,189,900000,4742,2026-09-17
-181060,النظيم,160,250000,1559,2026-09-17
-181615,النظيم,97,100000,1027,2026-09-17
-181254,النظيم,300,411000,1370,2026-09-17
-181001,الوسام,231,850000,3673,2026-09-17
-181616,الشعلة,750,200000,267,2026-09-16
-180788,طيبة,3000,5550000,1850,2026-09-16
-180839,طيبة,167,750000,4474,2026-09-16
-180757,طيبة,183,600000,3268,2026-09-16
-180872,طيبة,241,930000,3851,2026-09-16
-180733,الجنادرية,600,1110000,1850,2026-09-16
-180897,النسيم الشرقي,1850,4902500,2650,2026-09-16
-180713,النرجس,187,2200000,11740,2026-09-16
-180926,النرجس,384,6600000,17160,2026-09-16
-180729,النرجس,74,815000,10875,2026-09-16
-180722,النرجس,77,815000,10532,2026-09-16
-180727,النرجس,157,1650000,10483,2026-09-16
-180706,البيان,108,714800,6609,2026-09-16
-180939,المعيزيلة,900,3150000,3500,2026-09-16
-180940,المعيزيلة,431,1509375,3500,2026-09-16
-180631,الصفاء,146,1000000,6816,2026-09-16
-180778,الندوة,172,412741,2396,2026-09-16
-180847,الندوة,187,951000,5081,2026-09-16
-181621,الزاهر,810,250000,309,2026-09-16
-180807,الزاهر,900,659000,732,2026-09-16
-180794,الزاهر,900,616000,684,2026-09-16
-180728,ضاحية نمار,91,420000,4568,2026-09-16
-180829,ضاحية نمار,105,480000,4535,2026-09-16
-180873,عريض,450,370000,822,2026-09-16
-180860,عريض,450,360000,800,2026-09-16
-180734,ظهرة لبن,144,730000,5048,2026-09-16
-180703,ظهرة لبن,329,1860000,5650,2026-09-16
-180938,النخيل,500,4000000,8000,2026-09-16
-180724,العارض,2095,10473479,4999,2026-09-16
-180761,العارض,2095,10477950,5000,2026-09-16
-180752,العارض,2096,10478071,4999,2026-09-16
-180741,العارض,2485,12425500,5000,2026-09-16
-180692,العوالي,900,2250000,2500,2026-09-16
-180902,السلي,300,930000,3100,2026-09-16
-180866,المونسية,500,2700000,5400,2026-09-16
-180793,بدر,533,320250,600,2026-09-16
-180825,بدر,533,320250,600,2026-09-16
-180815,بدر,450,900000,2000,2026-09-16
-180819,بدر,533,320250,600,2026-09-16
-180812,بدر,243,146334,600,2026-09-16
-180849,بدر,93,420000,4506,2026-09-16
-180814,بدر,450,900000,2000,2026-09-16
-180808,بدر,533,320250,600,2026-09-16
-180869,الرمال,349,1800000,5147,2026-09-16
-180760,النظيم,75,475000,6254,2026-09-16
-180689,النظيم,145,550000,3772,2026-09-16
-181622,النظيم,420,558600,1330,2026-09-16
-180717,النظيم,160,466000,2903,2026-09-16
-180867,الوسام,300,540000,1800,2026-09-16
-180539,طيبة,397,477000,1200,2026-09-15
-183153,الجنادرية,375,675000,1800,2026-09-15
-180581,الجنادرية,214,650000,3037,2026-09-15
-180593,ديراب,204,925046,4535,2026-09-15
-180547,السعادة,160,710000,4411,2026-09-15
-180551,الندوة,133,490000,3674,2026-09-15
-183527,ضاحية نمار,864,750000,868,2026-09-15
-179607,عريض,420,200000,476,2026-09-15
-180579,بدر,174,594077,3397,2026-09-15
-182905,النظيم,160,280000,1746,2026-09-15
-179595,الشعلة,600,160000,267,2026-09-14
-181578,طيبة,325,422500,1300,2026-09-14
-180299,طيبة,374,450000,1200,2026-09-14
-180371,طيبة,167,620788,3709,2026-09-14
-180288,الجنادرية,88,500000,5639,2026-09-14
-180256,الجنادرية,167,700000,4182,2026-09-14
-180282,الجنادرية,375,1650000,4400,2026-09-14
-180376,الجنادرية,360,540000,1500,2026-09-14
-180474,الجنادرية,214,614000,2862,2026-09-14
-180391,الجنادرية,360,540000,1500,2026-09-14
-180308,النرجس,151,1300000,8599,2026-09-14
-180246,النرجس,153,1354000,8795,2026-09-14
-180286,النرجس,198,1690000,8516,2026-09-14
-180309,النرجس,218,1560000,7124,2026-09-14
-180445,النرجس,210,2250000,10714,2026-09-14
-180240,السعادة,168,700000,4143,2026-09-14
-180312,ضاحية نمار,222,650000,2921,2026-09-14
-179585,عريض,450,330000,733,2026-09-14
-180466,عريض,450,360000,800,2026-09-14
-179579,عريض,483,195000,404,2026-09-14
-180500,ظهرة لبن,900,3600000,4000,2026-09-14
-181560,ظهرة لبن,900,3438000,3820,2026-09-14
-180413,ظهرة لبن,147,844000,5741,2026-09-14
-180411,ظهرة لبن,122,844000,6912,2026-09-14
-180409,ظهرة لبن,111,844000,7568,2026-09-14
-180421,ظهرة لبن,149,844000,5658,2026-09-14
-180416,ظهرة لبن,123,844000,6814,2026-09-14
-180396,ظهرة لبن,149,848000,5685,2026-09-14
-180390,ظهرة لبن,123,844000,6821,2026-09-14
-180423,ظهرة لبن,146,844000,5742,2026-09-14
-180404,ظهرة لبن,123,844000,6814,2026-09-14
-180494,ظهرة لبن,143,790000,5523,2026-09-14
-179554,العلا,750,250000,333,2026-09-14
-180452,العارض,600,3360000,5600,2026-09-14
-180315,العارض,253,1750000,6911,2026-09-14
-180257,العارض,675,3375000,5000,2026-09-14
-180446,السلي,3750,10000000,2667,2026-09-14
-180307,المونسية,223,1620000,7263,2026-09-14
-179136,بدر,299,400000,1336,2026-09-14
-180489,النظيم,348,528960,1520,2026-09-14
-180502,النظيم,540,621138,1150,2026-09-14
-179581,النظيم,300,435000,1450,2026-09-14
-180481,النظيم,325,422500,1300,2026-09-14
-180463,النظيم,350,507500,1450,2026-09-14
-179913,الدار البيضاء,135,450000,3320,2026-09-13
-179501,الشعلة,630,200000,317,2026-09-13
-179932,الغنامية,466,280000,601,2026-09-13
-180008,طيبة,375,450000,1200,2026-09-13
-180130,طيبة,374,450000,1200,2026-09-13
-180063,طيبة,375,450000,1200,2026-09-13
-180113,طيبة,375,450000,1200,2026-09-13
-180085,طيبة,374,450000,1200,2026-09-13
-180001,طيبة,375,450000,1200,2026-09-13
-180077,طيبة,374,450000,1200,2026-09-13
-180073,طيبة,374,450000,1200,2026-09-13
-180141,طيبة,374,450000,1200,2026-09-13
-180197,طيبة,362,435000,1200,2026-09-13
-179997,طيبة,224,600000,2677,2026-09-13
-180050,طيبة,374,450000,1200,2026-09-13
-180174,طيبة,368,442500,1200,2026-09-13
-180167,طيبة,375,450000,1200,2026-09-13
-180101,طيبة,375,450000,1200,2026-09-13
-180146,طيبة,368,442500,1200,2026-09-13
-180119,طيبة,375,450000,1200,2026-09-13
-180095,طيبة,375,450000,1200,2026-09-13
-180021,طيبة,374,450000,1200,2026-09-13
-180068,طيبة,375,450000,1200,2026-09-13
-180031,طيبة,374,450000,1200,2026-09-13
-180191,طيبة,374,450000,1200,2026-09-13
-180185,طيبة,375,450000,1200,2026-09-13
-180083,طيبة,374,450000,1200,2026-09-13
-180076,الغدير,39,50000,1264,2026-09-13
-180163,القادسية,324,1150000,3540,2026-09-13
-179929,القادسية,305,500000,1636,2026-09-13
-180105,الجنادرية,189,620000,3269,2026-09-13
-180179,الجنادرية,375,637500,1700,2026-09-13
-179986,النرجس,249,960000,3855,2026-09-13
-180016,النرجس,491,4800000,9764,2026-09-13
-179949,النرجس,149,1372000,9178,2026-09-13
-179920,النرجس,75,859000,11326,2026-09-13
-180192,النرجس,420,2352000,5600,2026-09-13
-180154,النور,2705,6223133,2300,2026-09-13
-179624,الشرفية,1148,5166000,4500,2026-09-13
-179622,الشرفية,1537,6918750,4500,2026-09-13
-180194,المعيزيلة,900,2970000,3300,2026-09-13
-180026,ديراب,500,675000,1350,2026-09-13
-180098,السعادة,115,400000,3453,2026-09-13
-180054,الندوة,236,810000,3418,2026-09-13
-179485,الزاهر,997,480000,481,2026-09-13
-179330,ضاحية نمار,2158,1900000,880,2026-09-13
-179508,ضاحية نمار,2025,1528875,755,2026-09-13
-179912,ضاحية نمار,432,1610000,3727,2026-09-13
-179532,عريض,450,370000,822,2026-09-13
-179517,عريض,203,120000,591,2026-09-13
-179570,عريض,405,300000,741,2026-09-13
-179499,ظهرة لبن,750,700000,933,2026-09-13
-179868,ظهرة لبن,336,1460000,4335,2026-09-13
-179978,العارض,372,2237940,6000,2026-09-13
-180102,العارض,435,2022750,4650,2026-09-13
-179884,العوالي,80,370000,4575,2026-09-13
-179872,السلي,300,1050000,3500,2026-09-13
-180003,أحد,702,1544400,2200,2026-09-13
-180091,الرمال,292,1023750,3500,2026-09-13
-180023,الرمال,2252,4392180,1950,2026-09-13
-179661,الرمال,180,850000,4697,2026-09-13
-180164,الرمال,312,968750,3100,2026-09-13
-180182,الرمال,204,700000,3420,2026-09-13
-179899,الرمال,289,1200000,4143,2026-09-13
-180158,الرمال,312,968750,3100,2026-09-13
-180153,الرمال,312,968750,3100,2026-09-13
-180170,الرمال,173,1050000,6067,2026-09-13
-180168,الرمال,312,968750,3100,2026-09-13
-180086,النظيم,1450,1377500,950,2026-09-13
-180089,النظيم,1493,1419063,950,2026-09-13
-180147,النظيم,348,528960,1520,2026-09-13
-179974,النظيم,86,320000,3719,2026-09-13
-179829,الجنادرية,387,542738,1400,2026-09-12
-179831,الجنادرية,387,542738,1400,2026-09-12
-179833,الجنادرية,387,542738,1400,2026-09-12
-179834,الجنادرية,387,542738,1400,2026-09-12
-179807,ضاحية نمار,936,1500000,1603,2026-09-12
-179836,الرمال,1946,6228352,3200,2026-09-12
-179814,النظيم,254,750000,2945,2026-09-12
-179820,النظيم,78,250000,3181,2026-09-12
-179817,النظيم,73,250000,3400,2026-09-12
-179800,المعيزيلة,900,2700000,3000,2026-09-11
-178930,الياسمين,103,1240000,12025,2026-09-10
-179459,الشعلة,763,185000,242,2026-09-10
-179401,الشعلة,645,210000,326,2026-09-10
-178983,طيبة,427,513000,1200,2026-09-10
-178976,طيبة,427,513000,1200,2026-09-10
-178920,طيبة,122,510000,4180,2026-09-10
-179694,طيبة,238,650000,2727,2026-09-10
-178907,طيبة,218,218510,1000,2026-09-10
-178964,الجنادرية,80,580000,7174,2026-09-10
-179649,الجنادرية,234,770000,3289,2026-09-10
-179678,الجنادرية,351,1400000,3982,2026-09-10
-179640,الجنادرية,325,400000,1231,2026-09-10
-178937,الجنادرية,227,650000,2859,2026-09-10
-179727,الجنادرية,355,533700,1500,2026-09-10
-178980,الجنادرية,325,400000,1231,2026-09-10
-179708,المرجان,405,950000,2346,2026-09-10
-178988,النرجس,208,1800000,8615,2026-09-10
-179746,البيان,877,1754000,1999,2026-09-10
-178962,المعيزيلة,900,2340000,2600,2026-09-10
-179734,المعيزيلة,600,2340000,3900,2026-09-10
-178992,المعيزيلة,198,880000,4432,2026-09-10
-178925,الندوة,164,680000,4145,2026-09-10
-178922,الندوة,134,580000,4326,2026-09-10
-178960,ضاحية نمار,878,3478464,3960,2026-09-10
-179458,ضاحية نمار,486,590000,1214,2026-09-10
-178959,ضاحية نمار,522,749481,1436,2026-09-10
-179362,عريض,450,220000,489,2026-09-10
-179338,عريض,403,150000,372,2026-09-10
-179335,عريض,432,355000,822,2026-09-10
-179638,ظهرة لبن,900,3000000,3333,2026-09-10
-178958,ظهرة لبن,157,990000,6302,2026-09-10
-179214,العلا,2145,1250000,583,2026-09-10
-179215,العلا,2145,1250000,583,2026-09-10
-178923,العارض,1573,9438780,6000,2026-09-10
-178924,العارض,1573,9442980,6000,2026-09-10
-178919,العارض,1574,9447180,6000,2026-09-10
-178915,العارض,1575,9451380,6000,2026-09-10
-178931,العارض,1575,9455580,6000,2026-09-10
-178912,العارض,1577,9463920,6000,2026-09-10
-178918,العارض,1578,9468120,6000,2026-09-10
-178913,العارض,1578,9472320,6000,2026-09-10
-178926,العارض,1562,9374520,6000,2026-09-10
-178972,العارض,146,1190000,8141,2026-09-10
-179741,العارض,352,1900800,5400,2026-09-10
-178914,العارض,1731,10387920,6000,2026-09-10
-178921,العارض,1576,9459780,6000,2026-09-10
-178387,بدر,140,504390,3591,2026-09-10
-179710,بدر,209,682000,3256,2026-09-10
-179670,النظيم,900,1350000,1500,2026-09-10
-178933,النظيم,293,1550000,5287,2026-09-10
-179429,النظيم,300,420000,1400,2026-09-10
-179730,النظيم,407,375000,919,2026-09-10
-179770,النظيم,82,300000,3632,2026-09-10
-178865,الدار البيضاء,500,1100000,2200,2026-09-09
-179313,الشعلة,750,220000,293,2026-09-09
-178792,طيبة,218,665000,3050,2026-09-09
-178848,الغدير,41,767500,18333,2026-09-09
-178843,الجنادرية,177,730000,4109,2026-09-09
-178817,الجنادرية,101,566042,5599,2026-09-09
-178771,الجنادرية,229,850000,3700,2026-09-09
-178841,الجنادرية,288,950000,3290,2026-09-09
-178794,الجنادرية,449,719200,1600,2026-09-09
-178847,الجنادرية,228,785000,3437,2026-09-09
-179357,المرجان,299,518965,1730,2026-09-09
-178768,المرجان,300,510000,1700,2026-09-09
-178882,المرجان,295,738750,2500,2026-09-09
-178866,المرجان,300,486000,1620,2026-09-09
-178864,المرجان,300,486000,1620,2026-09-09
-178861,المرجان,300,486000,1620,2026-09-09
-178855,المرجان,900,2205000,2450,2026-09-09
-178764,المرجان,300,480000,1600,2026-09-09
-178826,المرجان,150,750000,4996,2026-09-09
-178777,النرجس,84,1280000,15187,2026-09-09
-178880,النرجس,38,500000,13057,2026-09-09
-178286,النور,2500,6000000,2400,2026-09-09
-178859,الفاروق,460,1588125,3452,2026-09-09
-178890,الفاروق,400,1400000,3500,2026-09-09
-178887,الفاروق,400,1400000,3500,2026-09-09
-178889,الفاروق,400,1400000,3500,2026-09-09
-178892,الفاروق,400,1400000,3500,2026-09-09
-178751,السعادة,182,850000,4670,2026-09-09
-179350,الزاهر,900,320000,356,2026-09-09
-179317,ضاحية نمار,1000,525000,525,2026-09-09
-178787,ضاحية نمار,486,550000,1131,2026-09-09
-178844,ضاحية نمار,486,1100000,2261,2026-09-09
-178786,ضاحية نمار,136,535000,3932,2026-09-09
-179265,ضاحية نمار,900,800000,889,2026-09-09
-179339,عريض,900,585000,650,2026-09-09
-179344,عريض,450,225000,500,2026-09-09
-178862,عريض,400,220000,550,2026-09-09
-178803,عريض,450,400000,889,2026-09-09
-178827,ظهرة لبن,125,750000,5989,2026-09-09
-178820,ظهرة لبن,377,1600000,4238,2026-09-09
-178830,ظهرة لبن,504,2260000,4477,2026-09-09
-179320,العلا,752,210000,279,2026-09-09
-178785,العارض,600,1980000,3300,2026-09-09
-178812,القدس,181,1250000,6895,2026-09-09
-178776,بدر,203,682000,3347,2026-09-09
-178738,بدر,220,800000,3627,2026-09-09
-178804,المصفاة,750,1400000,1867,2026-09-09
-178903,النهضة,750,2000000,2667,2026-09-09
-178818,قرطبة,1965,12382965,6300,2026-09-09
-178886,النظيم,1450,1377500,950,2026-09-09
-178876,النظيم,651,814125,1250,2026-09-09
-178857,النظيم,300,400000,1333,2026-09-09
-178811,النظيم,206,650000,3153,2026-09-09
-178784,النظيم,102,460000,4501,2026-09-09
-178791,النظيم,225,630000,2798,2026-09-09
-178837,النظيم,111,536360,4797,2026-09-09
-178828,النظيم,360,475200,1320,2026-09-09
-178683,الشعلة,763,180000,236,2026-09-08
-179281,الشعلة,750,195000,260,2026-09-08
-178632,طيبة,218,800000,3666,2026-09-08
-178661,الجنادرية,207,640000,3090,2026-09-08
-178701,الجنادرية,171,679950,3954,2026-09-08
-178655,الجنادرية,780,2280000,2923,2026-09-08
-178714,الجنادرية,600,1140000,1900,2026-09-08
-178619,الجنادرية,179,545000,3041,2026-09-08
-179149,النرجس,500,3100000,6200,2026-09-08
-178138,النرجس,276,1518000,5500,2026-09-08
-178137,النرجس,276,1518000,5500,2026-09-08
-178690,العزيزية,1566,2750000,1756,2026-09-08
-177847,المنار,550,7000000,12727,2026-09-08
-178628,الندوة,147,585000,3960,2026-09-08
-178728,الندوة,200,680000,3395,2026-09-08
-179191,الزاهر,900,400000,444,2026-09-08
-178733,الزاهر,864,270000,312,2026-09-08
-179273,الزاهر,900,580000,644,2026-09-08
-178704,ضاحية نمار,600,785000,1308,2026-09-08
-178705,ضاحية نمار,900,1625000,1806,2026-09-08
-178656,ضاحية نمار,493,1545000,3128,2026-09-08
-178668,ضاحية نمار,274,810000,2951,2026-09-08
-178726,عريض,450,300000,667,2026-09-08
-178642,عريض,400,310000,775,2026-09-08
-179243,عريض,405,326000,805,2026-09-08
-178676,العارض,205,1400000,6821,2026-09-08
-178695,بدر,199,700000,3516,2026-09-08
-178723,المصفاة,600,530000,883,2026-09-08
-178706,النهضة,750,2775000,3700,2026-09-08
-179304,النهضة,336,1411200,4200,2026-09-08
-178711,الرمال,2572,4887484,1900,2026-09-08
-178635,الرمال,94,600000,6323,2026-09-08
-178680,النظيم,1450,1377500,950,2026-09-08
-178677,النظيم,1450,1377500,950,2026-09-08
-178664,النظيم,351,526500,1500,2026-09-08
-178626,الوسام,300,690000,2300,2026-09-08
-178685,الوسام,300,585000,1950,2026-09-08
-177762,القادسية,133,789000,5913,2026-09-07
-177833,الجنادرية,360,540000,1500,2026-09-07
-177801,الجنادرية,1994,4487354,2250,2026-09-07
-177812,الجنادرية,360,540000,1500,2026-09-07
-177808,المرجان,540,1080000,2000,2026-09-07
-177811,المرجان,540,1080000,2000,2026-09-07
-177815,المرجان,540,1080000,2000,2026-09-07
-177803,المرجان,300,555000,1850,2026-09-07
-177825,المرجان,540,1080000,2000,2026-09-07
-177785,المرجان,59,430000,7211,2026-09-07
-177750,المرجان,900,2205000,2450,2026-09-07
-177755,المرجان,900,2205000,2450,2026-09-07
-177744,المرجان,900,2205000,2450,2026-09-07
-177767,المرجان,888,2177438,2450,2026-09-07
-177748,المرجان,1892,5109183,2700,2026-09-07
-177826,المرجان,540,1080000,2000,2026-09-07
-177814,المرجان,540,1080000,2000,2026-09-07
-177749,النرجس,435,4900000,11251,2026-09-07
-177835,النرجس,123,1150000,9301,2026-09-07
-177715,النرجس,200,3300000,16500,2026-09-07
-177818,النرجس,753,4894500,6494,2026-09-07
-177810,النرجس,280,3000000,10714,2026-09-07
-177798,النرجس,40,545000,13387,2026-09-07
-179184,الصفاء,179,1280000,7127,2026-09-07
-177759,الصفاء,400,1680000,4200,2026-09-07
-177760,الصفاء,400,1680000,4200,2026-09-07
-177823,السعادة,139,600000,4292,2026-09-07
-177738,الندوة,301,1000000,3320,2026-09-07
-177740,الندوة,109,400000,3642,2026-09-07
-177800,الندوة,295,709200,2400,2026-09-07
-178602,ضاحية نمار,444,455000,1025,2026-09-07
-179208,ضاحية نمار,900,1110000,1233,2026-09-07
-179239,ضاحية نمار,828,800000,966,2026-09-07
-179242,عريض,225,180000,800,2026-09-07
-179246,عريض,450,360000,800,2026-09-07
-177796,عريض,450,350000,778,2026-09-07
-178584,عريض,500,860000,1720,2026-09-07
-179203,عريض,450,250000,556,2026-09-07
-179244,عريض,400,210000,525,2026-09-07
-179196,عريض,488,1000000,2049,2026-09-07
-177821,ظهرة لبن,179,900000,5027,2026-09-07
-178600,العلا,768,260000,339,2026-09-07
-178440,العارض,600,1590000,2650,2026-09-07
-177763,العارض,910,4972000,5464,2026-09-07
-177721,العوالي,137,580000,4219,2026-09-07
-177807,العوالي,466,1376470,2950,2026-09-07
-177774,النزهة,140,1300000,9251,2026-09-07
-177751,بدر,2000,1200000,600,2026-09-07
-177716,بدر,197,680000,3448,2026-09-07
-178424,الحائر,505,260000,514,2026-09-07
-177822,المصفاة,599,100000,167,2026-09-07
-177830,النهضة,249,1450000,5800,2026-09-07
-177780,الرمال,2274,11827712,5200,2026-09-07
-177743,قرطبة,29,196667,6756,2026-09-07
-177737,قرطبة,211,1900000,8981,2026-09-07
-177746,النظيم,144,500000,3457,2026-09-07
-177734,النظيم,88,410000,4646,2026-09-07
-177761,النظيم,1500,2025000,1350,2026-09-07
-177718,النظيم,80,340000,4230,2026-09-07
-177816,النظيم,312,436800,1400,2026-09-07
-177725,النظيم,95,250000,2622,2026-09-07
-177805,النظيم,360,475200,1320,2026-09-07
-177735,النظيم,92,459484,4979,2026-09-07
-177693,شبرا,75,390000,5166,2026-09-06
-177650,شبرا,137,540000,3922,2026-09-06
-178575,الشعلة,750,180000,240,2026-09-06
-178525,الشعلة,750,190000,253,2026-09-06
-177540,طيبة,3000,6600000,2200,2026-09-06
-177702,القادسية,144,860000,5941,2026-09-06
-177699,القادسية,150,860000,5715,2026-09-06
-177687,الجنادرية,229,500000,2177,2026-09-06
-178557,الجنادرية,360,350000,972,2026-09-06
-177571,الجنادرية,360,540000,1500,2026-09-06
-177666,الجنادرية,300,450000,1500,2026-09-06
-177565,الجنادرية,360,540000,1500,2026-09-06
-177563,الجنادرية,360,540000,1500,2026-09-06
-177573,الجنادرية,360,540000,1500,2026-09-06
-177649,المرجان,300,465000,1550,2026-09-06
-177651,المرجان,300,465000,1550,2026-09-06
-177653,المرجان,300,465000,1550,2026-09-06
-177654,المرجان,300,465000,1550,2026-09-06
-177543,المرجان,264,400000,1515,2026-09-06
-177514,المرجان,900,2205000,2450,2026-09-06
-177680,المرجان,300,540000,1800,2026-09-06
-177557,النرجس,275,4100000,14882,2026-09-06
-177669,النرجس,200,3550000,17750,2026-09-06
-177656,جرير,495,1972488,3980,2026-09-06
-177602,العزيزية,697,1956189,2806,2026-09-06
-177703,المعيزيلة,900,2340000,2600,2026-09-06
-177700,المعيزيلة,900,2340000,2600,2026-09-06
-177584,المعيزيلة,147,600000,4055,2026-09-06
-177705,المعيزيلة,900,2340000,2600,2026-09-06
-177681,الصفاء,312,890625,2850,2026-09-06
-177580,الصفاء,100,1160000,11588,2026-09-06
-178537,ديراب,900,1339500,1488,2026-09-06
-177564,الندوة,149,710000,4740,2026-09-06
-177575,الندوة,129,502000,3887,2026-09-06
-178531,الزاهر,840,340000,405,2026-09-06
-178526,ضاحية نمار,322,350000,1087,2026-09-06
-177652,ضاحية نمار,908,1700000,1872,2026-09-06
-177581,ضاحية نمار,936,1370000,1464,2026-09-06
-178583,ضاحية نمار,375,500000,1333,2026-09-06
-178444,ضاحية نمار,750,750000,1000,2026-09-06
-177585,ضاحية نمار,191,734529,3836,2026-09-06
-178555,عريض,226,210000,926,2026-09-06
-178522,عريض,400,210000,525,2026-09-06
-177678,عريض,450,370000,822,2026-09-06
-178478,عريض,450,360000,800,2026-09-06
-177547,ظهرة لبن,900,2800000,3111,2026-09-06
-177530,ظهرة لبن,900,3400000,3778,2026-09-06
-178546,العلا,810,270000,333,2026-09-06
-177588,الوادي,115,1280000,11101,2026-09-06
-177686,العارض,690,4140000,6000,2026-09-06
-177622,العارض,128,1141400,8867,2026-09-06
-177704,القدس,90,1250000,13887,2026-09-06
-177561,بدر,215,580000,2696,2026-09-06
-177604,بدر,156,736999,4718,2026-09-06
-177626,بدر,290,850000,2925,2026-09-06
-177628,بدر,212,600000,2819,2026-09-06
-178551,المصفاة,595,600000,1008,2026-09-06
-177537,المصفاة,1600,2880000,1800,2026-09-06
-178523,المصفاة,599,1100000,1834,2026-09-06
-177574,النهضة,122,680000,5570,2026-09-06
-177661,الرمال,332,2000000,6022,2026-09-06
-177556,الرمال,395,2000000,5061,2026-09-06
-177642,الرمال,3573,11792187,3300,2026-09-06
-177598,العريجاء الغربي,400,1080000,2700,2026-09-06
-177613,النظيم,165,600000,3634,2026-09-06
-177591,النظيم,360,1815000,5042,2026-09-06
-177551,النظيم,750,1890000,2520,2026-09-06
-178586,النظيم,96,340000,3535,2026-09-06
-177590,النظيم,348,950000,2730,2026-09-06
-177527,النرجس,169,1150000,6771,2026-09-05
-177088,الحائر,588,180000,306,2026-09-05
-177528,الحائر,588,180000,306,2026-09-05
-177529,المصفاة,3488,4186212,1200,2026-09-05
-177524,الرمال,153,400000,2613,2026-09-05
-177523,الرمال,85,300000,3510,2026-09-05
-177525,الرمال,156,400000,2553,2026-09-05
-176930,العزيزية,957,2873955,3000,2026-09-04
-176927,السعادة,165,610000,3685,2026-09-04
-176928,السعادة,161,610000,3768,2026-09-04
-176926,الرمال,264,950000,3593,2026-09-04
-178456,الشعلة,750,220000,293,2026-09-03
-178469,الشعلة,750,200000,267,2026-09-03
-176794,الغنامية,400,200000,500,2026-09-03
-176798,طيبة,3000,5100000,1700,2026-09-03
-176837,طيبة,230,905000,3935,2026-09-03
-176787,طيبة,85,390000,4546,2026-09-03
-176823,الملك فيصل,214,1250000,5826,2026-09-03
-176896,الجنادرية,177,440000,2476,2026-09-03
-176893,الجنادرية,213,850000,3974,2026-09-03
-176901,المرجان,369,634680,1720,2026-09-03
-176806,المرجان,1490,4246500,2850,2026-09-03
-177508,المرجان,292,380588,1300,2026-09-03
-176910,النرجس,1600,14240000,8900,2026-09-03
-176458,النرجس,1316,9875400,7500,2026-09-03
-176864,الفاروق,202,1250000,6180,2026-09-03
-176924,السعادة,97,600000,6145,2026-09-03
-176768,السعادة,375,1000000,2667,2026-09-03
-176898,الندوة,151,497000,3279,2026-09-03
-178471,الزاهر,930,300000,323,2026-09-03
-176909,ضاحية نمار,460,700000,1522,2026-09-03
-176829,ضاحية نمار,375,1550000,4133,2026-09-03
-176835,ضاحية نمار,390,429000,1100,2026-09-03
-178506,عريض,400,170000,425,2026-09-03
-177510,عريض,400,220000,550,2026-09-03
-176847,عريض,900,700000,778,2026-09-03
-178473,عريض,926,300000,324,2026-09-03
-176912,عريض,500,430000,860,2026-09-03
-176773,ظهرة لبن,157,740000,4700,2026-09-03
-176857,العارض,445,2583900,5800,2026-09-03
-176860,العارض,350,2030000,5800,2026-09-03
-176862,العارض,350,2030000,5800,2026-09-03
-176839,العارض,350,2030000,5800,2026-09-03
-176843,العارض,350,2030000,5800,2026-09-03
-176844,العارض,350,2030000,5800,2026-09-03
-176849,العارض,350,2030000,5800,2026-09-03
-176853,العارض,350,2030000,5800,2026-09-03
-176855,العارض,400,2320000,5800,2026-09-03
-178439,العارض,600,1590000,2650,2026-09-03
-178441,العارض,600,1590000,2650,2026-09-03
-176797,العارض,79,1180000,14905,2026-09-03
-176836,العارض,193,1400000,7242,2026-09-03
-176865,العارض,350,2030000,5800,2026-09-03
-176868,العارض,350,2030000,5800,2026-09-03
-176801,المونسية,169,1350000,7969,2026-09-03
-176906,الحائر,295,10000,34,2026-09-03
-176827,المصفاة,599,600000,1000,2026-09-03
-176821,الرمال,3983,15534597,3900,2026-09-03
-176816,الرمال,3996,15586350,3900,2026-09-03
-176778,العريجاء الغربي,180,700000,3882,2026-09-03
-176852,النظيم,80,250000,3087,2026-09-03
-178463,النظيم,300,420000,1400,2026-09-03
-178491,النظيم,300,300000,1000,2026-09-03
-177439,الشعلة,615,220000,358,2026-09-02
-178445,الشعلة,780,170000,218,2026-09-02
-178453,الشعلة,750,220000,293,2026-09-02
-176650,الجنادرية,195,700000,3588,2026-09-02
-176649,الجنادرية,204,640000,3124,2026-09-02
-177453,المرجان,300,525000,1750,2026-09-02
-177451,المرجان,300,525000,1750,2026-09-02
-177452,المرجان,300,525000,1750,2026-09-02
-178443,النسيم الشرقي,700,2900000,4143,2026-09-02
-176753,النرجس,169,950000,5590,2026-09-02
-176691,الفاروق,91,645000,7012,2026-09-02
-177503,المعيزيلة,209,1200000,5719,2026-09-02
-176470,الصفاء,74,645000,8625,2026-09-02
-176678,السعادة,113,690000,6088,2026-09-02
-176671,الندوة,183,760000,4152,2026-09-02
-176643,الندوة,288,1650000,5729,2026-09-02
-176660,الندوة,81,548800,6724,2026-09-02
-176679,ضاحية نمار,2133,1750000,820,2026-09-02
-176608,ضاحية نمار,874,1050000,1200,2026-09-02
-178449,عريض,432,340000,787,2026-09-02
-177489,عريض,400,200000,499,2026-09-02
-177455,عريض,400,305000,762,2026-09-02
-177483,عريض,450,370000,822,2026-09-02
-176746,عريض,400,200000,500,2026-09-02
-177487,عريض,309,190000,614,2026-09-02
-177052,عريض,453,225000,496,2026-09-02
-176623,ظهرة لبن,134,650000,4822,2026-09-02
-176714,العلا,840,250000,298,2026-09-02
-176635,العلا,900,250000,278,2026-09-02
-176723,العارض,494,2471900,5000,2026-09-02
-176726,العارض,494,2471900,5000,2026-09-02
-176729,العارض,494,2570776,5200,2026-09-02
-176730,العارض,494,2570776,5200,2026-09-02
-176733,العارض,500,2600000,5200,2026-09-02
-176734,العارض,500,2600000,5200,2026-09-02
-176736,العارض,532,2766556,5200,2026-09-02
-176737,العارض,539,2807844,5200,2026-09-02
-176681,اليرموك,420,2400000,5712,2026-09-02
-176674,اليرموك,75,855000,11335,2026-09-02
-177422,بدر,118,362000,3061,2026-09-02
-176612,بدر,223,786500,3524,2026-09-02
-176702,النهضة,145,550000,3779,2026-09-02
-176688,السحاب,300,480000,1600,2026-09-02
-176644,الرمال,180,1200000,6631,2026-09-02
-176724,الرمال,580,1600000,2759,2026-09-02
-176740,الرمال,312,1339375,4286,2026-09-02
-176646,الرمال,312,1187500,3800,2026-09-02
-176754,الرمال,346,1565000,4512,2026-09-02
-176694,العريجاء الغربي,438,1053120,2400,2026-09-02
-176697,العريجاء الغربي,438,1053120,2400,2026-09-02
-176750,النظيم,300,430000,1433,2026-09-02
-177498,النظيم,392,490000,1250,2026-09-02
-176658,النظيم,348,400000,1149,2026-09-02
-176666,النظيم,330,1400000,4242,2026-09-02
-176648,النظيم,211,600000,2839,2026-09-02
-176687,الوسام,177,700000,3949,2026-09-02
-177470,شبرا,181,750000,4141,2026-09-01
-177428,الشعلة,989,190000,192,2026-09-01
-176531,طيبة,397,477000,1200,2026-09-01
-176490,طيبة,201,570000,2825,2026-09-01
-176515,طيبة,374,375000,1000,2026-09-01
-176512,طيبة,375,375000,1000,2026-09-01
-176535,طيبة,397,477000,1200,2026-09-01
-176537,طيبة,397,477000,1200,2026-09-01
-176503,طيبة,374,375000,1000,2026-09-01
-176603,طيبة,91,322000,3517,2026-09-01
-176533,طيبة,375,300000,800,2026-09-01
-176542,طيبة,374,300000,800,2026-09-01
-176468,القادسية,2000,5000000,2500,2026-09-01
-176562,الجنادرية,207,650000,3139,2026-09-01
-176481,الجنادرية,226,660000,2914,2026-09-01
-176522,الجنادرية,211,725000,3429,2026-09-01
-176495,الجنادرية,225,660000,2922,2026-09-01
-176552,المرجان,900,2205000,2450,2026-09-01
-176547,المرجان,900,2205000,2450,2026-09-01
-176576,المرجان,900,2205000,2450,2026-09-01
-176549,المرجان,719,1942623,2700,2026-09-01
-176597,المرجان,900,2205000,2450,2026-09-01
-176560,المرجان,900,2205000,2450,2026-09-01
-176529,النرجس,105,1530000,14493,2026-09-01
-176605,المعيزيلة,762,2288250,3000,2026-09-01
-176073,المنار,1750,2800000,1600,2026-09-01
-176069,المنار,1750,2800000,1600,2026-09-01
-176602,الندوة,85,480000,5621,2026-09-01
-176473,ضاحية نمار,750,950020,1267,2026-09-01
-177454,ظهرة لبن,112,590000,5226,2026-09-01
-176570,ظهرة لبن,143,800000,5593,2026-09-01
-176563,العلا,765,280000,366,2026-09-01
-176536,العارض,133,1061100,7964,2026-09-01
-177456,العارض,600,1590000,2650,2026-09-01
-177457,العارض,600,1590000,2650,2026-09-01
-176584,العارض,128,930000,7264,2026-09-01
-176474,العارض,128,930000,7264,2026-09-01
-176491,المصيف,244,1980000,8088,2026-09-01
-176530,بدر,209,530000,2533,2026-09-01
-176486,المصفاة,599,1000000,1667,2026-09-01
-176555,الرمال,600,2040000,3400,2026-09-01
-176568,الرمال,600,2040000,3400,2026-09-01
-176578,الرمال,600,2040000,3400,2026-09-01
-176586,الرمال,600,2040000,3400,2026-09-01
-176593,الرمال,600,2040000,3400,2026-09-01
-176589,الرمال,600,2040000,3400,2026-09-01
-176587,الرمال,600,2040000,3400,2026-09-01
-176585,الرمال,600,2040000,3400,2026-09-01
-176577,الرمال,600,2040000,3400,2026-09-01
-176571,الرمال,815,2771612,3400,2026-09-01
-176600,الرمال,265,1160000,4368,2026-09-01
-176559,الرمال,600,2040000,3400,2026-09-01
-181674,الرمال,300,900000,3000,2026-09-01
-181677,الرمال,300,900000,3000,2026-09-01
-181673,الرمال,300,900000,3000,2026-09-01
-181675,الرمال,300,900000,3000,2026-09-01
-176575,الرمال,808,2749070,3400,2026-09-01
-181676,الرمال,300,900000,3000,2026-09-01
-177449,النظيم,336,504000,1500,2026-09-01
-176591,النظيم,1493,1419063,950,2026-09-01
-174843,طيبة,375,450000,1200,2026-08-30
-175070,طيبة,407,450000,1105,2026-08-30
-175063,الجنادرية,600,1140000,1900,2026-08-30
-175062,الجنادرية,360,684000,1900,2026-08-30
-174963,الجنادرية,349,1429000,4093,2026-08-30
-174922,الجنادرية,226,650000,2870,2026-08-30
-170668,المرجان,300,540000,1800,2026-08-30
-175037,المرجان,300,450000,1500,2026-08-30
-175069,النرجس,812,6256250,7700,2026-08-30
-174892,النرجس,577,4332450,7500,2026-08-30
-174893,النرجس,457,3434025,7500,2026-08-30
-174894,النرجس,337,2531250,7500,2026-08-30
-174895,النرجس,337,2531250,7500,2026-08-30
-174896,النرجس,337,2531250,7500,2026-08-30
-174898,النرجس,337,2531250,7500,2026-08-30
-174899,النرجس,337,2531250,7500,2026-08-30
-174900,النرجس,337,2531250,7500,2026-08-30
-174901,النرجس,337,2531250,7500,2026-08-30
-174902,النرجس,337,2531250,7500,2026-08-30
-174903,النرجس,337,2531250,7500,2026-08-30
-174905,النرجس,337,2531250,7500,2026-08-30
-174906,النرجس,337,2531250,7500,2026-08-30
-174907,النرجس,337,2531250,7500,2026-08-30
-174908,النرجس,339,2548950,7500,2026-08-30
-174909,النرجس,339,2548950,7500,2026-08-30
-174936,النرجس,217,2490000,11433,2026-08-30
-175042,العزيزية,400,1000000,2500,2026-08-30
-174956,المعيزيلة,337,1181250,3500,2026-08-30
-174940,المعيزيلة,338,1166100,3450,2026-08-30
-174950,المعيزيلة,383,1323075,3450,2026-08-30
-174945,المعيزيلة,338,1166100,3450,2026-08-30
-174911,المعيزيلة,80,560000,6981,2026-08-30
-174960,الصفاء,480,2376000,4950,2026-08-30
-174946,الندوة,142,700000,4916,2026-08-30
-175056,ضاحية نمار,820,755000,920,2026-08-30
-175014,ضاحية نمار,1050,1323000,1260,2026-08-30
-175032,ضاحية نمار,427,480000,1123,2026-08-30
-175009,ضاحية نمار,2060,1648080,800,2026-08-30
-175012,ضاحية نمار,2060,1648080,800,2026-08-30
-174793,ضاحية نمار,75,486275,6430,2026-08-30
-175010,ضاحية نمار,168,737000,4364,2026-08-30
-174973,ضاحية نمار,240,775000,3220,2026-08-30
-175067,عريض,450,215000,478,2026-08-30
-175039,عريض,625,600000,960,2026-08-30
-175029,عريض,494,255000,516,2026-08-30
-175008,ظهرة لبن,115,550000,4778,2026-08-30
-175101,ظهرة لبن,124,800000,6450,2026-08-30
-175075,ظهرة لبن,120,800000,6665,2026-08-30
-175100,ظهرة لبن,124,800000,6452,2026-08-30
-175080,ظهرة لبن,123,800000,6480,2026-08-30
-175102,ظهرة لبن,122,800000,6534,2026-08-30
-175078,ظهرة لبن,124,800000,6450,2026-08-30
-175104,ظهرة لبن,124,800000,6450,2026-08-30
-175105,ظهرة لبن,124,800000,6452,2026-08-30
-175108,ظهرة لبن,124,800000,6450,2026-08-30
-175111,ظهرة لبن,120,800000,6666,2026-08-30
-175106,ظهرة لبن,122,800000,6534,2026-08-30
-175092,ظهرة لبن,124,800000,6452,2026-08-30
-175085,ظهرة لبن,124,800000,6450,2026-08-30
-175098,ظهرة لبن,123,800000,6482,2026-08-30
-175087,ظهرة لبن,123,800000,6480,2026-08-30
-175099,ظهرة لبن,123,800000,6481,2026-08-30
-175094,ظهرة لبن,124,800000,6450,2026-08-30
-175083,ظهرة لبن,123,800000,6482,2026-08-30
-175089,ظهرة لبن,123,800000,6482,2026-08-30
-175086,ظهرة لبن,118,800000,6738,2026-08-30
-175093,العارض,596,2149164,3600,2026-08-30
-175088,العارض,605,2179116,3600,2026-08-30
-174998,العوالي,271,1120000,4124,2026-08-30
-175045,السلي,2400,4800000,2000,2026-08-30
-174983,بدر,217,950000,4365,2026-08-30
-174977,بدر,208,671000,3211,2026-08-30
-175030,بدر,157,250000,1592,2026-08-30
-175031,بدر,83,400000,4803,2026-08-30
-174999,الحائر,225,150000,667,2026-08-30
-175097,المصفاة,599,560000,933,2026-08-30
-175065,المصفاة,599,500000,833,2026-08-30
-174939,السحاب,300,450000,1500,2026-08-30
-175051,الرمال,84,500000,5896,2026-08-30
-175066,الرمال,133,500000,3748,2026-08-30
-174985,الرمال,133,722300,5396,2026-08-30
-174968,الرمال,312,1187500,3800,2026-08-30
-175058,النظيم,1450,1377500,950,2026-08-30
-175044,النظيم,80,335000,4154,2026-08-30
-175046,النظيم,360,522000,1450,2026-08-30
-174877,ظهرة لبن,115,660000,5707,2026-08-29
-174879,ظهرة لبن,115,660000,5707,2026-08-29
-174872,بدر,750,500000,667,2026-08-28
-174756,طيبة,350,420000,1200,2026-08-27
-174841,طيبة,374,450000,1200,2026-08-27
-174764,طيبة,227,600000,2638,2026-08-27
-174842,طيبة,374,450000,1200,2026-08-27
-174797,طيبة,375,450000,1200,2026-08-27
-174733,القادسية,212,1100000,5166,2026-08-27
-174750,الجنادرية,344,1000000,2904,2026-08-27
-174795,الجنادرية,124,591000,4743,2026-08-27
-174788,الجنادرية,300,450000,1500,2026-08-27
-174839,المرجان,299,525000,1750,2026-08-27
-174784,المرجان,86,717000,8317,2026-08-27
-174820,النرجس,399,6200000,15504,2026-08-27
-174739,النرجس,149,1376000,9205,2026-08-27
-174777,البيان,900,1800000,2000,2026-08-27
-174773,البيان,900,1800000,2000,2026-08-27
-174825,البيان,320,1314000,4099,2026-08-27
-174719,الفاروق,14,58960,4000,2026-08-27
-174866,الفاروق,1200,4200000,3500,2026-08-27
-174724,الصفاء,312,921875,2950,2026-08-27
-174723,الصفاء,312,921875,2950,2026-08-27
-174760,السعادة,336,2000000,5952,2026-08-27
-174746,السعادة,180,700000,3880,2026-08-27
-174755,الندوة,166,827560,4964,2026-08-27
-174761,الندوة,151,607308,4007,2026-08-27
-174837,ضاحية نمار,864,970000,1123,2026-08-27
-174845,عريض,450,420000,933,2026-08-27
-174772,ظهرة لبن,1239,4958080,4000,2026-08-27
-174767,ظهرة لبن,1224,4898320,4000,2026-08-27
-174757,ظهرة لبن,1209,4838560,4000,2026-08-27
-174725,العارض,600,1800000,3000,2026-08-27
-174771,اليرموك,393,2100000,5334,2026-08-27
-174807,النهضة,125,500000,4000,2026-08-27
-174864,النهضة,103,600000,5780,2026-08-27
-174840,الرمال,720,3000000,4167,2026-08-27
-174824,الرمال,1293,3612000,2792,2026-08-27
-174831,النظيم,1443,1371563,950,2026-08-27
-174835,النظيم,1443,1371563,950,2026-08-27
-174798,النظيم,152,475000,3123,2026-08-27
-174832,النظيم,421,463507,1100,2026-08-27
-174847,الوسام,300,540000,1800,2026-08-27
-174629,الياسمين,360,2248000,6244,2026-08-26
-174654,الشعلة,645,250000,388,2026-08-26
-174534,طيبة,95,300000,3139,2026-08-26
-174625,طيبة,174,400000,2288,2026-08-26
-174647,طيبة,222,660000,2961,2026-08-26
-174674,الجنادرية,360,720000,2000,2026-08-26
-174701,الجنادرية,600,900000,1500,2026-08-26
-174699,الجنادرية,600,900000,1500,2026-08-26
-174421,النرجس,207,1500000,7225,2026-08-26
-174581,النرجس,303,4250000,13983,2026-08-26
-174595,النرجس,216,2450000,11343,2026-08-26
-174711,الفاروق,107,525000,4879,2026-08-26
-174583,المعيزيلة,198,764987,3859,2026-08-26
-174620,المعيزيلة,162,700000,4302,2026-08-26
-174540,المعيزيلة,183,900000,4918,2026-08-26
-174561,الملقا,1508,14741187,9771,2026-08-26
-174562,الملقا,1435,14022103,9772,2026-08-26
-174568,الملقا,1400,13680100,9772,2026-08-26
-174642,ديراب,750,1350000,1800,2026-08-26
-174696,السعادة,119,680000,5672,2026-08-26
-174592,السعادة,133,984073,7376,2026-08-26
-174656,الندوة,162,715000,4402,2026-08-26
-174588,الزاهر,900,435000,483,2026-08-26
-174697,ضاحية نمار,864,2800000,3241,2026-08-26
-174661,ضاحية نمار,2025,1850000,914,2026-08-26
-174641,ضاحية نمار,246,690000,2802,2026-08-26
-171949,عريض,400,1000,2,2026-08-26
-174710,ظهرة لبن,900,2646000,2940,2026-08-26
-174676,ظهرة لبن,1466,3225200,2200,2026-08-26
-174569,العارض,95,860268,9026,2026-08-26
-174679,العوالي,1050,3780000,3600,2026-08-26
-174682,العوالي,1050,3780000,3600,2026-08-26
-174685,العوالي,900,3240000,3600,2026-08-26
-174689,العوالي,900,3240000,3600,2026-08-26
-174663,العوالي,360,1560000,4325,2026-08-26
-174632,بدر,236,681000,2882,2026-08-26
-174610,بدر,202,520000,2567,2026-08-26
-174542,بدر,243,935924,3840,2026-08-26
-174587,النهضة,336,1411000,4199,2026-08-26
-174558,الرمال,276,1800000,6522,2026-08-26
-174706,الرمال,133,545000,4086,2026-08-26
-174567,النظيم,190,849000,4453,2026-08-26
-174593,النظيم,227,800000,3511,2026-08-26
-174690,النظيم,300,405000,1350,2026-08-26
-174683,النظيم,309,417973,1350,2026-08-26
-174681,النظيم,309,417973,1350,2026-08-26
-174687,النظيم,970,1310715,1350,2026-08-26
-171948,النظيم,217,200000,920,2026-08-26
-171946,النظيم,218,955000,4373,2026-08-26
-171947,النظيم,111,200000,1795,2026-08-26
-174678,النظيم,75,350000,4648,2026-08-26
-174608,الوسام,300,540000,1800,2026-08-26
-174668,الوسام,300,200000,667,2026-08-26
-171923,الشعلة,600,200000,333,2026-08-25
-174470,طيبة,375,450000,1200,2026-08-25
-174452,طيبة,375,450000,1200,2026-08-25
-174462,طيبة,375,450000,1200,2026-08-25
-174445,طيبة,374,450000,1200,2026-08-25
-174479,طيبة,375,375000,1000,2026-08-25
-174480,طيبة,375,375000,1000,2026-08-25
-174459,طيبة,487,585000,1200,2026-08-25
-174469,طيبة,375,450000,1200,2026-08-25
-174450,طيبة,375,450000,1200,2026-08-25
-174471,طيبة,374,450000,1200,2026-08-25
-174481,طيبة,375,375000,1000,2026-08-25
-174425,الجنادرية,185,730000,3927,2026-08-25
-174492,الجنادرية,178,500000,2803,2026-08-25
-174447,المرجان,229,600000,2614,2026-08-25
-170733,المرجان,325,700000,2154,2026-08-25
-170189,النرجس,272,1499025,5500,2026-08-25
-174521,النرجس,111,1177540,10534,2026-08-25
-174468,النرجس,165,1180000,7130,2026-08-25
-174423,النرجس,88,1090000,12268,2026-08-25
-174488,النرجس,208,1750000,8376,2026-08-25
-174429,البيان,79,550000,6878,2026-08-25
-174511,البيان,73,400000,5464,2026-08-25
-174463,الفاروق,305,1460000,4781,2026-08-25
-174410,المعيزيلة,107,569132,5279,2026-08-25
-174427,الصفاء,75,593000,7879,2026-08-25
-174478,السعادة,164,400000,2429,2026-08-25
-174517,الزاهر,2090,850000,407,2026-08-25
-171919,ضاحية نمار,936,2000000,2137,2026-08-25
-171918,عريض,450,395000,878,2026-08-25
-171910,العلا,755,260000,344,2026-08-25
-171820,العلا,1750,800000,457,2026-08-25
-174520,العارض,810,3272400,4040,2026-08-25
-174522,العارض,810,3272400,4040,2026-08-25
-174514,العارض,810,3272400,4040,2026-08-25
-174528,العارض,780,3822000,4900,2026-08-25
-174407,العارض,311,2100000,6731,2026-08-25
-174435,العارض,396,2178000,5500,2026-08-25
-174441,العوالي,939,2067956,2200,2026-08-25
-170097,السلي,759,2560000,3372,2026-08-25
-174404,بدر,199,496147,2485,2026-08-25
-174464,بدر,168,589981,3509,2026-08-25
-174525,المصفاة,599,620000,1034,2026-08-25
-174504,الرمال,59,400000,6729,2026-08-25
-174500,الرمال,140,950000,6740,2026-08-25
-174497,الرمال,191,1000000,5222,2026-08-25
-174412,النظيم,171,510000,2968,2026-08-25
-174461,النظيم,360,1264000,3511,2026-08-25
-174449,النظيم,148,612385,4114,2026-08-25
-174420,النظيم,218,635000,2909,2026-08-25
-171914,النظيم,348,435000,1250,2026-08-25
-174491,الوسام,300,600000,2000,2026-08-25
-174426,الوسام,300,585000,1950,2026-08-25
-171907,الشعلة,750,210000,280,2026-08-24
-174320,طيبة,350,420000,1200,2026-08-24
-174322,طيبة,441,530244,1200,2026-08-24
-174368,طيبة,115,365000,3158,2026-08-24
-174284,طيبة,91,519156,5674,2026-08-24
-174278,طيبة,232,873000,3752,2026-08-24
-174358,الغدير,41,700000,16699,2026-08-24
-174233,الجنادرية,204,660000,3222,2026-08-24
-174242,الجنادرية,180,840000,4645,2026-08-24
-174257,الجنادرية,89,673000,7500,2026-08-24
-171779,المرجان,337,590625,1750,2026-08-24
-170052,النرجس,315,1701000,5400,2026-08-24
-174302,أم الحمام الغربي,500,2500000,5000,2026-08-24
-174306,أم الحمام الغربي,500,2500000,5000,2026-08-24
-174309,أم الحمام الغربي,512,2562500,5000,2026-08-24
-174296,أم الحمام الغربي,512,2562500,5000,2026-08-24
-174293,أم الحمام الغربي,500,2500000,5000,2026-08-24
-174299,أم الحمام الغربي,500,2500000,5000,2026-08-24
-174270,البيان,135,400000,2961,2026-08-24
-174279,المعيزيلة,164,715000,4338,2026-08-24
-174327,السعادة,161,500000,3099,2026-08-24
-174337,الندوة,67,400000,5952,2026-08-24
-171897,الزاهر,468,280000,598,2026-08-24
-174317,ضاحية نمار,816,950000,1164,2026-08-24
-174251,ظهرة لبن,132,765000,5787,2026-08-24
-174238,ظهرة لبن,186,1115000,5969,2026-08-24
-174261,ظهرة لبن,128,690000,5376,2026-08-24
-174297,العارض,445,2762100,6200,2026-08-24
-174301,العارض,350,2135000,6100,2026-08-24
-174304,العارض,350,2135000,6100,2026-08-24
-174351,العارض,420,4626720,11016,2026-08-24
-174232,العارض,117,874650,7420,2026-08-24
-174222,العارض,616,5300000,8604,2026-08-24
-174298,العارض,1892,7570920,4000,2026-08-24
-174246,العارض,368,2150000,5836,2026-08-24
-174352,العارض,352,1513000,4298,2026-08-24
-174318,العارض,352,1513000,4298,2026-08-24
-174354,العارض,448,2952387,6590,2026-08-24
-174218,السلي,300,835000,2783,2026-08-24
-174245,المونسية,384,2900000,7552,2026-08-24
-174275,بدر,221,720000,3256,2026-08-24
-174226,الرمال,312,1437500,4600,2026-08-24
-174294,النظيم,900,2700000,3000,2026-08-24
-174308,النظيم,1450,1377500,950,2026-08-24
-174340,النظيم,1425,1496250,1050,2026-08-24
-174334,النظيم,1469,1616175,1100,2026-08-24
-174312,النظيم,1500,1425000,950,2026-08-24
-171883,النظيم,300,435000,1450,2026-08-24
-174349,النظيم,104,375000,3583,2026-08-24
-174372,الوسام,300,570000,1900,2026-08-24
-171803,الشعلة,747,210000,281,2026-08-23
-171843,الشعلة,700,200000,286,2026-08-23
-174097,طيبة,397,516750,1300,2026-08-23
-174095,طيبة,397,516750,1300,2026-08-23
-174118,طيبة,166,619469,3720,2026-08-23
-174141,الجنادرية,210,580000,2757,2026-08-23
-174091,الجنادرية,262,646580,2466,2026-08-23
-174187,الجنادرية,381,595000,1558,2026-08-23
-174107,الجنادرية,93,470000,5018,2026-08-23
-171841,الجنادرية,238,970000,4074,2026-08-23
-171857,المرجان,100,370000,3684,2026-08-23
-174162,النرجس,170,1429000,8384,2026-08-23
-174197,النرجس,112,1209000,10724,2026-08-23
-174096,النرجس,1225,10990000,8971,2026-08-23
-174127,النرجس,285,2700000,9449,2026-08-23
-174155,أم الحمام الغربي,19710,118263174,6000,2026-08-23
-174185,الفاروق,321,1720000,5350,2026-08-23
-171807,الزاهر,864,292000,338,2026-08-23
-171790,الزاهر,900,292000,324,2026-08-23
-174132,ضاحية نمار,2376,2000000,842,2026-08-23
-174083,ضاحية نمار,889,800000,900,2026-08-23
-171814,ضاحية نمار,838,720000,859,2026-08-23
-174085,ضاحية نمار,208,500000,2398,2026-08-23
-171699,ضاحية نمار,915,2300000,2514,2026-08-23
-174186,عريض,500,450000,900,2026-08-23
-171786,عريض,450,300000,667,2026-08-23
-171817,عريض,400,190000,475,2026-08-23
-174113,ظهرة لبن,930,3000000,3226,2026-08-23
-174120,العارض,155,900000,5792,2026-08-23
-174076,العارض,625,3560000,5696,2026-08-23
-174074,العارض,625,3460000,5536,2026-08-23
-174072,العارض,625,3250000,5200,2026-08-23
-174090,العوالي,241,1000000,4134,2026-08-23
-174195,النزهة,116,1350000,11585,2026-08-23
-169891,بدر,593,813000,1370,2026-08-23
-174138,بدر,134,450000,3339,2026-08-23
-174153,بدر,258,897000,3464,2026-08-23
-174158,بدر,211,550000,2597,2026-08-23
-171864,المصفاة,400,850000,2125,2026-08-23
-174071,المصفاة,599,1225000,2042,2026-08-23
-174177,النهضة,336,1579200,4700,2026-08-23
-174152,الرمال,312,1187500,3800,2026-08-23
-174184,النظيم,1500,1425000,950,2026-08-23
-174159,النظيم,344,900000,2614,2026-08-23
-171826,النظيم,325,455000,1400,2026-08-23
-174125,النظيم,300,545000,1817,2026-08-23
-174171,النظيم,300,450000,1500,2026-08-23
-174180,النظيم,360,500000,1389,2026-08-23
-171714,النظيم,336,436800,1300,2026-08-23
-174136,النظيم,144,400000,2765,2026-08-23
-174093,الوسام,300,600000,2000,2026-08-23
-174123,الوسام,300,630000,2100,2026-08-23
-174060,النرجس,180,1149000,6378,2026-08-22
-174062,السعادة,44,250000,5631,2026-08-22
-174061,ظهرة لبن,203,890000,4366,2026-08-22
-174050,النظيم,57,200000,3483,2026-08-21
-173905,الدار البيضاء,111,604920,5440,2026-08-20
-174040,إشبيلية,844,5064720,6000,2026-08-20
-174039,إشبيلية,844,5068380,6000,2026-08-20
-174041,إشبيلية,843,5061060,6000,2026-08-20
-174043,إشبيلية,830,4982220,6000,2026-08-20
-171766,الشعلة,750,265000,353,2026-08-20
-173920,طيبة,198,590000,2976,2026-08-20
-173975,طيبة,375,450000,1200,2026-08-20
-174001,طيبة,397,477000,1200,2026-08-20
-173963,طيبة,374,450000,1200,2026-08-20
-173978,طيبة,379,1060000,2794,2026-08-20
-173985,طيبة,194,520000,2667,2026-08-20
-173959,طيبة,374,450000,1200,2026-08-20
-173970,طيبة,453,544044,1200,2026-08-20
-173912,الجنادرية,205,750000,3651,2026-08-20
-173946,الجنادرية,226,770000,3404,2026-08-20
-174009,الجنادرية,315,678325,2150,2026-08-20
-174024,المرجان,300,540000,1800,2026-08-20
-174026,المرجان,300,540000,1800,2026-08-20
-174032,النرجس,252,1500000,5952,2026-08-20
-173979,النرجس,152,1379625,9065,2026-08-20
-173973,الندوة,193,710000,3675,2026-08-20
-173962,الندوة,264,792000,3000,2026-08-20
-173956,الندوة,264,792000,3000,2026-08-20
-173926,الندوة,264,792000,3000,2026-08-20
-171735,الزاهر,840,400000,476,2026-08-20
-174022,الزاهر,900,400000,444,2026-08-20
-171755,ضاحية نمار,2320,2050000,884,2026-08-20
-171733,ضاحية نمار,864,1296000,1500,2026-08-20
-171698,عريض,450,300000,667,2026-08-20
-171638,عريض,625,430000,688,2026-08-20
-174028,ظهرة لبن,132,700000,5295,2026-08-20
-174011,ظهرة لبن,450,1380000,3067,2026-08-20
-173947,ظهرة لبن,122,785000,6426,2026-08-20
-173941,العارض,108,800000,7396,2026-08-20
-173982,العارض,95,959000,10090,2026-08-20
-173925,العارض,214,1355000,6321,2026-08-20
-174023,العارض,625,3370000,5392,2026-08-20
-174017,الحائر,450,462150,1027,2026-08-20
-171751,المصفاة,595,450000,756,2026-08-20
-171748,المصفاة,599,500000,833,2026-08-20
-171715,المصفاة,868,400000,460,2026-08-20
-171745,المصفاة,599,500000,833,2026-08-20
-171746,المصفاة,599,500000,833,2026-08-20
-171747,المصفاة,595,500000,840,2026-08-20
-171750,المصفاة,599,500000,833,2026-08-20
-173976,النهضة,260,1170000,4500,2026-08-20
-173902,الرمال,276,1800000,6522,2026-08-20
-173943,الرمال,133,715900,5367,2026-08-20
-174008,الرمال,398,1154200,2900,2026-08-20
-174002,الرمال,398,1154200,2900,2026-08-20
-173916,النظيم,93,360000,3845,2026-08-20
-174018,النظيم,336,200000,595,2026-08-20
-174037,النظيم,312,468000,1500,2026-08-20
-174038,النظيم,312,468000,1500,2026-08-20
-174033,النظيم,312,468000,1500,2026-08-20
-174010,النظيم,360,558000,1550,2026-08-20
-173944,ظهرة البديعة,110,540000,4890,2026-08-20
-171646,الشعلة,763,170000,223,2026-08-19
-173779,طيبة,350,420000,1200,2026-08-19
-173763,طيبة,1602,2884770,1800,2026-08-19
-173845,طيبة,79,483600,6078,2026-08-19
-173784,طيبة,441,530244,1200,2026-08-19
-173762,طيبة,1599,2879928,1800,2026-08-19
-173765,الغدير,23,387500,16188,2026-08-19
-173770,الغدير,21,395000,17983,2026-08-19
-173767,الغدير,23,392750,16407,2026-08-19
-173886,الجنادرية,178,635000,3549,2026-08-19
-173816,الجنادرية,600,1080000,1800,2026-08-19
-173842,الجنادرية,222,868000,3899,2026-08-19
-173822,الجنادرية,282,1185000,4202,2026-08-19
-173830,الجنادرية,166,505000,3041,2026-08-19
-173850,الجنادرية,360,540000,1500,2026-08-19
-173820,المرجان,215,800000,3704,2026-08-19
-169544,النرجس,324,1848339,5700,2026-08-19
-173769,النرجس,83,1341000,16133,2026-08-19
-173862,النرجس,92,1035000,11222,2026-08-19
-173889,النرجس,101,999000,9881,2026-08-19
-173786,النرجس,253,1800000,7089,2026-08-19
-173817,البيان,1240,1736000,1400,2026-08-19
-173880,الفاروق,97,624000,6423,2026-08-19
-173836,الصفاء,312,921875,2950,2026-08-19
-173760,الصفاء,312,1000000,3200,2026-08-19
-173715,الصفاء,312,921875,2950,2026-08-19
-173759,الصفاء,400,1584400,3961,2026-08-19
-173873,ديراب,900,1395000,1550,2026-08-19
-173876,ديراب,900,1395000,1550,2026-08-19
-173866,ديراب,900,1395000,1550,2026-08-19
-173869,ديراب,900,1395000,1550,2026-08-19
-173803,السعادة,700,2400000,3429,2026-08-19
-173801,السعادة,770,2640000,3429,2026-08-19
-173883,السعادة,146,450000,3067,2026-08-19
-173853,الندوة,124,200000,1602,2026-08-19
-173809,الندوة,160,600000,3727,2026-08-19
-171673,الزاهر,900,580000,644,2026-08-19
-171701,ضاحية نمار,900,1300000,1444,2026-08-19
-171696,ضاحية نمار,375,500000,1333,2026-08-19
-171524,عريض,893,820000,917,2026-08-19
-171702,عريض,450,290000,644,2026-08-19
-173833,ظهرة لبن,200,880000,4393,2026-08-19
-171671,العلا,750,285000,380,2026-08-19
-171620,العلا,750,270000,360,2026-08-19
-173882,العارض,3850,6616250,1719,2026-08-19
-173857,العوالي,271,1000000,3682,2026-08-19
-173835,بدر,249,537300,2151,2026-08-19
-171683,المصفاة,599,500000,833,2026-08-19
-173807,المصفاة,599,500000,833,2026-08-19
-173797,النهضة,260,1170000,4500,2026-08-19
-173823,السحاب,300,400000,1333,2026-08-19
-173818,السحاب,300,400000,1333,2026-08-19
-171044,السحاب,300,480000,1600,2026-08-19
-173806,الرمال,101,600000,5913,2026-08-19
-173826,الرمال,346,1600000,4613,2026-08-19
-173708,النظيم,750,1400000,1867,2026-08-19
-171652,النظيم,374,561585,1500,2026-08-19
-173761,النظيم,175,600000,3417,2026-08-19
-173796,النظيم,202,410000,2026,2026-08-19
-173783,النظيم,159,460000,2884,2026-08-19
-173877,النظيم,294,411600,1400,2026-08-19
-173819,ظهرة البديعة,174,900000,5155,2026-08-19
-173709,الياسمين,630,4536000,7200,2026-08-18
-173717,الياسمين,360,2592000,7200,2026-08-18
-173729,الياسمين,630,4284000,6800,2026-08-18
-173730,الياسمين,360,2448000,6800,2026-08-18
-173719,الياسمين,360,2592000,7200,2026-08-18
-173723,الياسمين,360,2592000,7200,2026-08-18
-173731,الياسمين,360,2448000,6800,2026-08-18
-173732,الياسمين,360,2448000,6800,2026-08-18
-173725,الياسمين,360,2592000,7200,2026-08-18
-173727,الياسمين,360,2592000,7200,2026-08-18
-173734,الياسمين,360,2448000,6800,2026-08-18
-173735,الياسمين,360,2448000,6800,2026-08-18
-173728,الياسمين,360,2592000,7200,2026-08-18
-173712,الياسمين,360,2592000,7200,2026-08-18
-173736,الياسمين,360,2448000,6800,2026-08-18
-173749,الدار البيضاء,112,320000,2852,2026-08-18
-173624,طيبة,230,850000,3696,2026-08-18
-173628,الغدير,39,700000,17702,2026-08-18
-173607,الغدير,41,640000,15287,2026-08-18
-173676,الغدير,39,630000,16039,2026-08-18
-173631,الغدير,41,792500,19048,2026-08-18
-173582,الغدير,23,487500,20366,2026-08-18
-173621,الغدير,23,392750,16407,2026-08-18
-173580,الغدير,23,424500,17734,2026-08-18
-173616,الغدير,41,675000,16123,2026-08-18
-173681,الغدير,21,505000,23653,2026-08-18
-173656,الصحافة,9699,139016455,14333,2026-08-18
-173660,الصحافة,3660,52459040,14333,2026-08-18
-173597,الجنادرية,129,715000,5503,2026-08-18
-173700,الجنادرية,300,450000,1500,2026-08-18
-173675,الجنادرية,194,600000,3080,2026-08-18
-173613,الجنادرية,162,758600,4668,2026-08-18
-173641,المرجان,325,550000,1692,2026-08-18
-173584,النرجس,219,2350000,10721,2026-08-18
-173630,النرجس,83,1341000,16133,2026-08-18
-173608,النرجس,98,1050000,10692,2026-08-18
-173626,المعيزيلة,182,900000,4919,2026-08-18
-173694,ديراب,875,1120000,1280,2026-08-18
-173695,ديراب,750,960000,1280,2026-08-18
-173698,ديراب,750,960000,1280,2026-08-18
-173722,ديراب,750,960000,1280,2026-08-18
-173718,ديراب,750,960000,1280,2026-08-18
-173647,الندوة,165,700000,4220,2026-08-18
-173637,الندوة,80,650000,8084,2026-08-18
-173682,ضاحية نمار,600,800000,1333,2026-08-18
-171415,ضاحية نمار,498,700000,1404,2026-08-18
-173753,ضاحية نمار,486,500000,1028,2026-08-18
-173707,ضاحية نمار,390,429000,1100,2026-08-18
-171597,عريض,405,350000,864,2026-08-18
-171594,عريض,900,1200000,1333,2026-08-18
-173683,ظهرة لبن,300,2188000,7293,2026-08-18
-173581,ظهرة لبن,160,820000,5119,2026-08-18
-171635,العلا,750,250000,333,2026-08-18
-173748,العارض,750,4050000,5400,2026-08-18
-173750,العارض,750,4050000,5400,2026-08-18
-173619,العارض,653,2156484,3300,2026-08-18
-173688,العارض,534,3100000,5804,2026-08-18
-173601,العارض,312,2900000,9295,2026-08-18
-173646,السلي,102100,165657250,1622,2026-08-18
-173744,المصيف,158,1389000,8750,2026-08-18
-171045,السحاب,300,480000,1600,2026-08-18
-173754,الرمال,625,1918750,3070,2026-08-18
-173757,الرمال,750,2565000,3420,2026-08-18
-173755,الرمال,625,1918750,3070,2026-08-18
-173742,الرمال,750,2565000,3420,2026-08-18
-173756,الرمال,625,1918750,3070,2026-08-18
-173751,الرمال,625,1918750,3070,2026-08-18
-173745,الرمال,720,2498400,3470,2026-08-18
-173752,الرمال,600,2073000,3455,2026-08-18
-173747,الرمال,750,2565000,3420,2026-08-18
-173743,الرمال,750,2565000,3420,2026-08-18
-173674,النظيم,1450,1377500,950,2026-08-18
-171586,النظيم,300,435000,1450,2026-08-18
-173692,النظيم,447,500000,1118,2026-08-18
-173609,النظيم,122,560000,4564,2026-08-18
-173594,النظيم,348,1080000,3103,2026-08-18
-171619,الشعلة,747,180000,241,2026-08-17
-173518,الغنامية,342,478800,1400,2026-08-17
-173574,طيبة,485,580000,1195,2026-08-17
-173517,طيبة,427,513000,1200,2026-08-17
-173519,طيبة,427,513000,1200,2026-08-17
-173516,طيبة,427,513000,1200,2026-08-17
-173520,طيبة,427,513000,1200,2026-08-17
-173524,الغدير,39,620000,15784,2026-08-17
-173429,غرناطة,175,1350000,7685,2026-08-17
-173542,المرجان,517,400000,773,2026-08-17
-173461,النرجس,268,2300000,8579,2026-08-17
-173447,النرجس,83,1341000,16133,2026-08-17
-173482,النرجس,51,625000,12057,2026-08-17
-173535,النرجس,74,828750,11195,2026-08-17
-173552,البيان,136,400000,2940,2026-08-17
-173509,ديراب,76,350000,4585,2026-08-17
-173459,الندوة,151,500000,3292,2026-08-17
-171567,الزاهر,900,525000,583,2026-08-17
-173521,الزاهر,900,450000,500,2026-08-17
-173329,ضاحية نمار,75,416000,5500,2026-08-17
-173508,ضاحية نمار,600,820000,1367,2026-08-17
-173471,عريض,400,350000,875,2026-08-17
-171377,عريض,400,320000,800,2026-08-17
-173492,ظهرة لبن,602,1600000,2656,2026-08-17
-173539,ظهرة لبن,109,590000,5382,2026-08-17
-173548,ظهرة لبن,304,1020913,3350,2026-08-17
-173484,ظهرة لبن,500,1800000,3600,2026-08-17
-171581,العارض,405,2500000,6173,2026-08-17
-173557,العارض,750,4500000,6000,2026-08-17
-173544,العارض,600,3090000,5150,2026-08-17
-173507,العارض,440,2477959,5621,2026-08-17
-173434,العوالي,260,2035405,7828,2026-08-17
-173479,العوالي,340,2035405,5986,2026-08-17
-173495,بدر,92,450000,4890,2026-08-17
-173573,بدر,390,1000000,2563,2026-08-17
-173497,النهضة,260,1170000,4500,2026-08-17
-173053,النهضة,260,1170000,4500,2026-08-17
-173498,السحاب,378,604800,1600,2026-08-17
-173530,النظيم,1500,1425000,950,2026-08-17
-171560,النظيم,77,280000,3610,2026-08-17
-173551,النظيم,418,470000,1122,2026-08-17
-171551,النظيم,338,507000,1500,2026-08-17
-171457,الشعلة,750,220000,293,2026-08-16
-171450,الشعلة,750,155000,207,2026-08-16
-171438,الشعلة,750,220000,293,2026-08-16
-173391,طيبة,374,506250,1350,2026-08-16
-173381,طيبة,375,450000,1200,2026-08-16
-173279,طيبة,211,575000,2725,2026-08-16
-173377,طيبة,88,325000,3660,2026-08-16
-173341,طيبة,375,450000,1200,2026-08-16
-173375,طيبة,374,450000,1200,2026-08-16
-173342,طيبة,374,450000,1200,2026-08-16
-173363,الصحافة,73,1575000,21543,2026-08-16
-173319,الجنادرية,258,1028075,3978,2026-08-16
-173361,الجنادرية,156,460000,2944,2026-08-16
-173346,الجنادرية,375,562500,1500,2026-08-16
-173349,الجنادرية,375,562500,1500,2026-08-16
-171477,الجنادرية,312,436800,1400,2026-08-16
-173268,المرجان,279,511064,1830,2026-08-16
-173358,النرجس,13,101538,7759,2026-08-16
-173378,النرجس,108,1216000,11253,2026-08-16
-173414,النرجس,317,1869492,5885,2026-08-16
-173315,النرجس,102,1100000,10745,2026-08-16
-173273,النرجس,168,1300000,7711,2026-08-16
-173270,البيان,188,860000,4574,2026-08-16
-173413,البيان,900,1980000,2200,2026-08-16
-173374,المعيزيلة,199,900000,4519,2026-08-16
-173339,الصفاء,375,1087500,2900,2026-08-16
-173340,الصفاء,375,1087500,2900,2026-08-16
-173321,الندوة,115,300000,2592,2026-08-16
-173399,الندوة,171,760000,4443,2026-08-16
-171461,ضاحية نمار,588,550000,935,2026-08-16
-173396,ضاحية نمار,450,530000,1178,2026-08-16
-171478,ضاحية نمار,444,450000,1012,2026-08-16
-171466,ضاحية نمار,450,600000,1333,2026-08-16
-170770,ضاحية نمار,2025,1822500,900,2026-08-16
-173318,ضاحية نمار,450,470000,1044,2026-08-16
-173335,ضاحية نمار,439,530000,1207,2026-08-16
-173416,ضاحية نمار,390,429000,1100,2026-08-16
-171522,عريض,414,220000,531,2026-08-16
-171455,عريض,400,290000,725,2026-08-16
-171489,عريض,450,230000,511,2026-08-16
-171533,عريض,420,223000,531,2026-08-16
-171392,عريض,405,320000,790,2026-08-16
-173287,ظهرة لبن,900,2950000,3275,2026-08-16
-173272,ظهرة لبن,377,1700000,4503,2026-08-16
-171507,العلا,750,240000,320,2026-08-16
-173343,العارض,700,3600000,5143,2026-08-16
-173326,العارض,155,900000,5792,2026-08-16
-173276,العارض,750,4360000,5813,2026-08-16
-171513,بدر,780,2675000,3429,2026-08-16
-169066,بدر,600,1875000,3125,2026-08-16
-173365,الحائر,540,390000,722,2026-08-16
-171401,المصفاة,400,820000,2050,2026-08-16
-173364,المصفاة,4676,6546736,1400,2026-08-16
-173353,المصفاة,2660,3725288,1400,2026-08-16
-173356,المصفاة,2656,3719408,1400,2026-08-16
-173383,السحاب,300,465000,1550,2026-08-16
-173367,النظيم,159,700000,4393,2026-08-16
-171505,النظيم,342,478800,1400,2026-08-16
-173417,النظيم,900,3300000,3667,2026-08-16
-173395,النظيم,91,380000,4148,2026-08-16
-173372,الوسام,300,600000,2000,2026-08-16
-173265,الجنادرية,364,1100000,3022,2026-08-15
-173261,النرجس,389,6480000,16648,2026-08-15
-173266,السعادة,186,650000,3492,2026-08-15
-173258,المصفاة,400,700000,1750,2026-08-15
-173255,الزاهر,806,380000,471,2026-08-14
-173257,ضاحية نمار,375,1000000,2667,2026-08-14
-173222,طيبة,160,343000,2138,2026-08-13
-173133,الغدير,23,458750,19164,2026-08-13
-173116,الرحمانية,14400,259200000,18000,2026-08-13
-173210,الجنادرية,86,400000,4651,2026-08-13
-173129,الجنادرية,210,590000,2805,2026-08-13
-173240,الجنادرية,235,541558,2300,2026-08-13
-173186,الجنادرية,86,550000,6382,2026-08-13
-173253,الجنادرية,375,563805,1500,2026-08-13
-173145,المرجان,288,438000,1521,2026-08-13
-173218,المرجان,375,667696,1780,2026-08-13
-173219,المرجان,375,667607,1780,2026-08-13
-173139,النرجس,112,1150000,10236,2026-08-13
-173156,النرجس,104,1000000,9581,2026-08-13
-173179,البيان,219,1112000,5070,2026-08-13
-173127,الفاروق,90,550000,6094,2026-08-13
-173228,السعادة,152,690000,4522,2026-08-13
-173175,السعادة,700,2400000,3429,2026-08-13
-173217,السعادة,121,600000,4931,2026-08-13
-173146,السعادة,169,950000,5597,2026-08-13
-173153,الزاهر,840,461000,549,2026-08-13
-171298,عريض,918,400000,436,2026-08-13
-173115,عريض,500,505000,1010,2026-08-13
-171318,عريض,900,400000,444,2026-08-13
-171403,عريض,450,365000,811,2026-08-13
-173239,ظهرة لبن,137,720000,5220,2026-08-13
-171429,العلا,900,400000,444,2026-08-13
-173241,العارض,750,5400000,7200,2026-08-13
-173242,العارض,750,5400000,7200,2026-08-13
-173118,العارض,125,1068570,8517,2026-08-13
-173162,العارض,99,765067,7681,2026-08-13
-173205,العارض,121,891000,7331,2026-08-13
-173221,العارض,3463,17375073,5016,2026-08-13
-173137,العارض,1190,7854000,6600,2026-08-13
-173121,اليرموك,75,887000,11759,2026-08-13
-173237,المصفاة,595,650000,1092,2026-08-13
-171357,النهضة,112,635000,5643,2026-08-13
-173243,الرمال,300,900000,3000,2026-08-13
-173234,الرمال,2000,8800000,4400,2026-08-13
-173220,الرمال,300,1023900,3413,2026-08-13
-173215,الرمال,300,1023900,3413,2026-08-13
-173171,الرمال,111,561502,5036,2026-08-13
-173180,النظيم,204,670000,3274,2026-08-13
-173182,النظيم,92,547000,5884,2026-08-13
-173119,النظيم,1500,1425000,950,2026-08-13
-173236,النظيم,325,422500,1300,2026-08-13
-173238,النظيم,325,422500,1300,2026-08-13
-173187,النظيم,137,400000,2899,2026-08-13
-171396,النظيم,364,419164,1150,2026-08-13
-173142,النظيم,170,603000,3533,2026-08-13
-171397,النظيم,330,379500,1150,2026-08-13
-173120,النظيم,272,800000,2938,2026-08-13
-173206,النظيم,324,469800,1450,2026-08-13
-173136,النظيم,93,410000,4379,2026-08-13
-173078,المربع,960,4800000,5000,2026-08-12
-173107,الغنامية,5014,6017400,1200,2026-08-12
-173092,طيبة,175,350000,1989,2026-08-12
-173097,طيبة,531,638208,1200,2026-08-12
-173098,طيبة,645,774420,1200,2026-08-12
-173061,غرناطة,780,4700000,6026,2026-08-12
-172987,الجنادرية,293,1215000,4143,2026-08-12
-173011,الجنادرية,375,588750,1570,2026-08-12
-173015,الجنادرية,98,510000,5180,2026-08-12
-172988,الجنادرية,109,470000,4308,2026-08-12
-173048,الجنادرية,213,690000,3227,2026-08-12
-173026,الجنادرية,203,1000000,4909,2026-08-12
-173043,المرجان,350,623000,1780,2026-08-12
-168729,النرجس,256,1412015,5500,2026-08-12
-173044,النرجس,109,833000,7592,2026-08-12
-168726,النرجس,356,1996008,5600,2026-08-12
-173024,النرجس,177,1100000,6208,2026-08-12
-173047,النرجس,145,1080000,7433,2026-08-12
-173049,الفاروق,127,780939,6114,2026-08-12
-173006,الفاروق,470,1530375,3256,2026-08-12
-173012,الفاروق,375,1280000,3413,2026-08-12
-173091,السعادة,78,580000,7428,2026-08-12
-173041,ضاحية نمار,252,500000,1981,2026-08-12
-171004,عريض,400,340000,850,2026-08-12
-173083,عريض,900,1500000,1667,2026-08-12
-173019,ظهرة لبن,134,680000,5066,2026-08-12
-173045,ظهرة لبن,1676,7000000,4177,2026-08-12
-173104,العارض,229,1000000,4362,2026-08-12
-173027,العارض,405,2065000,5099,2026-08-12
-173016,العوالي,215,560000,2604,2026-08-12
-173002,العوالي,121,600000,4948,2026-08-12
-173114,بدر,2000,1200000,600,2026-08-12
-173086,بدر,129,475000,3661,2026-08-12
-173109,بدر,113,380000,3353,2026-08-12
-173099,بدر,129,540000,4166,2026-08-12
-173034,المصفاة,400,890000,2225,2026-08-12
-173062,الرمال,102,500000,4864,2026-08-12
-173093,النظيم,1500,1425000,950,2026-08-12
-171366,النظيم,300,450000,1500,2026-08-12
-172848,الدار البيضاء,726,1400000,1928,2026-08-11
-172866,طيبة,231,585000,2527,2026-08-11
-172972,الجنادرية,93,400000,4280,2026-08-11
-172923,الجنادرية,375,1000000,2667,2026-08-11
-172891,المرجان,325,487500,1500,2026-08-11
-172967,المرجان,338,439400,1300,2026-08-11
-172932,المرجان,300,510000,1700,2026-08-11
-172903,النرجس,601,8500000,14138,2026-08-11
-172936,النرجس,165,1180000,7123,2026-08-11
-172907,العزيزية,893,2098885,2350,2026-08-11
-172926,الروابي,9350,47834600,5116,2026-08-11
-172898,الصفاء,89,715000,7990,2026-08-11
-172847,الندوة,171,869000,5062,2026-08-11
-172857,الندوة,169,600000,3543,2026-08-11
-172961,الندوة,70,330000,4694,2026-08-11
-172905,الندوة,200,700000,3494,2026-08-11
-172982,الزاهر,840,245000,292,2026-08-11
-171274,الزاهر,864,260000,301,2026-08-11
-172974,ضاحية نمار,2000,1700000,850,2026-08-11
-171312,عريض,400,220000,550,2026-08-11
-171237,عريض,450,292500,650,2026-08-11
-171236,عريض,450,292500,650,2026-08-11
-171195,عريض,631,320000,507,2026-08-11
-172864,ظهرة لبن,207,810000,3895,2026-08-11
-172931,ظهرة لبن,354,1150000,3245,2026-08-11
-171240,العارض,589,1650096,2800,2026-08-11
-172882,العارض,750,4950000,6600,2026-08-11
-172968,بدر,424,940000,2214,2026-08-11
-172865,بدر,198,815092,4103,2026-08-11
-172879,بدر,143,480000,3352,2026-08-11
-172883,بدر,299,580000,1938,2026-08-11
-172911,النهضة,347,1631699,4700,2026-08-11
-172893,النهضة,260,1170000,4500,2026-08-11
-172854,الرمال,171,700000,4089,2026-08-11
-172952,النظيم,1443,1371563,950,2026-08-11
-172949,النظيم,338,473200,1400,2026-08-11
-172948,النظيم,338,473200,1400,2026-08-11
-172878,النظيم,173,634000,3652,2026-08-11
-172957,النظيم,400,400000,1000,2026-08-11
-172851,النظيم,200,755000,3757,2026-08-11
-172975,الوسام,300,600000,2000,2026-08-11
-172970,الوسام,300,600000,2000,2026-08-11
-172731,الجنادرية,178,650950,3638,2026-08-10
-172687,الجنادرية,375,1000000,2667,2026-08-10
-172817,الجنادرية,262,419584,1600,2026-08-10
-172698,الجنادرية,222,771501,3473,2026-08-10
-172805,الجنادرية,273,546100,2000,2026-08-10
-172803,الجنادرية,268,536980,2000,2026-08-10
-172717,المرجان,349,654369,1870,2026-08-10
-172696,المرجان,143,478700,3325,2026-08-10
-171246,النرجس,165,1100000,6664,2026-08-10
-172714,البيان,300,1800000,5983,2026-08-10
-172673,الفاروق,297,1650000,5543,2026-08-10
-172790,المعيزيلة,179,1000000,5572,2026-08-10
-172828,الندوة,270,769500,2850,2026-08-10
-172683,الندوة,193,890000,4606,2026-08-10
-172697,الندوة,92,544000,5870,2026-08-10
-172744,المصانع,1800,4647143,2582,2026-08-10
-172833,ضاحية نمار,600,270000,450,2026-08-10
-172780,ضاحية نمار,950,1300000,1368,2026-08-10
-171250,ضاحية نمار,875,1200000,1371,2026-08-10
-172727,ضاحية نمار,312,1150000,3680,2026-08-10
-171230,عريض,312,320000,1024,2026-08-10
-171268,عريض,500,400000,800,2026-08-10
-171189,عريض,1050,1000000,952,2026-08-10
-171117,عريض,450,320000,711,2026-08-10
-171261,عريض,495,660000,1333,2026-08-10
-171181,عريض,900,1000000,1111,2026-08-10
-171178,عريض,900,1000000,1111,2026-08-10
-172749,ظهرة لبن,127,600000,4694,2026-08-10
-172784,ظهرة لبن,186,850000,4550,2026-08-10
-172788,ظهرة لبن,176,835000,4732,2026-08-10
-172814,ظهرة لبن,135,500000,3691,2026-08-10
-172557,العارض,146,1140000,7799,2026-08-10
-172694,العارض,179,1127000,6295,2026-08-10
-172680,بدر,186,650000,3480,2026-08-10
-172794,بدر,220,640000,2901,2026-08-10
-172826,المصفاة,750,1387500,1850,2026-08-10
-172681,الرمال,227,690000,3035,2026-08-10
-172708,الرمال,133,650000,4856,2026-08-10
-172728,الملك عبدالله,178,1840000,10285,2026-08-10
-172690,النظيم,150,675000,4485,2026-08-10
-172771,النظيم,1450,1377500,950,2026-08-10
-172800,النظيم,1500,1425000,950,2026-08-10
-172797,النظيم,1500,1425000,950,2026-08-10
-172802,النظيم,1500,1425000,950,2026-08-10
-172707,النظيم,165,620000,3755,2026-08-10
-172748,النظيم,300,435000,1450,2026-08-10
-172779,النظيم,300,435000,1450,2026-08-10
-172741,النظيم,166,584000,3497,2026-08-10
-172700,النظيم,192,667000,3463,2026-08-10
-172831,النظيم,1450,1377500,950,2026-08-10
-172665,الياسمين,1050,14817600,14112,2026-08-09
-172666,الياسمين,719,10156716,14112,2026-08-09
-172614,الدار البيضاء,1053,1900000,1804,2026-08-09
-170883,الشعلة,750,240000,320,2026-08-09
-171068,الشعلة,760,215000,283,2026-08-09
-172575,طيبة,375,450000,1200,2026-08-09
-172586,طيبة,375,450000,1200,2026-08-09
-172588,طيبة,375,450000,1200,2026-08-09
-172550,طيبة,201,750000,3721,2026-08-09
-172612,طيبة,325,406250,1250,2026-08-09
-172587,طيبة,375,450000,1200,2026-08-09
-172593,الجنادرية,196,745750,3801,2026-08-09
-172545,المرجان,178,750000,4199,2026-08-09
-171141,المرجان,300,525000,1750,2026-08-09
-172639,المرجان,1638,4424706,2700,2026-08-09
-172607,المرجان,355,782100,2200,2026-08-09
-172625,النرجس,219,2350000,10721,2026-08-09
-172520,النرجس,300,1950000,6500,2026-08-09
-172633,النرجس,375,4300000,11467,2026-08-09
-172551,النرجس,121,1379461,11333,2026-08-09
-172613,البيان,191,860000,4487,2026-08-09
-172536,الصفاء,480,2376000,4950,2026-08-09
-172578,السعادة,173,650000,3755,2026-08-09
-172521,الندوة,165,755000,4554,2026-08-09
-172590,الندوة,236,684000,2886,2026-08-09
-171198,الزاهر,900,365000,406,2026-08-09
-170931,الزاهر,864,270000,312,2026-08-09
-171140,ضاحية نمار,890,600000,674,2026-08-09
-172655,ضاحية نمار,900,850000,944,2026-08-09
-170961,عريض,400,370000,925,2026-08-09
-171092,عريض,450,300000,667,2026-08-09
-170967,عريض,432,370000,856,2026-08-09
-172560,عريض,475,210500,443,2026-08-09
-172657,ظهرة لبن,900,3900000,4333,2026-08-09
-171209,العلا,752,190000,253,2026-08-09
-172662,العارض,800,4000000,5000,2026-08-09
-172592,العارض,600,3090000,5150,2026-08-09
-172596,العارض,372,1603857,4300,2026-08-09
-172598,العارض,401,1724859,4300,2026-08-09
-171222,العارض,676,1929080,2850,2026-08-09
-171223,العارض,582,1688815,2900,2026-08-09
-172591,العارض,700,3605000,5150,2026-08-09
-172594,العارض,262,943703,3590,2026-08-09
-172634,العوالي,86,425000,4919,2026-08-09
-172519,بدر,299,816200,2727,2026-08-09
-172610,المصفاة,400,1450000,3625,2026-08-09
-172595,الرمال,2273,7503210,3300,2026-08-09
-172652,الرمال,330,1024395,3100,2026-08-09
-172455,الرمال,312,1187500,3800,2026-08-09
-172580,الرمال,94,600000,6323,2026-08-09
-172570,الرمال,155,600000,3868,2026-08-09
-172530,الرمال,276,1800000,6522,2026-08-09
-172620,النظيم,395,1000000,2529,2026-08-09
-172631,النظيم,450,589500,1310,2026-08-09
-171159,النظيم,319,478500,1500,2026-08-09
-172538,النظيم,201,539308,2672,2026-08-09
-172512,الشعلة,901,200000,222,2026-08-08
-172511,ديراب,625,937500,1500,2026-08-08
-172513,ظهرة لبن,400,1400000,3500,2026-08-08
-172509,النهضة,336,1411200,4200,2026-08-08
-172508,المرجان,300,546000,1820,2026-08-07
-171053,الشعلة,752,215000,286,2026-08-06
-172500,طيبة,375,468750,1250,2026-08-06
-172440,طيبة,99,520000,5210,2026-08-06
-172502,طيبة,374,468750,1250,2026-08-06
-172387,غرناطة,625,3340000,5344,2026-08-06
-172434,الجنادرية,95,510000,5335,2026-08-06
-172447,الجنادرية,220,645000,2921,2026-08-06
-172410,المرجان,110,458000,4136,2026-08-06
-172391,المرجان,143,500000,3473,2026-08-06
-172415,النرجس,129,920000,7104,2026-08-06
-168116,النرجس,373,2093336,5600,2026-08-06
-168111,النرجس,315,1701000,5400,2026-08-06
-168113,النرجس,337,1822500,5400,2026-08-06
-168109,النرجس,375,1990044,5300,2026-08-06
-172405,النرجس,272,2550000,9373,2026-08-06
-172433,النرجس,153,1375000,8931,2026-08-06
-172412,الندوة,164,680000,4145,2026-08-06
-172400,الندوة,131,1200000,9103,2026-08-06
-172442,ضاحية نمار,500,700000,1400,2026-08-06
-172281,ضاحية نمار,126,635500,5010,2026-08-06
-172462,ضاحية نمار,235,840000,3571,2026-08-06
-172439,ضاحية نمار,130,470000,3611,2026-08-06
-172449,ضاحية نمار,500,700000,1400,2026-08-06
-172445,ضاحية نمار,500,700000,1400,2026-08-06
-172453,ضاحية نمار,500,700000,1400,2026-08-06
-171046,عريض,400,235000,588,2026-08-06
-172414,عريض,400,210000,525,2026-08-06
-171031,عريض,450,400000,889,2026-08-06
-170873,عريض,900,885000,983,2026-08-06
-171076,عريض,414,250000,604,2026-08-06
-172426,ظهرة لبن,191,1050000,5491,2026-08-06
-172421,ظهرة لبن,900,4140000,4600,2026-08-06
-172397,العارض,103,798000,7678,2026-08-06
-172386,العوالي,180,900000,4994,2026-08-06
-172413,المصيف,365,3740000,10222,2026-08-06
-168046,بدر,600,1500000,2500,2026-08-06
-172468,بدر,840,2100000,2500,2026-08-06
-172452,السحاب,300,495000,1650,2026-08-06
-172459,الرمال,312,1187500,3800,2026-08-06
-172403,النظيم,1443,1371563,950,2026-08-06
-172501,الوسام,314,1240000,3937,2026-08-06
-172263,الدار البيضاء,111,536000,4801,2026-08-05
-171038,الشعلة,1062,300000,282,2026-08-05
-172345,طيبة,221,450000,2034,2026-08-05
-172273,طيبة,213,587512,2750,2026-08-05
-172290,طيبة,324,290000,892,2026-08-05
-172322,طيبة,231,550000,2376,2026-08-05
-172312,طيبة,166,545000,3273,2026-08-05
-172292,طيبة,222,578000,2593,2026-08-05
-170983,الجنادرية,118,450000,3794,2026-08-05
-172332,الجنادرية,78,584000,7444,2026-08-05
-172268,الجنادرية,173,640000,3695,2026-08-05
-172372,الجنادرية,207,600000,2887,2026-08-05
-172355,النرجس,399,6100000,15254,2026-08-05
-172243,النرجس,117,1135000,9650,2026-08-05
-172257,النرجس,113,850000,7500,2026-08-05
-172327,النرجس,208,1750000,8376,2026-08-05
-172320,النرجس,153,1366000,8873,2026-08-05
-172360,النرجس,1050,8085000,7700,2026-08-05
-172245,النرجس,151,1100000,7250,2026-08-05
-172344,البيان,437,1246875,2850,2026-08-05
-172258,الفاروق,500,1825000,3650,2026-08-05
-172237,المعيزيلة,96,495000,5120,2026-08-05
-172282,النسيم الغربي,145,765000,5275,2026-08-05
-172368,النسيم الغربي,198,880000,4435,2026-08-05
-170995,الصفاء,113,715000,6326,2026-08-05
-172231,الصفاء,293,1498125,5100,2026-08-05
-172232,الصفاء,293,1498125,5100,2026-08-05
-172233,الصفاء,400,2040000,5100,2026-08-05
-172235,الصفاء,400,2040000,5100,2026-08-05
-172240,الصفاء,500,2550000,5100,2026-08-05
-172242,الصفاء,500,2550000,5100,2026-08-05
-172289,السعادة,111,900000,8057,2026-08-05
-170786,الزاهر,900,450000,500,2026-08-05
-171042,ضاحية نمار,945,3500000,3704,2026-08-05
-172340,ضاحية نمار,900,700000,778,2026-08-05
-171040,ضاحية نمار,1273,5500000,4318,2026-08-05
-171041,ضاحية نمار,1125,4500000,3998,2026-08-05
-172379,ضاحية نمار,218,500000,2286,2026-08-05
-171029,عريض,300,255000,850,2026-08-05
-170948,عريض,464,220000,474,2026-08-05
-170748,عريض,400,310000,775,2026-08-05
-172256,ظهرة لبن,133,721000,5408,2026-08-05
-172266,ظهرة لبن,625,1718750,2750,2026-08-05
-170939,العلا,768,245000,319,2026-08-05
-171015,العلا,750,300000,400,2026-08-05
-170825,العلا,840,345000,411,2026-08-05
-172278,العارض,121,976000,8030,2026-08-05
-172361,العارض,840,6048000,7200,2026-08-05
-172346,العارض,537,3651600,6798,2026-08-05
-172302,بدر,220,660000,2998,2026-08-05
-172299,بدر,204,700000,3417,2026-08-05
-170828,الحائر,400,200000,500,2026-08-05
-170982,المصفاة,599,500000,833,2026-08-05
-172238,المصفاة,400,955000,2388,2026-08-05
-172381,أحد,550,1500000,2727,2026-08-05
-172329,الرمال,1831,4029982,2200,2026-08-05
-172328,الرمال,1825,4015836,2200,2026-08-05
-172325,الرمال,1825,4015418,2200,2026-08-05
-172287,العريجاء الغربي,400,1000000,2500,2026-08-05
-172276,النظيم,915,2100000,2295,2026-08-05
-172356,النظيم,300,405000,1350,2026-08-05
-172267,الوسام,750,2137500,2850,2026-08-05
-172313,الوسام,300,630000,2100,2026-08-05
-170952,العلا,900,340000,378,2026-08-04
-172186,الشعلة,901,50000,55,2026-08-03
-170871,الشعلة,400,150000,375,2026-08-03
-172101,طيبة,233,680000,2917,2026-08-03
-172111,طيبة,268,900000,3356,2026-08-03
-172165,طيبة,323,900000,2785,2026-08-03
-172098,طيبة,207,700000,3368,2026-08-03
-172191,طيبة,355,462462,1300,2026-08-03
-172188,الجنادرية,356,1000000,2802,2026-08-03
-172227,الجنادرية,300,450000,1500,2026-08-03
-172229,الجنادرية,300,450000,1500,2026-08-03
-172163,المرجان,102,537900,5229,2026-08-03
-172208,النرجس,234,1950000,8300,2026-08-03
-172129,البيان,114,600000,5237,2026-08-03
-172194,الفاروق,103,660000,6374,2026-08-03
-172158,الفاروق,240,1992000,8300,2026-08-03
-172142,المعيزيلة,124,700000,5631,2026-08-03
-172182,السعادة,186,600000,3224,2026-08-03
-172168,الندوة,151,510000,3358,2026-08-03
-170791,ضاحية نمار,2250,2250000,1000,2026-08-03
-172135,ضاحية نمار,207,716000,3448,2026-08-03
-172107,ضاحية نمار,138,640000,4636,2026-08-03
-172126,ضاحية نمار,219,510000,2319,2026-08-03
-170896,عريض,312,330000,1056,2026-08-03
-170901,عريض,500,440000,880,2026-08-03
-170945,عريض,450,300000,667,2026-08-03
-172176,عريض,1044,600000,575,2026-08-03
-172110,ظهرة لبن,212,900000,4233,2026-08-03
-170834,العلا,765,235000,307,2026-08-03
-170894,العلا,900,450000,500,2026-08-03
-172174,العارض,110,817910,7432,2026-08-03
-172130,العارض,173,950000,5461,2026-08-03
-172205,العارض,95,1200000,12505,2026-08-03
-172148,العارض,450,2500000,5556,2026-08-03
-172131,بدر,424,1360000,3203,2026-08-03
-172160,بدر,299,857280,2862,2026-08-03
-172140,الرمال,1500,1156125,771,2026-08-03
-172146,الرمال,1500,1156125,771,2026-08-03
-172144,الرمال,1500,1156125,771,2026-08-03
-172147,الرمال,1500,1190250,794,2026-08-03
-172151,النظيم,103,489000,4747,2026-08-03
-172105,النظيم,378,1000000,2644,2026-08-03
-170760,النظيم,300,420000,1400,2026-08-03
-172179,النظيم,336,450000,1339,2026-08-03
-172180,النظيم,300,350000,1167,2026-08-03
-170906,النظيم,338,200000,592,2026-08-03
-172134,النظيم,177,480000,2709,2026-08-03
-170905,النظيم,384,384000,1000,2026-08-03
-172118,النظيم,168,450000,2668,2026-08-03
-172108,النظيم,100,360000,3597,2026-08-03
-170780,السويدي,234,432900,1850,2026-08-03
-170773,الشعلة,763,180000,236,2026-08-02
-172044,طيبة,960,1566666,1631,2026-08-02
-172067,طيبة,140,400000,2849,2026-08-02
-172069,طيبة,146,400000,2733,2026-08-02
-172059,الجنادرية,188,600000,3182,2026-08-02
-171992,الجنادرية,183,845310,4595,2026-08-02
-172053,الجنادرية,150,490000,3257,2026-08-02
-171987,المرجان,288,489000,1698,2026-08-02
-171984,النرجس,259,2350000,9048,2026-08-02
-172085,النرجس,450,3150000,7000,2026-08-02
-172095,النرجس,179,1150000,6390,2026-08-02
-171998,النرجس,106,975000,9151,2026-08-02
-172003,النرجس,114,975000,8488,2026-08-02
-171975,النرجس,337,2598750,7700,2026-08-02
-167651,الفوطة,552,100000,181,2026-08-02
-172022,الصفاء,425,1234037,2900,2026-08-02
-172061,السعادة,182,690000,3776,2026-08-02
-172082,الندوة,78,415000,5310,2026-08-02
-170872,الزاهر,960,640000,667,2026-08-02
-172064,ضاحية نمار,460,700000,1522,2026-08-02
-171971,ضاحية نمار,750,1010000,1347,2026-08-02
-170790,ضاحية نمار,810,648000,800,2026-08-02
-171995,ضاحية نمار,722,1400000,1938,2026-08-02
-170792,ضاحية نمار,2250,2250000,1000,2026-08-02
-171980,ضاحية نمار,276,950000,3439,2026-08-02
-171974,ضاحية نمار,375,520000,1387,2026-08-02
-170836,ضاحية نمار,450,500000,1111,2026-08-02
-170739,عريض,400,350000,875,2026-08-02
-170774,عريض,400,235000,588,2026-08-02
-170827,عريض,442,1000,2,2026-08-02
-170755,عريض,450,700000,1556,2026-08-02
-170781,عريض,900,1100000,1222,2026-08-02
-172020,ظهرة لبن,900,2700000,3000,2026-08-02
-170806,العلا,750,250000,333,2026-08-02
-171973,العارض,486,2357100,4850,2026-08-02
-171967,بدر,197,450000,2277,2026-08-02
-170823,بدر,2000,1200000,600,2026-08-02
-172089,بدر,588,550000,934,2026-08-02
-172007,بدر,97,300000,3079,2026-08-02
-172034,بدر,181,711000,3908,2026-08-02
-172075,قرطبة,31,208333,6560,2026-08-02
-170835,النظيم,324,200000,617,2026-08-02
-171993,النظيم,140,530000,3763,2026-08-02
-172040,النظيم,185,879000,4735,2026-08-02
-172057,النظيم,354,514000,1450,2026-08-02
-172058,النظيم,300,420000,1400,2026-08-02
-171960,الشعلة,645,193000,299,2026-08-01
-171961,النرجس,462,7400000,15994,2026-08-01
-171964,النرجس,399,6100000,15254,2026-08-01
-171963,النرجس,399,6100000,15254,2026-08-01
-171955,ضاحية نمار,390,429000,1100,2026-08-01
-171953,ضاحية نمار,390,429000,1100,2026-08-01
-161779,النرجس,923,5078700,5500,2026-07-31
-161861,طيبة,188,449200,2385,2026-07-30
-161814,طيبة,397,477000,1200,2026-07-30
-161864,طيبة,102,400000,3893,2026-07-30
-161809,طيبة,397,477000,1200,2026-07-30
-161802,الصحافة,73,1525000,20859,2026-07-30
-161794,الجنادرية,2397,3596700,1500,2026-07-30
-161901,الجنادرية,202,900000,4453,2026-07-30
-161892,المرجان,246,771000,3130,2026-07-30
-161797,المرجان,295,620550,2100,2026-07-30
-161795,المرجان,300,630000,2100,2026-07-30
-161821,النرجس,450,2610000,5800,2026-07-30
-161881,النرجس,233,2100000,8999,2026-07-30
-161862,النرجس,95,1220000,12716,2026-07-30
-161871,النرجس,130,1050000,8018,2026-07-30
-161866,النرجس,226,1550000,6841,2026-07-30
-161808,جرير,305,400000,1310,2026-07-30
-161801,الندوة,270,1000000,3704,2026-07-30
-161790,الندوة,143,557000,3879,2026-07-30
-161909,الندوة,174,720000,4121,2026-07-30
-161870,ضاحية نمار,750,1060000,1413,2026-07-30
-161853,ظهرة لبن,600,2000000,3333,2026-07-30
-161873,ظهرة لبن,409,907000,2217,2026-07-30
-161842,ظهرة لبن,900,3600000,4000,2026-07-30
-161840,ظهرة لبن,900,3600000,4000,2026-07-30
-161792,العارض,448,2240000,5000,2026-07-30
-161896,العارض,114,1365000,11912,2026-07-30
-161828,العارض,900,6660000,7400,2026-07-30
-161846,بدر,220,600000,2720,2026-07-30
-161791,المصفاة,750,1450000,1933,2026-07-30
-161829,المصفاة,725,500000,689,2026-07-30
-161806,النهضة,107,595000,5553,2026-07-30
-161822,الرمال,875,3740000,4274,2026-07-30
-161833,الهدا,2445,15100000,6174,2026-07-30
-161844,النظيم,1450,1377500,950,2026-07-30
-161855,النظيم,90,560000,6164,2026-07-30
-161884,النظيم,750,1312500,1750,2026-07-30
-161889,النظيم,322,1000000,3096,2026-07-30
-161820,النظيم,324,421200,1300,2026-07-30
-161845,النظيم,1450,1377500,950,2026-07-30
-161834,الوسام,306,1320000,4310,2026-07-30
-162056,الدار البيضاء,111,461850,4152,2026-07-29
-162023,الدار البيضاء,875,2100000,2400,2026-07-29
-162119,طيبة,375,450000,1200,2026-07-29
-162100,طيبة,375,450000,1200,2026-07-29
-162122,طيبة,375,450000,1200,2026-07-29
-162093,طيبة,374,450000,1200,2026-07-29
-162095,طيبة,374,450000,1200,2026-07-29
-162112,طيبة,375,450000,1200,2026-07-29
-162111,طيبة,374,450000,1200,2026-07-29
-162106,طيبة,374,450000,1200,2026-07-29
-162108,طيبة,374,450000,1200,2026-07-29
-162115,طيبة,375,450000,1200,2026-07-29
-162102,طيبة,375,450000,1200,2026-07-29
-162099,طيبة,375,450000,1200,2026-07-29
-162086,طيبة,374,450000,1200,2026-07-29
-162109,طيبة,375,450000,1200,2026-07-29
-162088,طيبة,374,450000,1200,2026-07-29
-162080,طيبة,375,450000,1200,2026-07-29
-162091,طيبة,375,450000,1200,2026-07-29
-162101,طيبة,375,450000,1200,2026-07-29
-162084,طيبة,375,450000,1200,2026-07-29
-162116,طيبة,240,720000,2995,2026-07-29
-162110,طيبة,375,450000,1200,2026-07-29
-162103,طيبة,374,450000,1200,2026-07-29
-162096,طيبة,374,450000,1200,2026-07-29
-162113,طيبة,374,450000,1200,2026-07-29
-162090,طيبة,375,450000,1200,2026-07-29
-162082,طيبة,374,450000,1200,2026-07-29
-162081,طيبة,374,450000,1200,2026-07-29
-162120,طيبة,374,450000,1200,2026-07-29
-162118,طيبة,375,450000,1200,2026-07-29
-162073,طيبة,374,450000,1200,2026-07-29
-162104,طيبة,374,450000,1200,2026-07-29
-161929,طيبة,203,500000,2457,2026-07-29
-162105,طيبة,375,450000,1200,2026-07-29
-162003,طيبة,166,478950,2876,2026-07-29
-162074,طيبة,375,450000,1200,2026-07-29
-162089,طيبة,374,450000,1200,2026-07-29
-162094,طيبة,430,516744,1200,2026-07-29
-162121,طيبة,375,450000,1200,2026-07-29
-161760,الجنادرية,270,1400000,5185,2026-07-29
-162083,الجنادرية,262,300000,1144,2026-07-29
-161922,الجنادرية,496,745320,1500,2026-07-29
-161957,المرجان,289,397300,1374,2026-07-29
-162055,المرجان,330,598549,1809,2026-07-29
-161935,النرجس,253,2250000,8893,2026-07-29
-161960,النرجس,300,4690000,15616,2026-07-29
-162077,النرجس,233,2100000,8999,2026-07-29
-162040,النرجس,142,1370000,9606,2026-07-29
-162057,النرجس,161,1400000,8686,2026-07-29
-162013,النرجس,806,5158400,6400,2026-07-29
-162012,النرجس,806,5158400,6400,2026-07-29
-162008,النرجس,520,3328000,6400,2026-07-29
-162007,النرجس,520,3328000,6400,2026-07-29
-162006,النرجس,520,3328000,6400,2026-07-29
-161992,النرجس,520,3328000,6400,2026-07-29
-161991,النرجس,520,3328000,6400,2026-07-29
-161990,النرجس,520,3328000,6400,2026-07-29
-161989,النرجس,520,3328000,6400,2026-07-29
-161988,النرجس,520,3328000,6400,2026-07-29
-161987,النرجس,520,3328000,6400,2026-07-29
-161983,النرجس,520,3328000,6400,2026-07-29
-161982,النرجس,520,3328000,6400,2026-07-29
-161981,النرجس,520,3328000,6400,2026-07-29
-161980,النرجس,520,3328000,6400,2026-07-29
-161979,النرجس,520,3328000,6400,2026-07-29
-161978,النرجس,520,3328000,6400,2026-07-29
-161969,النرجس,520,3328000,6400,2026-07-29
-161968,النرجس,520,3328000,6400,2026-07-29
-161967,النرجس,520,3328000,6400,2026-07-29
-161966,النرجس,780,4992000,6400,2026-07-29
-161965,النرجس,780,4992000,6400,2026-07-29
-162046,النرجس,500,159000,318,2026-07-29
-162019,البيان,219,800000,3653,2026-07-29
-162033,الفاروق,305,1470000,4814,2026-07-29
-162070,المعيزيلة,998,3575167,3580,2026-07-29
-162034,الندوة,82,550000,6636,2026-07-29
-161973,ضاحية نمار,164,410000,2500,2026-07-29
-162085,ضاحية نمار,300,1000000,3333,2026-07-29
-161934,عريض,480,430000,896,2026-07-29
-162000,عريض,400,210000,525,2026-07-29
-161964,عريض,500,410000,820,2026-07-29
-162022,ظهرة لبن,200,860000,4293,2026-07-29
-161917,ظهرة لبن,409,1842772,4503,2026-07-29
-162041,ظهرة لبن,894,3576000,4000,2026-07-29
-162031,ظهرة لبن,207,1110000,5348,2026-07-29
-162021,العارض,396,1702800,4300,2026-07-29
-162052,المونسية,94,936400,9902,2026-07-29
-161923,القدس,135,930000,6875,2026-07-29
-161924,المصفاة,595,750000,1260,2026-07-29
-161915,المصفاة,599,370000,617,2026-07-29
-161970,النهضة,124,900000,7242,2026-07-29
-161940,الرمال,450,1080000,2400,2026-07-29
-161937,الرمال,472,1086750,2300,2026-07-29
-161933,الرمال,450,1080000,2400,2026-07-29
-161930,الرمال,472,1086750,2300,2026-07-29
-161944,الرمال,450,1035000,2300,2026-07-29
-162048,النظيم,119,554189,4650,2026-07-29
-162068,النظيم,325,980000,3015,2026-07-29
-161943,النظيم,300,450000,1500,2026-07-29
-161942,النظيم,300,450000,1500,2026-07-29
-162267,طيبة,233,683368,2931,2026-07-28
-162253,طيبة,375,450000,1200,2026-07-28
-162154,طيبة,375,483750,1290,2026-07-28
-162213,طيبة,188,417000,2214,2026-07-28
-162155,طيبة,375,483750,1290,2026-07-28
-162142,القادسية,2400,4800000,2000,2026-07-28
-162127,الجنادرية,360,720000,2000,2026-07-28
-162192,الجنادرية,88,410000,4624,2026-07-28
-162239,الجنادرية,375,985000,2627,2026-07-28
-162261,الجنادرية,247,1050800,4252,2026-07-28
-162141,الجنادرية,191,309200,1613,2026-07-28
-162126,الجنادرية,360,720000,2000,2026-07-28
-162124,الجنادرية,360,720000,2000,2026-07-28
-162125,الجنادرية,360,720000,2000,2026-07-28
-162254,المرجان,107,430000,3997,2026-07-28
-162246,النرجس,183,1750000,9524,2026-07-28
-162252,النرجس,320,2464000,7700,2026-07-28
-162147,المعيزيلة,338,1183000,3500,2026-07-28
-162241,المعيزيلة,338,1183000,3500,2026-07-28
-162148,المعيزيلة,351,1183000,3370,2026-07-28
-162145,المعيزيلة,368,1290870,3500,2026-07-28
-162146,المعيزيلة,351,1228500,3500,2026-07-28
-162238,المعيزيلة,338,1183000,3500,2026-07-28
-162237,المعيزيلة,338,1183000,3500,2026-07-28
-162240,المعيزيلة,338,1183000,3500,2026-07-28
-162199,الصفاء,179,1000000,5568,2026-07-28
-162257,الصفاء,290,1522500,5250,2026-07-28
-162249,الصفاء,626,1847113,2950,2026-07-28
-162224,السعادة,285,956191,3350,2026-07-28
-162153,السعادة,154,700000,4519,2026-07-28
-162272,ضاحية نمار,900,1050000,1167,2026-07-28
-162227,ضاحية نمار,180,650000,3593,2026-07-28
-162087,عريض,450,285000,633,2026-07-28
-162152,عريض,500,560000,1120,2026-07-28
-162243,عريض,400,290000,725,2026-07-28
-162216,ظهرة لبن,156,840000,5374,2026-07-28
-162266,ظهرة لبن,147,780000,5297,2026-07-28
-162177,ظهرة لبن,400,1000000,2500,2026-07-28
-162135,ظهرة لبن,312,1406250,4500,2026-07-28
-162169,العارض,476,2522800,5300,2026-07-28
-162170,العارض,476,2522800,5300,2026-07-28
-162236,العارض,96,1000000,10377,2026-07-28
-162214,العارض,625,3468750,5550,2026-07-28
-162183,بدر,149,542000,3619,2026-07-28
-162209,بدر,213,680000,3178,2026-07-28
-162160,بدر,82,370000,4460,2026-07-28
-162194,بدر,246,620000,2514,2026-07-28
-162190,المصفاة,587,1762260,3000,2026-07-28
-162203,المصفاة,774,710000,917,2026-07-28
-162273,الرمال,276,1007010,3649,2026-07-28
-162231,الرمال,74,584000,7816,2026-07-28
-162255,الرمال,128,750000,5833,2026-07-28
-162144,النظيم,309,448949,1450,2026-07-28
-162168,النظيم,300,435000,1450,2026-07-28
-162270,النظيم,87,550000,6316,2026-07-28
-162407,الدار البيضاء,750,1275000,1700,2026-07-27
-162377,الشعلة,780,175000,224,2026-07-27
-162451,طيبة,141,560000,3969,2026-07-27
-162382,طيبة,350,420000,1200,2026-07-27
-162411,طيبة,468,561828,1200,2026-07-27
-162386,طيبة,350,420000,1200,2026-07-27
-162379,طيبة,475,420000,884,2026-07-27
-162412,طيبة,468,561828,1200,2026-07-27
-162388,طيبة,349,420000,1200,2026-07-27
-162390,طيبة,350,420000,1200,2026-07-27
-162408,طيبة,349,420000,1200,2026-07-27
-162397,طيبة,1945,3501054,1800,2026-07-27
-162417,طيبة,375,450000,1200,2026-07-27
-162413,طيبة,375,450000,1200,2026-07-27
-162383,طيبة,349,420000,1200,2026-07-27
-162385,طيبة,350,420000,1200,2026-07-27
-162409,طيبة,349,420000,1200,2026-07-27
-162405,طيبة,350,420000,1200,2026-07-27
-162392,طيبة,350,420000,1200,2026-07-27
-162380,طيبة,475,420000,884,2026-07-27
-162410,طيبة,350,420000,1200,2026-07-27
-162389,طيبة,350,420000,1200,2026-07-27
-162414,طيبة,375,450000,1200,2026-07-27
-162404,طيبة,374,450000,1200,2026-07-27
-162468,طيبة,375,450000,1200,2026-07-27
-162393,طيبة,1588,2859026,1800,2026-07-27
-162381,طيبة,1591,2863850,1800,2026-07-27
-162504,الجنادرية,580,1500000,2586,2026-07-27
-162310,الجنادرية,360,630000,1750,2026-07-27
-162114,الجنادرية,153,570000,3706,2026-07-27
-162349,المرجان,300,525000,1750,2026-07-27
-162473,النرجس,7,82154,10918,2026-07-27
-162317,النرجس,117,1130000,9606,2026-07-27
-162345,النرجس,121,1367800,11237,2026-07-27
-162461,النرجس,152,1374000,9023,2026-07-27
-162512,النرجس,165,1240000,7485,2026-07-27
-162302,النرجس,312,3000000,9600,2026-07-27
-162514,الصفاء,54,550000,10110,2026-07-27
-162359,الصفاء,440,2992000,6800,2026-07-27
-162365,الصفاء,460,3128000,6800,2026-07-27
-162339,ديراب,312,455000,1456,2026-07-27
-162434,الندوة,278,1230000,4411,2026-07-27
-162498,الندوة,165,986000,5962,2026-07-27
-162306,الزاهر,1103,520000,471,2026-07-27
-162524,ضاحية نمار,80,280000,3484,2026-07-27
-162353,عريض,450,330000,733,2026-07-27
-162534,عريض,450,315000,700,2026-07-27
-162322,ظهرة لبن,400,1500000,3750,2026-07-27
-162525,ظهرة لبن,900,3200000,3556,2026-07-27
-162501,ظهرة لبن,223,1000000,4465,2026-07-27
-162441,ظهرة لبن,1358,3804136,2800,2026-07-27
-162480,العلا,750,295000,393,2026-07-27
-162335,العلا,750,300000,400,2026-07-27
-162319,العارض,224,1035000,4610,2026-07-27
-162316,العارض,153,695000,4541,2026-07-27
-162320,العارض,207,1070000,5157,2026-07-27
-162485,العارض,175,1550000,8839,2026-07-27
-162460,العارض,750,4425000,5900,2026-07-27
-162300,بدر,472,1000000,2116,2026-07-27
-162452,بدر,246,715000,2897,2026-07-27
-162362,النهضة,511,3750000,7329,2026-07-27
-162294,النهضة,280,1344000,4800,2026-07-27
-162207,السحاب,300,465000,1550,2026-07-27
-162499,الرمال,300,1360000,4532,2026-07-27
-162497,الرمال,226,1185062,5228,2026-07-27
-162288,الرمال,300,1050000,3500,2026-07-27
-162458,الرمال,300,900000,3000,2026-07-27
-162459,الرمال,300,900000,3000,2026-07-27
-162287,الرمال,300,1050000,3500,2026-07-27
-162289,الرمال,300,1050000,3500,2026-07-27
-162449,الرمال,312,1187500,3800,2026-07-27
-162448,الرمال,312,1187500,3800,2026-07-27
-162446,الرمال,312,1187500,3800,2026-07-27
-162311,النظيم,319,494450,1550,2026-07-27
-162348,الوسام,300,510000,1700,2026-07-27
-162474,الوسام,300,570000,1900,2026-07-27
-162557,الشعلة,763,170000,223,2026-07-26
-162537,الشعلة,763,180000,236,2026-07-26
-162591,الشعلة,745,230000,309,2026-07-26
-162660,الغنامية,324,420000,1296,2026-07-26
-162592,طيبة,374,450000,1200,2026-07-26
-162581,طيبة,375,450000,1200,2026-07-26
-162586,طيبة,375,450000,1200,2026-07-26
-162596,طيبة,487,585000,1200,2026-07-26
-162573,الجنادرية,360,540000,1500,2026-07-26
-162700,الجنادرية,301,1100000,3649,2026-07-26
-162571,المرجان,300,591000,1970,2026-07-26
-162572,المرجان,300,591000,1970,2026-07-26
-162699,الخزامى,1224,8836158,7219,2026-07-26
-162690,الخزامى,900,6497175,7219,2026-07-26
-162662,الخزامى,1224,8836158,7219,2026-07-26
-162658,الخزامى,900,6497175,7219,2026-07-26
-162657,الخزامى,1224,8836158,7219,2026-07-26
-162696,الخزامى,900,6497175,7219,2026-07-26
-162689,النرجس,500,3000000,6000,2026-07-26
-162564,النرجس,600,3300000,5500,2026-07-26
-162616,النرجس,105,1000000,9491,2026-07-26
-162588,البيان,97,395000,4045,2026-07-26
-162653,البيان,412,1000000,2424,2026-07-26
-162705,المعيزيلة,145,600000,4137,2026-07-26
-162668,الربيع,390,3120000,8000,2026-07-26
-162773,الندوة,144,550000,3812,2026-07-26
-162695,الزاهر,870,350000,402,2026-07-26
-162776,الزاهر,900,510000,567,2026-07-26
-162683,ضاحية نمار,203,700000,3442,2026-07-26
-162553,ضاحية نمار,2184,1100000,504,2026-07-26
-162693,ضاحية نمار,191,780000,4073,2026-07-26
-162614,ضاحية نمار,720,700000,972,2026-07-26
-162627,ضاحية نمار,390,429000,1100,2026-07-26
-162629,عريض,400,225000,562,2026-07-26
-162595,عريض,450,450000,1000,2026-07-26
-162620,عريض,500,580000,1160,2026-07-26
-162594,عريض,450,410000,911,2026-07-26
-162606,عريض,1050,900000,857,2026-07-26
-162559,عريض,400,260000,650,2026-07-26
-162590,عريض,900,600000,667,2026-07-26
-162517,عريض,497,310000,623,2026-07-26
-162697,عريض,907,440000,485,2026-07-26
-162601,عريض,900,550000,611,2026-07-26
-162643,العلا,750,305000,407,2026-07-26
-162558,العلا,750,265000,353,2026-07-26
-162536,العلا,750,270000,360,2026-07-26
-162650,العارض,459,2157300,4700,2026-07-26
-162575,العارض,352,1513600,4300,2026-07-26
-162763,اليرموك,166,1270000,7645,2026-07-26
-162664,بدر,172,540000,3126,2026-07-26
-162578,بدر,500,800000,1600,2026-07-26
-162676,قرطبة,214,1600000,7468,2026-07-26
-162635,النظيم,451,573240,1270,2026-07-26
-162642,النظيم,191,800000,4182,2026-07-26
-162619,النظيم,165,425000,2574,2026-07-26
-162576,النظيم,360,486000,1350,2026-07-26
-162579,النظيم,88,200000,2254,2026-07-26
-162593,النظيم,411,400000,972,2026-07-26
-162777,الجنادرية,375,600000,1600,2026-07-25
-162784,النرجس,282,3700000,13121,2026-07-24
-162787,النظيم,312,300000,960,2026-07-24
-162977,الدار البيضاء,875,7000000,8000,2026-07-23
-162898,الدار البيضاء,1260,7575000,6012,2026-07-23
-163000,الشعلة,845,300000,355,2026-07-23
-162901,طيبة,375,450000,1200,2026-07-23
-162872,طيبة,142,621000,4359,2026-07-23
-162890,طيبة,449,539976,1200,2026-07-23
-162902,طيبة,375,450000,1200,2026-07-23
-162889,طيبة,449,539976,1200,2026-07-23
-162932,الجنادرية,195,600000,3075,2026-07-23
-162957,الجنادرية,238,800000,3355,2026-07-23
-162841,الجنادرية,117,478499,4089,2026-07-23
-162949,الجنادرية,198,700000,3526,2026-07-23
-162883,المرجان,300,630000,2100,2026-07-23
-162806,النرجس,450,2385000,5300,2026-07-23
-162972,النرجس,163,1500000,9154,2026-07-23
-162837,النرجس,270,1850000,6850,2026-07-23
-162892,النرجس,153,1366000,8883,2026-07-23
-162940,النرجس,130,1472000,11238,2026-07-23
-162888,جرير,587,2100000,3574,2026-07-23
-162865,الندوة,119,600000,5023,2026-07-23
-162938,الندوة,160,526000,3278,2026-07-23
-162895,الندوة,200,690000,3444,2026-07-23
-162893,عريض,500,530000,1060,2026-07-23
-162838,عريض,450,260000,578,2026-07-23
-162798,عريض,450,300000,667,2026-07-23
-162870,ظهرة لبن,1080,3760000,3481,2026-07-23
-162996,الوادي,115,1250000,10839,2026-07-23
-162824,النزهة,520,4227940,8123,2026-07-23
-162997,المونسية,223,1435000,6434,2026-07-23
-162845,المونسية,169,1000000,5903,2026-07-23
-162929,المصفاة,750,1500000,2000,2026-07-23
-162942,الرمال,190,1093000,5747,2026-07-23
-162960,قرطبة,239,1400000,5839,2026-07-23
-162982,قرطبة,239,1650000,6882,2026-07-23
-162944,النظيم,348,539400,1550,2026-07-23
-162818,النظيم,300,450000,1500,2026-07-23
-162853,النظيم,312,452400,1450,2026-07-23
-162931,النظيم,97,450000,4635,2026-07-23
-162954,النظيم,348,1000000,2874,2026-07-23
-162926,النظيم,348,850000,2442,2026-07-23
-162852,الوسام,300,465000,1550,2026-07-23
-158230,الشعلة,735,200000,272,2026-07-22
-158063,طيبة,217,660000,3033,2026-07-22
-158237,الصحافة,206,2399000,11642,2026-07-22
-157892,الجنادرية,118,527000,4443,2026-07-22
-161755,الجنادرية,264,1413000,5352,2026-07-22
-158303,الجنادرية,190,550000,2889,2026-07-22
-158188,الجنادرية,360,1800000,5000,2026-07-22
-157984,الجنادرية,399,598605,1500,2026-07-22
-158361,المرجان,80,320000,3971,2026-07-22
-158278,المرجان,900,2565000,2850,2026-07-22
-158249,المرجان,868,2475852,2850,2026-07-22
-158259,المرجان,1618,4613153,2850,2026-07-22
-157742,النرجس,337,1729687,5125,2026-07-22
-157736,النرجس,337,1729687,5125,2026-07-22
-157731,النرجس,315,1614375,5125,2026-07-22
-157730,النرجس,315,1614375,5125,2026-07-22
-157729,النرجس,315,1614375,5125,2026-07-22
-157728,النرجس,315,1614375,5125,2026-07-22
-157685,النرجس,315,1614375,5125,2026-07-22
-157741,النرجس,315,1614375,5125,2026-07-22
-157677,النرجس,315,1614375,5125,2026-07-22
-157678,النرجس,315,1614375,5125,2026-07-22
-157681,النرجس,315,1614375,5125,2026-07-22
-157680,النرجس,315,1614375,5125,2026-07-22
-157682,النرجس,315,1614375,5125,2026-07-22
-157683,النرجس,315,1614375,5125,2026-07-22
-157737,النرجس,337,1729687,5124,2026-07-22
-157734,النرجس,337,1729943,5123,2026-07-22
-158198,النرجس,495,2000000,4040,2026-07-22
-158391,النرجس,299,2306766,7700,2026-07-22
-157935,النرجس,335,2617134,7800,2026-07-22
-157922,النرجس,335,2615730,7800,2026-07-22
-157917,النرجس,319,2495922,7800,2026-07-22
-157930,النرجس,320,2496078,7800,2026-07-22
-157929,النرجس,319,2495220,7800,2026-07-22
-157926,النرجس,320,2496780,7800,2026-07-22
-157918,النرجس,367,2864706,7800,2026-07-22
-157934,النرجس,375,2930694,7800,2026-07-22
-161770,البيان,271,1200000,4416,2026-07-22
-161769,البيان,76,550000,7175,2026-07-22
-158296,الصفاء,424,1231659,2900,2026-07-22
-157908,الصفاء,179,1300000,7238,2026-07-22
-157889,الندوة,302,1000000,3307,2026-07-22
-158399,الزاهر,900,415000,461,2026-07-22
-163005,الزاهر,900,300000,333,2026-07-22
-158181,ضاحية نمار,750,850000,1133,2026-07-22
-158160,ضاحية نمار,900,1850000,2056,2026-07-22
-161752,عريض,517,360000,696,2026-07-22
-158197,عريض,500,300000,600,2026-07-22
-163008,العلا,750,260000,347,2026-07-22
-163012,العلا,755,330000,437,2026-07-22
-158158,العلا,750,260000,347,2026-07-22
-163011,العلا,765,210000,275,2026-07-22
-158395,العلا,750,250000,333,2026-07-22
-163010,العارض,375,1875000,5000,2026-07-22
-163002,العارض,900,4410000,4900,2026-07-22
-158390,العوالي,314,1127500,3583,2026-07-22
-158286,بدر,177,515000,2902,2026-07-22
-157911,بدر,449,404442,900,2026-07-22
-157912,بدر,482,434547,900,2026-07-22
-157725,المصفاة,4290,13776012,3211,2026-07-22
-157949,المصفاة,4290,13776173,3211,2026-07-22
-157726,المصفاة,4290,13776301,3211,2026-07-22
-157950,المصفاة,4289,13773155,3211,2026-07-22
-157907,الرمال,276,786600,2850,2026-07-22
-157904,الرمال,276,786600,2850,2026-07-22
-157901,الرمال,276,786600,2850,2026-07-22
-158031,الرمال,600,1920000,3200,2026-07-22
-158341,الرمال,188,917200,4873,2026-07-22
-158026,الرمال,600,1920000,3200,2026-07-22
-158028,الرمال,600,1920000,3200,2026-07-22
-161759,الرمال,600,1920000,3200,2026-07-22
-161757,الرمال,600,1920000,3200,2026-07-22
-158128,الرمال,600,1920000,3200,2026-07-22
-161761,الرمال,600,1920000,3200,2026-07-22
-161758,الرمال,600,1920000,3200,2026-07-22
-161756,الرمال,600,1920000,3200,2026-07-22
-158161,الرمال,600,1920000,3200,2026-07-22
-158166,الرمال,600,1920000,3200,2026-07-22
-158175,الرمال,600,1920000,3200,2026-07-22
-158176,الرمال,600,1920000,3200,2026-07-22
-157707,الرمال,114,600000,5249,2026-07-22
-158034,الرمال,600,1920000,3200,2026-07-22
-158400,قرطبة,130,1150000,8791,2026-07-22
-161753,النظيم,300,435000,1450,2026-07-22
-163017,النظيم,279,882507,3161,2026-07-22
-161765,النظيم,183,410000,2238,2026-07-22
-158299,النظيم,94,250000,2647,2026-07-22
-163001,الوسام,300,620000,2067,2026-07-22
-163177,الدار البيضاء,130,550000,4206,2026-07-21
-163056,المربع,841,3029400,3600,2026-07-21
-163080,طيبة,108,432000,3996,2026-07-21
-163225,طيبة,249,750000,3002,2026-07-21
-163035,طيبة,167,550000,3292,2026-07-21
-163033,طيبة,149,550000,3684,2026-07-21
-163026,الجنادرية,1537,5500000,3577,2026-07-21
-163174,الجنادرية,191,800000,4170,2026-07-21
-163200,الجنادرية,312,1620000,5184,2026-07-21
-163061,الجنادرية,120,430000,3563,2026-07-21
-163228,الجنادرية,312,531250,1700,2026-07-21
-163152,الجنادرية,262,900000,3428,2026-07-21
-163157,الجنادرية,177,658600,3714,2026-07-21
-163023,المرجان,2137,4847441,2268,2026-07-21
-163039,المرجان,82,250000,3041,2026-07-21
-163181,المرجان,900,2280000,2533,2026-07-21
-163192,النرجس,189,1244000,6553,2026-07-21
-163237,النرجس,475,151050,318,2026-07-21
-159243,النرجس,442,2479660,5599,2026-07-21
-159242,النرجس,375,1989143,5300,2026-07-21
-163231,النرجس,569,180942,318,2026-07-21
-163030,النرجس,479,3736980,7800,2026-07-21
-163034,النرجس,900,5265000,5850,2026-07-21
-163087,النرجس,405,2227500,5500,2026-07-21
-163164,البيان,236,900000,3805,2026-07-21
-163213,الفاروق,600,2040000,3400,2026-07-21
-163214,الفاروق,625,2125000,3400,2026-07-21
-163239,المعيزيلة,195,1350000,6898,2026-07-21
-163207,ديراب,625,812500,1300,2026-07-21
-163111,ديراب,173,480000,2773,2026-07-21
-163097,ضاحية نمار,237,564000,2370,2026-07-21
-163219,ضاحية نمار,148,600000,4036,2026-07-21
-163050,ضاحية نمار,900,980000,1089,2026-07-21
-163064,عريض,450,260000,578,2026-07-21
-163148,عريض,450,300000,667,2026-07-21
-163036,عريض,400,215000,538,2026-07-21
-163246,عريض,450,385000,856,2026-07-21
-163024,ظهرة لبن,146,740000,5053,2026-07-21
-163021,ظهرة لبن,133,685000,5116,2026-07-21
-163027,ظهرة لبن,139,690000,4946,2026-07-21
-163153,ظهرة لبن,900,2050000,2278,2026-07-21
-163159,ظهرة لبن,190,1029500,5402,2026-07-21
-163032,العارض,405,1620000,4000,2026-07-21
-163230,العارض,133,1189000,8916,2026-07-21
-163076,العارض,7830,3915000,500,2026-07-21
-163079,العارض,7830,3915000,500,2026-07-21
-163151,العوالي,314,1000000,3178,2026-07-21
-163232,العوالي,136,550000,4042,2026-07-21
-163075,العوالي,131,498000,3793,2026-07-21
-163116,اليرموك,400,2120000,5300,2026-07-21
-163105,بدر,266,159906,600,2026-07-21
-163166,بدر,225,699000,3095,2026-07-21
-163161,بدر,201,700000,3475,2026-07-21
-163165,بدر,201,700000,3475,2026-07-21
-163173,بدر,228,594937,2599,2026-07-21
-163103,بدر,2000,1200000,600,2026-07-21
-163249,الحائر,232,148000,637,2026-07-21
-163236,المصفاة,599,1000000,1667,2026-07-21
-163222,السحاب,300,495000,1650,2026-07-21
-163043,الرمال,133,550000,4123,2026-07-21
-163040,الرمال,133,550000,4124,2026-07-21
-163077,الرمال,619,2106844,3400,2026-07-21
-163203,الرمال,300,1090046,3633,2026-07-21
-163025,النظيم,189,500000,2635,2026-07-21
-163212,النظيم,324,1400000,4321,2026-07-21
-163065,النظيم,348,469800,1350,2026-07-21
-163211,النظيم,111,410000,3692,2026-07-21
-163068,الوسام,300,502500,1675,2026-07-21
-163450,الشعلة,747,207000,277,2026-07-20
-163349,طيبة,265,685000,2577,2026-07-20
-163367,طيبة,95,513824,5380,2026-07-20
-163337,الجنادرية,226,469738,2071,2026-07-20
-163384,الجنادرية,600,900000,1500,2026-07-20
-163272,المرجان,178,600000,3359,2026-07-20
-163353,المرجان,940,2003372,2130,2026-07-20
-163386,النرجس,183,1849000,10063,2026-07-20
-163400,النرجس,201,1739000,8649,2026-07-20
-163366,النرجس,13,101538,7759,2026-07-20
-163271,النرجس,138,1349700,9760,2026-07-20
-163270,النرجس,149,1380000,9234,2026-07-20
-163416,النرجس,156,1394000,8927,2026-07-20
-163359,النرجس,491,156414,318,2026-07-20
-163318,المعيزيلة,300,1050000,3500,2026-07-20
-163307,المعيزيلة,329,1153250,3500,2026-07-20
-163298,المعيزيلة,226,1000000,4414,2026-07-20
-163280,الصفاء,306,903438,2950,2026-07-20
-163345,الصفاء,312,1000000,3200,2026-07-20
-163328,الصفاء,312,1000000,3200,2026-07-20
-163300,الصفاء,400,1584400,3961,2026-07-20
-163372,الندوة,151,648000,4291,2026-07-20
-163283,الزاهر,900,480000,533,2026-07-20
-163363,ضاحية نمار,89,430000,4784,2026-07-20
-163404,ضاحية نمار,468,1300000,2778,2026-07-20
-163382,ضاحية نمار,94,399517,4215,2026-07-20
-163332,ضاحية نمار,216,550000,2544,2026-07-20
-163343,عريض,400,230000,575,2026-07-20
-163269,ظهرة لبن,1200,6000000,5000,2026-07-20
-163288,العارض,177,1292000,7298,2026-07-20
-163321,العارض,300,1650000,5500,2026-07-20
-163305,العارض,575,2990000,5200,2026-07-20
-163324,العارض,600,3292520,5488,2026-07-20
-163377,العارض,114,1180000,10307,2026-07-20
-163325,العارض,600,3600000,6000,2026-07-20
-163329,العارض,560,3080000,5500,2026-07-20
-163327,العارض,560,3080000,5500,2026-07-20
-163326,العارض,560,3080000,5500,2026-07-20
-163317,العارض,560,3080000,5500,2026-07-20
-163323,العارض,560,3080000,5500,2026-07-20
-163330,العارض,560,3080000,5500,2026-07-20
-163331,العارض,580,3193740,5500,2026-07-20
-163335,العارض,580,3193740,5500,2026-07-20
-163352,العوالي,250,1000000,3995,2026-07-20
-163438,بدر,182,445000,2439,2026-07-20
-163417,بدر,181,660000,3628,2026-07-20
-163362,بدر,250,600000,2396,2026-07-20
-163381,المصفاة,599,4000000,6668,2026-07-20
-163273,المصفاة,900,1620000,1800,2026-07-20
-163422,الرمال,1992,7969400,4000,2026-07-20
-163439,الرمال,221,1050000,4742,2026-07-20
-163341,الرمال,312,1187500,3800,2026-07-20
-163342,الرمال,312,1187500,3800,2026-07-20
-163412,الرمال,375,1500000,4000,2026-07-20
-163304,النظيم,728,655713,900,2026-07-20
-163299,النظيم,300,450000,1500,2026-07-20
-163274,النظيم,305,351600,1150,2026-07-20
-163630,الدار البيضاء,130,460000,3517,2026-07-19
-163626,شبرا,400,1240000,3100,2026-07-19
-163628,شبرا,609,4875840,8000,2026-07-19
-163635,شبرا,400,1240000,3100,2026-07-19
-163639,شبرا,605,4842560,8000,2026-07-19
-163633,شبرا,400,1240000,3100,2026-07-19
-163643,شبرا,605,4832237,7985,2026-07-19
-163510,الشعلة,750,250000,333,2026-07-19
-163530,الشعلة,750,220000,293,2026-07-19
-163490,طيبة,151,455000,2995,2026-07-19
-163594,طيبة,172,620000,3585,2026-07-19
-163488,الجنادرية,600,900000,1500,2026-07-19
-163444,الجنادرية,544,1198890,2200,2026-07-19
-158423,النرجس,287,2400000,8334,2026-07-19
-158422,النرجس,249,2150000,8634,2026-07-19
-163480,النرجس,111,1100000,9838,2026-07-19
-163537,النرجس,104,1210000,11592,2026-07-19
-163600,النرجس,165,1630000,9823,2026-07-19
-163483,البيان,99,200000,2011,2026-07-19
-163461,النسيم الغربي,750,1000000,1333,2026-07-19
-163526,ضاحية نمار,260,760000,2919,2026-07-19
-163563,عريض,450,400000,889,2026-07-19
-163533,عريض,500,460000,920,2026-07-19
-163536,عريض,750,450000,600,2026-07-19
-163477,عريض,400,520000,1300,2026-07-19
-163548,عريض,500,340000,680,2026-07-19
-163544,عريض,400,220000,550,2026-07-19
-163470,عريض,400,200000,500,2026-07-19
-163540,عريض,500,500000,1000,2026-07-19
-163561,عريض,414,250000,604,2026-07-19
-163619,عريض,450,340000,756,2026-07-19
-163545,ظهرة لبن,1200,5750000,4792,2026-07-19
-163498,العلا,750,300000,400,2026-07-19
-163471,العلا,743,302000,406,2026-07-19
-163456,العارض,500,2700000,5400,2026-07-19
-163509,العارض,351,1160156,3300,2026-07-19
-163559,العارض,95,1100000,11574,2026-07-19
-163524,اليرموك,393,2150000,5461,2026-07-19
-163549,بدر,315,785000,2492,2026-07-19
-163463,بدر,212,870000,4094,2026-07-19
-163521,المصفاة,1600,2816000,1760,2026-07-19
-163605,النهضة,125,500000,4000,2026-07-19
-163522,أحد,1005,2000000,1990,2026-07-19
-163613,النظيم,360,511200,1420,2026-07-19
-163640,النظيم,360,511200,1420,2026-07-19
-163500,النظيم,365,456450,1250,2026-07-19
-163565,النظيم,719,719870,1000,2026-07-19
-163497,النظيم,719,935831,1300,2026-07-19
-163663,المصفاة,440,850000,1932,2026-07-18
-163665,النظيم,151,300000,1982,2026-07-17
-163721,الياسمين,1050,27833188,26508,2026-07-16
-163722,الياسمين,753,19961565,26508,2026-07-16
-163784,الدار البيضاء,100,395000,3942,2026-07-16
-163753,طيبة,397,397000,999,2026-07-16
-163726,طيبة,203,800000,3931,2026-07-16
-163738,طيبة,314,449000,1427,2026-07-16
-163736,طيبة,257,395000,1535,2026-07-16
-163754,طيبة,397,397000,999,2026-07-16
-163752,طيبة,555,444264,800,2026-07-16
-163751,الجنادرية,223,778000,3483,2026-07-16
-163789,الجنادرية,375,1000000,2667,2026-07-16
-163674,الجنادرية,380,628600,1650,2026-07-16
-163701,المرجان,331,556466,1680,2026-07-16
-163836,المرجان,265,910000,3434,2026-07-16
-163676,النسيم الشرقي,1200,3100000,2583,2026-07-16
-163695,النرجس,256,3600000,14035,2026-07-16
-163834,النرجس,110,1300000,11713,2026-07-16
-163786,النرجس,159,1634640,10229,2026-07-16
-163683,النرجس,930,4929000,5300,2026-07-16
-163764,البيان,330,2000000,6048,2026-07-16
-163839,المعيزيلة,183,850000,4638,2026-07-16
-163689,الزاهر,985,1100000,1116,2026-07-16
-163680,عريض,450,400000,889,2026-07-16
-163767,النخيل,750,16000000,21333,2026-07-16
-163778,العارض,146,1190000,8135,2026-07-16
-163671,العارض,450,1575000,3500,2026-07-16
-163703,بدر,227,600000,2642,2026-07-16
-163777,بدر,156,600000,3822,2026-07-16
-163733,بدر,211,700000,3316,2026-07-16
-163673,بدر,475,500000,1053,2026-07-16
-163716,المصفاة,750,1300000,1733,2026-07-16
-163707,النهضة,260,2230000,8577,2026-07-16
-163687,الرمال,480,1440000,3000,2026-07-16
-163768,الرمال,225,1165000,5161,2026-07-16
-163837,النظيم,312,1900000,6080,2026-07-16
-163843,النظيم,300,450000,1500,2026-07-16
-163681,النظيم,312,468000,1500,2026-07-16
-163684,النظيم,312,468000,1500,2026-07-16
-163735,النظيم,184,550000,2979,2026-07-16
-163728,النظيم,405,347000,857,2026-07-16
-163827,النظيم,300,940000,3133,2026-07-16
-163766,النظيم,377,508950,1350,2026-07-16
-163902,الدار البيضاء,1050,2700000,2571,2026-07-15
-163897,الدار البيضاء,1050,3675000,3500,2026-07-15
-163923,الشعلة,660,240000,364,2026-07-15
-163990,الشعلة,750,200000,267,2026-07-15
-163945,المربع,11500,46000000,4000,2026-07-15
-163986,طيبة,397,477000,1200,2026-07-15
-163988,طيبة,397,477000,1200,2026-07-15
-163983,طيبة,397,477000,1200,2026-07-15
-163987,طيبة,397,477000,1200,2026-07-15
-163985,طيبة,397,477000,1200,2026-07-15
-163989,طيبة,397,477000,1200,2026-07-15
-163964,طيبة,262,801000,3056,2026-07-15
-164023,طيبة,177,625000,3519,2026-07-15
-163879,القادسية,1080,4000000,3704,2026-07-15
-163855,الجنادرية,273,546120,2000,2026-07-15
-163854,الجنادرية,268,537320,2000,2026-07-15
-163853,الجنادرية,273,546200,2000,2026-07-15
-163949,المرجان,296,495489,1670,2026-07-15
-164066,النسيم الشرقي,1722,4658521,2705,2026-07-15
-164081,النسيم الشرقي,2046,5535458,2705,2026-07-15
-164072,النسيم الشرقي,3021,8262763,2735,2026-07-15
-164059,النسيم الشرقي,1400,3831024,2735,2026-07-15
-164057,النسيم الشرقي,1330,3639243,2735,2026-07-15
-164080,النسيم الشرقي,1137,2587813,2275,2026-07-15
-164058,النسيم الشرقي,1137,2587813,2275,2026-07-15
-164062,النسيم الشرقي,1750,3981250,2275,2026-07-15
-164049,النسيم الشرقي,1750,3981250,2275,2026-07-15
-164073,النسيم الشرقي,1137,2587813,2275,2026-07-15
-164047,النسيم الشرقي,1137,2587813,2275,2026-07-15
-164046,النسيم الشرقي,781,2153473,2755,2026-07-15
-164063,النسيم الشرقي,1306,3011924,2305,2026-07-15
-164035,النسيم الشرقي,1615,3803325,2355,2026-07-15
-164068,النسيم الشرقي,1435,3379425,2355,2026-07-15
-164074,النسيم الشرقي,1000,2245000,2245,2026-07-15
-164053,النسيم الشرقي,1189,2669417,2245,2026-07-15
-164034,النسيم الشرقي,1000,2245000,2245,2026-07-15
-164069,النسيم الشرقي,1187,2666880,2245,2026-07-15
-164083,النسيم الشرقي,1000,2245000,2245,2026-07-15
-164043,النسيم الشرقي,1015,2279551,2245,2026-07-15
-164079,النسيم الشرقي,1088,2444444,2245,2026-07-15
-164037,النسيم الشرقي,830,1864562,2245,2026-07-15
-164031,النسيم الشرقي,1674,3842932,2295,2026-07-15
-164051,النسيم الشرقي,1541,3536618,2295,2026-07-15
-164084,النسيم الشرقي,1671,3836161,2295,2026-07-15
-164055,النسيم الشرقي,1539,3533726,2295,2026-07-15
-164071,النسيم الشرقي,3070,9378850,3055,2026-07-15
-164076,النسيم الشرقي,2870,8767850,3055,2026-07-15
-164040,النسيم الشرقي,2870,9054850,3155,2026-07-15
-164065,النسيم الشرقي,2860,9094800,3180,2026-07-15
-164050,النسيم الشرقي,2940,9349200,3180,2026-07-15
-164061,النسيم الشرقي,3035,8786325,2895,2026-07-15
-164077,النسيم الشرقي,885,2421651,2735,2026-07-15
-164054,النسيم الشرقي,861,2355273,2735,2026-07-15
-164075,النسيم الشرقي,861,2355273,2735,2026-07-15
-164036,النسيم الشرقي,1180,3229488,2735,2026-07-15
-164085,النسيم الشرقي,3218,8801339,2735,2026-07-15
-164048,النسيم الشرقي,1093,2924899,2675,2026-07-15
-164033,النسيم الشرقي,1093,2924364,2675,2026-07-15
-164042,النسيم الشرقي,1093,2924176,2675,2026-07-15
-164052,النسيم الشرقي,1093,2923829,2675,2026-07-15
-164056,النسيم الشرقي,1092,2923481,2675,2026-07-15
-164041,النسيم الشرقي,1092,2923133,2675,2026-07-15
-164044,النسيم الشرقي,1092,2922785,2675,2026-07-15
-164045,النسيم الشرقي,966,2698038,2793,2026-07-15
-164067,النسيم الشرقي,924,2580732,2793,2026-07-15
-164078,النسيم الشرقي,924,2580732,2793,2026-07-15
-164060,النسيم الشرقي,1003,2801854,2793,2026-07-15
-163921,النرجس,475,151050,318,2026-07-15
-163904,النرجس,500,159000,318,2026-07-15
-163909,النرجس,207,1500000,7225,2026-07-15
-163994,البيان,432,1900000,4398,2026-07-15
-164082,المعيزيلة,1000,3295000,3295,2026-07-15
-158426,المعيزيلة,1000,3295000,3295,2026-07-15
-164064,المعيزيلة,1132,4055424,3580,2026-07-15
-164030,المعيزيلة,2061,7379132,3580,2026-07-15
-163978,الصفاء,375,1087500,2900,2026-07-15
-164014,الندوة,125,450000,3585,2026-07-15
-163951,الزاهر,936,400000,427,2026-07-15
-163888,ضاحية نمار,375,450000,1200,2026-07-15
-163865,ضاحية نمار,1050,1260000,1200,2026-07-15
-164086,ضاحية نمار,375,1318000,3515,2026-07-15
-163929,ضاحية نمار,390,429000,1100,2026-07-15
-164094,عريض,450,320000,711,2026-07-15
-163861,عريض,405,345000,852,2026-07-15
-163911,ظهرة لبن,1200,5900000,4917,2026-07-15
-163896,ظهرة لبن,400,2700000,6750,2026-07-15
-164016,ظهرة لبن,208,1164000,5596,2026-07-15
-163995,ظهرة لبن,116,690000,5932,2026-07-15
-163894,ظهرة لبن,140,830000,5911,2026-07-15
-163946,العارض,108,836100,7685,2026-07-15
-164026,العارض,96,900000,9340,2026-07-15
-163871,العوالي,139,630000,4506,2026-07-15
-163999,العوالي,241,1342000,5548,2026-07-15
-164099,المونسية,202,850000,4203,2026-07-15
-164012,بدر,236,650000,2750,2026-07-15
-163872,المصفاة,599,500000,833,2026-07-15
-163905,المصفاة,599,575000,958,2026-07-15
-163846,الرمال,3099,6200000,2000,2026-07-15
-163954,الرمال,239,1100000,4591,2026-07-15
-163993,الرمال,235,930000,3946,2026-07-15
-163935,الرمال,2522,4792370,1900,2026-07-15
-163968,النظيم,171,530000,3084,2026-07-15
-163957,النظيم,144,400000,2759,2026-07-15
-164157,الغنامية,247,185000,748,2026-07-14
-164180,طيبة,375,450000,1200,2026-07-14
-164178,طيبة,375,450000,1200,2026-07-14
-164175,طيبة,374,450000,1200,2026-07-14
-164181,طيبة,375,450000,1200,2026-07-14
-164177,طيبة,375,450000,1200,2026-07-14
-164170,طيبة,375,450000,1200,2026-07-14
-164171,طيبة,375,450000,1200,2026-07-14
-164183,طيبة,375,450000,1200,2026-07-14
-164182,طيبة,375,450000,1200,2026-07-14
-164172,طيبة,375,450000,1200,2026-07-14
-164210,طيبة,350,1570000,4486,2026-07-14
-164241,الجنادرية,375,1000000,2667,2026-07-14
-164114,الجنادرية,500,1500000,3000,2026-07-14
-164265,الجنادرية,82,540000,6550,2026-07-14
-164249,الجنادرية,109,628000,5754,2026-07-14
-164200,الجنادرية,300,450000,1500,2026-07-14
-164197,المرجان,300,534000,1780,2026-07-14
-164196,المرجان,300,534000,1780,2026-07-14
-164257,النرجس,424,1500000,3530,2026-07-14
-164254,النرجس,115,1300000,11228,2026-07-14
-164163,النرجس,1225,10130000,8269,2026-07-14
-164158,النرجس,1225,10680000,8718,2026-07-14
-164188,النرجس,207,1575000,7608,2026-07-14
-164101,الربيع,650,4550000,7000,2026-07-14
-164173,السعادة,203,500000,2458,2026-07-14
-164174,السعادة,203,500000,2458,2026-07-14
-164142,الندوة,270,1000000,3704,2026-07-14
-164207,الندوة,339,1018500,3000,2026-07-14
-164192,الزاهر,870,400000,460,2026-07-14
-164103,ضاحية نمار,537,806250,1500,2026-07-14
-164113,ضاحية نمار,437,200000,457,2026-07-14
-164102,ضاحية نمار,537,806250,1500,2026-07-14
-164108,ضاحية نمار,537,806250,1500,2026-07-14
-164220,ضاحية نمار,148,543000,3652,2026-07-14
-164133,عريض,414,215000,519,2026-07-14
-164198,عريض,425,240000,565,2026-07-14
-164269,عريض,425,355000,835,2026-07-14
-164228,عريض,488,830000,1701,2026-07-14
-164258,ظهرة لبن,132,900000,6773,2026-07-14
-164162,العارض,95,864000,9021,2026-07-14
-164166,العارض,600,3510000,5850,2026-07-14
-164165,المصيف,77,1045000,13489,2026-07-14
-164139,اليرموك,423,2325000,5496,2026-07-14
-164223,بدر,168,621053,3677,2026-07-14
-164186,بدر,224,835000,3726,2026-07-14
-164116,المصفاة,599,575000,958,2026-07-14
-164187,المصفاة,599,550000,917,2026-07-14
-164107,السحاب,300,510000,1700,2026-07-14
-164213,الرمال,360,962000,2672,2026-07-14
-164137,الرمال,480,1440000,3000,2026-07-14
-164238,الرمال,169,820000,4851,2026-07-14
-164155,النظيم,1182,1774050,1501,2026-07-14
-164176,الوسام,300,630000,2100,2026-07-14
-164105,الوسام,300,480000,1600,2026-07-14
-164104,الوسام,300,480000,1600,2026-07-14
-164106,الوسام,362,580000,1600,2026-07-14
-164286,الشعلة,750,225000,300,2026-07-13
-164354,طيبة,182,400000,2187,2026-07-13
-164349,الجنادرية,660,1650000,2500,2026-07-13
-164313,الجنادرية,312,491400,1575,2026-07-13
-164317,الجنادرية,312,491400,1575,2026-07-13
-164371,الجنادرية,320,1000000,3119,2026-07-13
-164384,النرجس,103,1040000,10094,2026-07-13
-164380,النرجس,116,1040000,8911,2026-07-13
-164379,النرجس,272,2550000,9373,2026-07-13
-164314,النرجس,149,1355000,9067,2026-07-13
-164362,الفاروق,600,2148000,3580,2026-07-13
-164370,المعيزيلة,215,1500000,6965,2026-07-13
-164294,الندوة,302,1400000,4630,2026-07-13
-164301,الندوة,164,765000,4663,2026-07-13
-164365,الزاهر,840,400000,476,2026-07-13
-164303,ضاحية نمار,540,500000,926,2026-07-13
-164322,ضاحية نمار,250,710000,2840,2026-07-13
-164319,ضاحية نمار,900,1170000,1300,2026-07-13
-164310,ضاحية نمار,864,1000000,1157,2026-07-13
-164430,ضاحية نمار,875,960000,1097,2026-07-13
-164339,عريض,300,200000,667,2026-07-13
-164336,عريض,450,305000,678,2026-07-13
-164308,عريض,405,340000,840,2026-07-13
-164337,عريض,750,500000,667,2026-07-13
-164342,عريض,750,500000,667,2026-07-13
-164304,ظهرة لبن,900,3150000,3500,2026-07-13
-164299,ظهرة لبن,835,2713913,3250,2026-07-13
-164283,العلا,810,288000,356,2026-07-13
-164326,العلا,750,250000,333,2026-07-13
-164275,العارض,333,1936300,5800,2026-07-13
-164413,العارض,146,1170000,8004,2026-07-13
-164402,العارض,146,1150000,7867,2026-07-13
-164419,العارض,160,1000000,6233,2026-07-13
-164398,المصيف,77,1095000,14135,2026-07-13
-164414,بدر,127,505000,3970,2026-07-13
-164307,النهضة,336,1411200,4200,2026-07-13
-164289,الرمال,872,1744080,2000,2026-07-13
-164278,النظيم,1371,1852038,1350,2026-07-13
-164364,النظيم,194,600000,3084,2026-07-13
-164271,النظيم,82,320000,3875,2026-07-13
-164372,ظهرة البديعة,125,770000,6131,2026-07-13
-164292,الوسام,362,580000,1600,2026-07-13
-164582,الغنامية,270,400000,1481,2026-07-12
-164580,الغنامية,270,400000,1481,2026-07-12
-164490,طيبة,125,455000,3612,2026-07-12
-164628,طيبة,177,503500,2835,2026-07-12
-164627,القادسية,171,1100000,6405,2026-07-12
-164514,الجنادرية,377,566295,1500,2026-07-12
-164512,الجنادرية,377,566295,1500,2026-07-12
-164446,الجنادرية,475,713250,1500,2026-07-12
-164497,الجنادرية,1293,4332388,3350,2026-07-12
-158430,الجنادرية,300,510000,1700,2026-07-12
-164445,الجنادرية,475,713250,1500,2026-07-12
-164498,الجنادرية,129,460000,3552,2026-07-12
-164626,الجنادرية,312,531250,1700,2026-07-12
-164443,الجنادرية,359,539550,1500,2026-07-12
-164546,الجنادرية,359,539910,1500,2026-07-12
-158434,الجنادرية,600,900000,1500,2026-07-12
-164444,الجنادرية,480,720000,1500,2026-07-12
-164435,الجنادرية,359,539730,1500,2026-07-12
-164533,الجنادرية,300,450000,1500,2026-07-12
-164544,المرجان,169,704500,4156,2026-07-12
-164488,المرجان,325,578500,1780,2026-07-12
-164476,المرجان,289,485923,1680,2026-07-12
-164475,المرجان,300,585000,1950,2026-07-12
-164473,النرجس,517,4139120,8000,2026-07-12
-164465,النرجس,555,4446800,8000,2026-07-12
-164619,النرجس,119,1175000,9868,2026-07-12
-164523,النرجس,77,979000,12652,2026-07-12
-164569,النرجس,106,870000,8167,2026-07-12
-164624,النرجس,216,1800000,8329,2026-07-12
-164534,البيان,174,610000,3498,2026-07-12
-164536,البيان,893,1876800,2100,2026-07-12
-158438,الندوة,124,410000,3283,2026-07-12
-164540,الندوة,325,846378,2600,2026-07-12
-164432,الندوة,1050,6000000,5714,2026-07-12
-164539,ضاحية نمار,2250,2400000,1067,2026-07-12
-164572,ضاحية نمار,450,280000,622,2026-07-12
-164618,ضاحية نمار,251,700000,2787,2026-07-12
-164496,عريض,500,410000,820,2026-07-12
-164449,عريض,400,230000,575,2026-07-12
-164555,عريض,450,320000,711,2026-07-12
-164438,عريض,750,500000,667,2026-07-12
-164602,ظهرة لبن,1200,3360000,2800,2026-07-12
-164557,ظهرة لبن,900,1300000,1444,2026-07-12
-164482,العلا,2000,600000,300,2026-07-12
-164485,الحمراء,1237,6806250,5500,2026-07-12
-164607,العارض,500,2350000,4700,2026-07-12
-164613,العارض,500,2350000,4700,2026-07-12
-164612,العارض,698,3280976,4700,2026-07-12
-164609,العارض,689,3240227,4700,2026-07-12
-164595,العارض,708,3327600,4700,2026-07-12
-164588,العارض,708,3327600,4700,2026-07-12
-164594,العارض,500,2350000,4700,2026-07-12
-164598,العارض,500,2350000,4700,2026-07-12
-164593,العارض,500,2350000,4700,2026-07-12
-164599,العارض,500,2350000,4700,2026-07-12
-164604,العارض,500,2350000,4700,2026-07-12
-164605,العارض,500,2350000,4700,2026-07-12
-164467,العريجاء الأوسط,400,950000,2375,2026-07-12
-164545,بدر,98,475000,4829,2026-07-12
-164584,بدر,164,625000,3793,2026-07-12
-164615,المصفاة,599,590000,983,2026-07-12
-164378,المصفاة,900,1710000,1900,2026-07-12
-164520,الرمال,300,1000000,3332,2026-07-12
-164466,الرمال,189,950000,5003,2026-07-12
-164576,العريجاء الغربي,94,624200,6631,2026-07-12
-164453,النظيم,300,415500,1385,2026-07-12
-164656,النظيم,300,435000,1450,2026-07-12
-164493,النظيم,360,594000,1650,2026-07-12
-164675,ضاحية نمار,432,550000,1273,2026-07-10
-164680,النهضة,66,400000,6023,2026-07-10
-164774,الدفاع,34545,45727000,1324,2026-07-09
-164850,طيبة,211,450000,2131,2026-07-09
-160656,القادسية,324,250000,769,2026-07-09
-164773,القادسية,324,250000,769,2026-07-09
-164859,الجنادرية,283,800000,2818,2026-07-09
-164744,الجنادرية,300,450000,1500,2026-07-09
-164735,الجنادرية,300,450000,1500,2026-07-09
-164794,الجنادرية,3539,6000000,1695,2026-07-09
-164796,النرجس,97,983000,10111,2026-07-09
-164832,النرجس,145,1100000,7563,2026-07-09
-164734,النرجس,297,2264648,7600,2026-07-09
-164732,النرجس,300,2283192,7600,2026-07-09
-164733,النرجس,300,2282584,7600,2026-07-09
-164857,النرجس,261,1615000,6188,2026-07-09
-164822,النرجس,216,2650000,12253,2026-07-09
-164811,النرجس,215,2890000,13393,2026-07-09
-164788,الفاروق,321,1600000,4977,2026-07-09
-164737,السعادة,285,956626,3350,2026-07-09
-164757,عرقة,420,1198897,2855,2026-07-09
-164848,الندوة,123,480000,3902,2026-07-09
-164772,الزاهر,868,465000,536,2026-07-09
-164694,الزاهر,959,425000,443,2026-07-09
-164693,ضاحية نمار,2000,1580000,790,2026-07-09
-164820,ضاحية نمار,116,470000,4022,2026-07-09
-164828,ضاحية نمار,413,289100,700,2026-07-09
-164782,عريض,400,240000,600,2026-07-09
-164777,عريض,1108,590000,532,2026-07-09
-164786,عريض,907,370000,408,2026-07-09
-164695,عريض,400,270000,675,2026-07-09
-164809,ظهرة لبن,511,2500000,4884,2026-07-09
-164763,العارض,140720,133058253,946,2026-07-09
-164758,العارض,203417,166256542,817,2026-07-09
-164767,بدر,592,355776,600,2026-07-09
-164765,بدر,2000,1200000,600,2026-07-09
-164847,بدر,129,493000,3818,2026-07-09
-164750,الحائر,600,395000,658,2026-07-09
-164742,المصفاة,4994,8500000,1702,2026-07-09
-164740,المصفاة,5000,8500000,1700,2026-07-09
-158441,المصفاة,1600,3200000,2000,2026-07-09
-164835,الرمال,94,410000,4361,2026-07-09
-164845,الرمال,300,1500000,4998,2026-07-09
-164837,قرطبة,31,302167,9707,2026-07-09
-164736,الملك عبدالله,359,2698125,7500,2026-07-09
-164692,النظيم,404,745000,1840,2026-07-09
-164807,النظيم,1522,1370547,900,2026-07-09
-164784,النظيم,20358,26947000,1324,2026-07-09
-164780,النظيم,9346,12372000,1324,2026-07-09
-164768,النظيم,14553,19264000,1324,2026-07-09
-164778,النظيم,14553,19264000,1324,2026-07-09
-164860,الشعلة,763,205000,268,2026-07-08
-164935,الشعلة,475,183000,385,2026-07-08
-164890,طيبة,375,450000,1200,2026-07-08
-164976,طيبة,237,500000,2106,2026-07-08
-164885,طيبة,374,450000,1200,2026-07-08
-164862,المرجان,336,554400,1650,2026-07-08
-165051,النرجس,119,970000,8151,2026-07-08
-164904,المعيزيلة,255,1135000,4448,2026-07-08
-164959,المعيزيلة,174,680000,3902,2026-07-08
-164980,الصفاء,104,770000,7388,2026-07-08
-164951,الصفاء,104,770000,7388,2026-07-08
-164978,الصفاء,137,950000,6891,2026-07-08
-164994,الصفاء,138,1150000,8309,2026-07-08
-164989,الصفاء,138,1150000,8309,2026-07-08
-164985,الصفاء,137,950000,6891,2026-07-08
-164934,الندوة,2237,6266176,2800,2026-07-08
-164932,الندوة,2018,5652500,2800,2026-07-08
-164931,الندوة,2018,5652500,2800,2026-07-08
-164930,الندوة,2025,5670000,2800,2026-07-08
-164929,الندوة,2025,5670000,2800,2026-07-08
-164925,الندوة,1800,5040000,2800,2026-07-08
-164924,الندوة,1800,5040000,2800,2026-07-08
-164923,الندوة,1800,5040000,2800,2026-07-08
-164921,الندوة,1793,5022500,2800,2026-07-08
-164920,الندوة,1883,5273548,2800,2026-07-08
-164899,الندوة,1765,4943260,2800,2026-07-08
-164898,الندوة,1800,5040000,2800,2026-07-08
-164897,الندوة,1800,5040000,2800,2026-07-08
-164896,الندوة,1793,5022500,2800,2026-07-08
-164895,الندوة,1793,5022500,2800,2026-07-08
-164881,ضاحية نمار,900,980000,1089,2026-07-08
-164911,عريض,936,625000,668,2026-07-08
-164910,عريض,936,625000,668,2026-07-08
-164861,الحمراء,1173,6862050,5850,2026-07-08
-165060,العارض,146,1160000,7935,2026-07-08
-165061,اليرموك,430,2330000,5408,2026-07-08
-165027,بدر,149,469000,3132,2026-07-08
-165003,بدر,247,580000,2339,2026-07-08
-164853,بدر,196,671300,3409,2026-07-08
-164965,النهضة,300,1320000,4400,2026-07-08
-164958,النهضة,400,1760000,4400,2026-07-08
-164962,النهضة,300,1320000,4400,2026-07-08
-164963,النهضة,300,1320000,4400,2026-07-08
-164960,النهضة,300,1320000,4400,2026-07-08
-164950,النهضة,300,1320000,4400,2026-07-08
-164961,النهضة,300,1320000,4400,2026-07-08
-164957,النهضة,300,1320000,4400,2026-07-08
-165040,الرمال,608,2008215,3300,2026-07-08
-165035,النظيم,202,510000,2520,2026-07-08
-165033,النظيم,348,487200,1400,2026-07-08
-165014,النظيم,111,360000,3242,2026-07-08
-164966,الوسام,300,570000,1900,2026-07-08
-164967,الوسام,300,570000,1900,2026-07-08
-165113,طيبة,375,300000,800,2026-07-07
-165178,طيبة,375,300000,800,2026-07-07
-165176,طيبة,374,300000,800,2026-07-07
-165117,طيبة,374,450000,1200,2026-07-07
-165191,طيبة,161,586073,3627,2026-07-07
-165116,طيبة,375,300000,800,2026-07-07
-165104,طيبة,449,360000,800,2026-07-07
-165182,طيبة,102,585200,5733,2026-07-07
-165102,طيبة,375,300000,800,2026-07-07
-165100,طيبة,374,300000,800,2026-07-07
-165099,طيبة,375,300000,800,2026-07-07
-165257,المرجان,300,570000,1900,2026-07-07
-165127,المرجان,300,525000,1750,2026-07-07
-165227,النرجس,220,2134000,9684,2026-07-07
-165162,النرجس,83,1266000,15231,2026-07-07
-165088,النرجس,84,810000,9639,2026-07-07
-165157,النرجس,95,1000000,10443,2026-07-07
-165109,النرجس,643,4952101,7700,2026-07-07
-165107,النرجس,643,4952101,7700,2026-07-07
-165108,النرجس,643,4952101,7700,2026-07-07
-165170,البيان,139,675000,4848,2026-07-07
-165171,المعيزيلة,300,1050000,3500,2026-07-07
-165158,الصفاء,74,650000,8693,2026-07-07
-165193,ديراب,175,600000,3418,2026-07-07
-165247,الندوة,258,1087000,4206,2026-07-07
-165135,الزاهر,960,200000,208,2026-07-07
-165229,ضاحية نمار,230,704390,3058,2026-07-07
-165254,ضاحية نمار,2022,800000,396,2026-07-07
-165132,ضاحية نمار,2250,3000000,1333,2026-07-07
-165087,ضاحية نمار,2250,3000000,1333,2026-07-07
-165209,عريض,127,469421,3696,2026-07-07
-165259,عريض,450,235000,522,2026-07-07
-158460,عريض,444,355000,800,2026-07-07
-165253,عريض,450,260000,578,2026-07-07
-165212,عريض,414,250000,604,2026-07-07
-165126,ظهرة لبن,148,770000,5193,2026-07-07
-165195,ظهرة لبن,128,743120,5778,2026-07-07
-165103,ظهرة لبن,659,1845816,2800,2026-07-07
-165072,المونسية,780,4017000,5150,2026-07-07
-165230,بدر,115,695000,6023,2026-07-07
-165168,بدر,558,1280626,2292,2026-07-07
-165097,الرمال,498,1595480,3199,2026-07-07
-165075,الرمال,300,825000,2750,2026-07-07
-165071,الرمال,675,2900000,4296,2026-07-07
-165095,الرمال,480,1440000,3000,2026-07-07
-165086,الرمال,367,1194570,3250,2026-07-07
-165122,النظيم,300,480000,1600,2026-07-07
-165124,النظيم,300,480000,1600,2026-07-07
-165091,النظيم,300,450000,1500,2026-07-07
-165185,النظيم,360,576000,1600,2026-07-07
-165272,الغنامية,518,300000,579,2026-07-06
-165325,طيبة,375,300000,800,2026-07-06
-165328,طيبة,203,750000,3688,2026-07-06
-165265,طيبة,154,400000,2593,2026-07-06
-165346,طيبة,1200,2896000,2413,2026-07-06
-165304,المرجان,405,971760,2399,2026-07-06
-165347,المرجان,312,514800,1650,2026-07-06
-165313,المرجان,1478,4214437,2850,2026-07-06
-165273,النرجس,246,2070000,8387,2026-07-06
-165294,النرجس,108,1200000,11105,2026-07-06
-165280,المعيزيلة,1120,2910000,2598,2026-07-06
-165336,ضاحية نمار,1039,1700000,1635,2026-07-06
-165298,ضاحية نمار,750,1300000,1733,2026-07-06
-165330,عريض,450,350000,778,2026-07-06
-165314,عريض,319,135000,423,2026-07-06
-165351,عريض,900,550000,611,2026-07-06
-165345,العارض,78,940000,11985,2026-07-06
-165285,المصفاة,599,450000,750,2026-07-06
-165338,المصفاة,750,1600000,2133,2026-07-06
-165297,الرمال,300,750000,2500,2026-07-06
-165268,الرمال,518,1380000,2664,2026-07-06
-165288,الرمال,325,810000,2492,2026-07-06
-165277,الرمال,276,800400,2900,2026-07-06
-165276,الرمال,276,800400,2900,2026-07-06
-165320,الرمال,360,2390000,6639,2026-07-06
-165323,النظيم,161,520000,3222,2026-07-06
-165302,النظيم,330,528000,1600,2026-07-06
-165421,الدار البيضاء,99,350000,3506,2026-07-05
-165604,الشعلة,750,235000,313,2026-07-05
-165503,الشعلة,440,200000,455,2026-07-05
-165443,الشعلة,750,190000,253,2026-07-05
-165595,الغنامية,160,145000,906,2026-07-05
-165512,طيبة,375,300000,800,2026-07-05
-165508,طيبة,375,300000,800,2026-07-05
-165589,طيبة,374,840000,2240,2026-07-05
-165511,طيبة,375,300000,800,2026-07-05
-165505,طيبة,374,300000,800,2026-07-05
-165515,طيبة,238,763000,3201,2026-07-05
-165546,طيبة,167,700000,4182,2026-07-05
-165393,المرجان,325,617500,1900,2026-07-05
-165521,المرجان,251,779000,3098,2026-07-05
-165435,المرجان,275,496242,1800,2026-07-05
-165355,النرجس,439,2572362,5850,2026-07-05
-165353,النرجس,438,2565576,5850,2026-07-05
-165430,النرجس,300,2250000,7500,2026-07-05
-165422,النرجس,300,2250000,7500,2026-07-05
-165418,النرجس,300,2250000,7500,2026-07-05
-165423,النرجس,300,2250000,7500,2026-07-05
-165424,النرجس,300,2250000,7500,2026-07-05
-165432,النرجس,300,2250000,7500,2026-07-05
-165433,النرجس,297,2230500,7500,2026-07-05
-165434,النرجس,297,2230500,7500,2026-07-05
-165597,الفاروق,91,649000,7056,2026-07-05
-165472,الفاروق,375,1320125,3520,2026-07-05
-165555,المعيزيلة,203,250000,1231,2026-07-05
-158512,المعيزيلة,207,707166,3400,2026-07-05
-158507,المعيزيلة,259,882300,3400,2026-07-05
-165366,الصفاء,407,1142064,2800,2026-07-05
-165367,الصفاء,428,1200864,2800,2026-07-05
-165598,الزاهر,900,600000,667,2026-07-05
-165531,ضاحية نمار,191,610000,3185,2026-07-05
-165599,ضاحية نمار,900,1100000,1222,2026-07-05
-158520,ضاحية نمار,450,285000,633,2026-07-05
-165420,ضاحية نمار,450,610000,1356,2026-07-05
-165369,ضاحية نمار,900,1050000,1167,2026-07-05
-165499,عريض,400,365000,912,2026-07-05
-165548,عريض,900,460000,511,2026-07-05
-165409,عريض,432,320000,741,2026-07-05
-165608,عريض,405,355000,877,2026-07-05
-165394,عريض,408,365000,895,2026-07-05
-165559,ظهرة لبن,147,775000,5263,2026-07-05
-161191,ظهرة لبن,450,900000,2000,2026-07-05
-165567,ظهرة لبن,193,880000,4555,2026-07-05
-165453,ظهرة لبن,3383,12760000,3771,2026-07-05
-165611,العلا,759,260000,343,2026-07-05
-165530,العلا,759,230000,303,2026-07-05
-165358,العلا,900,450000,500,2026-07-05
-165449,العارض,112,1450000,12889,2026-07-05
-165382,العارض,690,3933000,5700,2026-07-05
-165362,العارض,382,2103750,5500,2026-07-05
-165429,العريجاء الأوسط,328,1000000,3044,2026-07-05
-165537,بدر,558,1350000,2416,2026-07-05
-165600,بدر,186,700000,3748,2026-07-05
-165406,بدر,104,360000,3450,2026-07-05
-165519,بدر,187,620000,3302,2026-07-05
-165543,بدر,180,600000,3328,2026-07-05
-165501,بدر,174,530000,3039,2026-07-05
-165357,الرمال,276,1780000,6449,2026-07-05
-165381,الرمال,300,1000000,3332,2026-07-05
-165383,الرمال,300,1000000,3332,2026-07-05
-165377,الرمال,300,1000000,3332,2026-07-05
-165379,الرمال,300,1000000,3332,2026-07-05
-158500,النظيم,300,465000,1550,2026-07-05
-165361,النظيم,193,541420,2800,2026-07-05
-165431,النظيم,312,500000,1600,2026-07-05
-165476,الوسام,412,639705,1550,2026-07-05
-165460,الوسام,300,480000,1600,2026-07-05
-165615,النرجس,189,1180000,6216,2026-07-04
-165614,ظهرة لبن,103,438750,4255,2026-07-04
-165621,طيبة,346,415476,1200,2026-07-03
-165622,النظيم,382,300000,785,2026-07-03
-165660,الدار البيضاء,300,570000,1900,2026-07-02
-165659,الدار البيضاء,300,570000,1900,2026-07-02
-165691,الدار البيضاء,99,430000,4310,2026-07-02
-165750,طيبة,81,410000,5022,2026-07-02
-165736,القادسية,324,1180000,3632,2026-07-02
-165785,الصحافة,206,2380000,11551,2026-07-02
-165844,الملك فيصل,115,800000,6923,2026-07-02
-165701,المرجان,900,2250000,2500,2026-07-02
-165697,المرجان,900,2250000,2500,2026-07-02
-165783,المرجان,1993,5000300,2508,2026-07-02
-165726,المرجان,1509,4527000,3000,2026-07-02
-165834,النرجس,180,1330000,7348,2026-07-02
-165788,النرجس,96,1230000,12738,2026-07-02
-165753,النرجس,156,1650000,10567,2026-07-02
-165650,النرجس,120,1095000,9102,2026-07-02
-165814,النرجس,335,2599660,7750,2026-07-02
-165741,النرجس,263,1850000,7025,2026-07-02
-165799,النور,910,2059050,2261,2026-07-02
-165831,المعيزيلة,84,600000,7075,2026-07-02
-165730,المنصورية,5400,9050000,1676,2026-07-02
-165778,الصفاء,312,1000000,3200,2026-07-02
-165731,الصفاء,312,1000000,3200,2026-07-02
-165769,الصفاء,424,1232500,2900,2026-07-02
-165732,الصفاء,375,1087500,2900,2026-07-02
-165729,الصفاء,375,1087500,2900,2026-07-02
-165728,الصفاء,375,1087500,2900,2026-07-02
-165821,ديراب,90,468000,5189,2026-07-02
-165635,السعادة,381,1240330,3250,2026-07-02
-165634,السعادة,380,1235813,3250,2026-07-02
-165768,الندوة,82,685000,8265,2026-07-02
-165652,ضاحية نمار,190,750000,3929,2026-07-02
-165648,ضاحية نمار,171,400000,2330,2026-07-02
-165786,ضاحية نمار,900,900000,1000,2026-07-02
-165798,ضاحية نمار,864,960000,1111,2026-07-02
-165792,ضاحية نمار,877,1400000,1595,2026-07-02
-165668,ضاحية نمار,900,550000,611,2026-07-02
-165662,ضاحية نمار,300,440000,1467,2026-07-02
-165718,ضاحية نمار,375,550000,1467,2026-07-02
-165806,عريض,400,230000,575,2026-07-02
-165687,عريض,500,400000,800,2026-07-02
-165810,عريض,420,220000,524,2026-07-02
-165667,عريض,900,700000,778,2026-07-02
-165633,ظهرة لبن,900,3170000,3522,2026-07-02
-165624,العلا,750,300000,400,2026-07-02
-165777,العارض,3814,18501053,4850,2026-07-02
-165829,العارض,387,2287961,5900,2026-07-02
-165832,العوالي,186,900000,4829,2026-07-02
-165649,بدر,588,1400000,2381,2026-07-02
-165789,بدر,127,554000,4358,2026-07-02
-165776,بدر,181,580000,3188,2026-07-02
-165689,بدر,195,750000,3845,2026-07-02
-165819,المصفاة,400,800000,2000,2026-07-02
-165735,النهضة,125,500000,4000,2026-07-02
-165636,الرمال,2243,4262384,1900,2026-07-02
-165631,الرمال,2147,4079566,1900,2026-07-02
-165642,الرمال,2760,5245425,1900,2026-07-02
-165833,النظيم,146,450000,3068,2026-07-02
-165725,الوسام,2181,6762712,3100,2026-07-02
-165695,الوسام,300,660000,2200,2026-07-02
-165943,الياسمين,184,2200000,11923,2026-07-01
-165974,الياسمين,103,1200000,11638,2026-07-01
-165874,الدار البيضاء,113,420000,3697,2026-07-01
-165876,الشعلة,763,170000,223,2026-07-01
-165945,طيبة,543,651900,1200,2026-07-01
-166025,طيبة,397,477000,1200,2026-07-01
-166012,طيبة,397,477000,1200,2026-07-01
-166036,طيبة,397,477000,1200,2026-07-01
-165970,طيبة,397,477000,1200,2026-07-01
-166020,طيبة,397,477000,1200,2026-07-01
-165980,طيبة,397,477000,1200,2026-07-01
-165964,طيبة,397,477000,1200,2026-07-01
-165952,طيبة,397,477000,1200,2026-07-01
-166014,طيبة,164,646400,3934,2026-07-01
-165960,طيبة,397,477000,1200,2026-07-01
-165988,طيبة,397,477000,1200,2026-07-01
-166043,طيبة,397,477000,1200,2026-07-01
-165903,طيبة,177,473100,2664,2026-07-01
-166005,طيبة,163,630000,3849,2026-07-01
-165957,المرجان,1993,5175775,2596,2026-07-01
-165932,سلطانة,560,250000,446,2026-07-01
-165940,سلطانة,560,250000,446,2026-07-01
-166055,النرجس,272,2550000,9373,2026-07-01
-166026,النرجس,146,1300000,8845,2026-07-01
-165873,النرجس,149,1355000,9065,2026-07-01
-165946,النرجس,144,1370000,9462,2026-07-01
-166032,النرجس,337,2598750,7700,2026-07-01
-165859,النرجس,450,2475000,5500,2026-07-01
-165912,النرجس,299,2322365,7750,2026-07-01
-165909,الصفاء,375,1050000,2800,2026-07-01
-165907,الصفاء,399,1119328,2800,2026-07-01
-165875,ديراب,600,810000,1350,2026-07-01
-165877,ديراب,600,810000,1350,2026-07-01
-165856,ديراب,990,1702800,1720,2026-07-01
-161541,المنار,900,3228390,3587,2026-07-01
-165993,الندوة,152,600000,3943,2026-07-01
-165963,ضاحية نمار,191,810000,4222,2026-07-01
-165888,ضاحية نمار,750,880000,1173,2026-07-01
-165848,عريض,750,440000,587,2026-07-01
-166016,عريض,400,325000,812,2026-07-01
-165881,عريض,450,300000,667,2026-07-01
-166069,عريض,405,350000,864,2026-07-01
-166027,ظهرة لبن,183,950000,5183,2026-07-01
-166002,ظهرة لبن,138,845000,6121,2026-07-01
-165936,العارض,96,730000,7581,2026-07-01
-166056,العارض,352,1930500,5484,2026-07-01
-165925,بدر,220,840000,3816,2026-07-01
-166015,بدر,116,450000,3851,2026-07-01
-165977,بدر,236,850732,3600,2026-07-01
-165927,بدر,181,650000,3573,2026-07-01
-161571,بدر,750,1700000,2267,2026-07-01
-165901,المصفاة,599,480000,800,2026-07-01
-166054,النهضة,261,1490000,5699,2026-07-01
-165911,النظيم,300,420000,1400,2026-07-01
-165868,النظيم,685,520912,760,2026-07-01
-165984,النظيم,95,410000,4301,2026-07-01
-165869,النظيم,365,350000,958,2026-07-01
-165922,ظهرة البديعة,356,1550000,4353,2026-07-01
-165864,الوسام,300,570000,1900,2026-07-01
-166051,الوسام,75,568400,7552,2026-07-01
-156345,النرجس,312,4150000,13280,2026-06-30
-154540,النرجس,337,2598750,7700,2026-06-30
-156377,المعيزيلة,437,1450000,3314,2026-06-30
-156346,ضاحية نمار,390,468000,1200,2026-06-30
-154520,عريض,414,235000,568,2026-06-30
-156352,عريض,400,220000,550,2026-06-30
-156347,عريض,400,250000,625,2026-06-30
-156348,ظهرة لبن,900,3400000,3778,2026-06-30
-156359,العوالي,134,200000,1488,2026-06-30
-154491,المصفاة,461,1060944,2300,2026-06-30
-156354,المصفاة,461,1060944,2300,2026-06-30
-154530,المصفاة,599,550000,917,2026-06-30
-156365,الوسام,375,731250,1950,2026-06-30
-156443,طيبة,397,477000,1200,2026-06-29
-156442,طيبة,397,477000,1200,2026-06-29
-156459,طيبة,397,477000,1200,2026-06-29
-156441,طيبة,397,477000,1200,2026-06-29
-156457,طيبة,397,477000,1200,2026-06-29
-156444,طيبة,463,556500,1200,2026-06-29
-156462,طيبة,397,477000,1200,2026-06-29
-156456,طيبة,397,477000,1200,2026-06-29
-156455,طيبة,543,651900,1200,2026-06-29
-156463,طيبة,397,477000,1200,2026-06-29
-154691,طيبة,203,600000,2948,2026-06-29
-156403,طيبة,197,300000,1516,2026-06-29
-156511,المرجان,300,555000,1850,2026-06-29
-156411,المرجان,300,500000,1667,2026-06-29
-156409,المرجان,288,483840,1680,2026-06-29
-156519,النرجس,268,1900000,7088,2026-06-29
-154705,البيان,80,626884,7832,2026-06-29
-156489,الفاروق,84,500000,5887,2026-06-29
-156416,المعيزيلة,193,870000,4495,2026-06-29
-156465,المعيزيلة,196,940000,4781,2026-06-29
-156490,الندوة,190,803000,4212,2026-06-29
-156523,الندوة,200,750000,3735,2026-06-29
-156413,عريض,900,400000,444,2026-06-29
-156431,عريض,400,210000,525,2026-06-29
-154561,عريض,450,382000,849,2026-06-29
-156467,عريض,460,240000,522,2026-06-29
-156392,عريض,450,270000,600,2026-06-29
-156545,عريض,400,225000,562,2026-06-29
-156435,عريض,405,350000,864,2026-06-29
-156482,عريض,432,250000,579,2026-06-29
-154668,ظهرة لبن,183,870000,4746,2026-06-29
-156471,ظهرة لبن,102,640000,6215,2026-06-29
-156516,ظهرة لبن,450,2500000,5556,2026-06-29
-156534,بدر,263,700000,2660,2026-06-29
-156399,بدر,750,2200000,2933,2026-06-29
-156498,بدر,250,720000,2876,2026-06-29
-156481,النظيم,71,492300,6931,2026-06-29
-156515,النظيم,1493,2016563,1350,2026-06-29
-156422,النظيم,1493,2016563,1350,2026-06-29
-156396,النظيم,384,518400,1350,2026-06-29
-156464,النظيم,336,421250,1254,2026-06-29
-156525,النظيم,82,350000,4220,2026-06-29
-156433,النظيم,900,1350000,1500,2026-06-29
-156574,الدار البيضاء,501,1002760,2000,2026-06-28
-154773,الشعلة,750,225000,300,2026-06-28
-156595,طيبة,397,477000,1200,2026-06-28
-156594,طيبة,397,477000,1200,2026-06-28
-156605,طيبة,397,477000,1200,2026-06-28
-156607,طيبة,397,477000,1200,2026-06-28
-156606,طيبة,397,477000,1200,2026-06-28
-156598,طيبة,397,477000,1200,2026-06-28
-156600,طيبة,391,469500,1200,2026-06-28
-156603,طيبة,397,477000,1200,2026-06-28
-156608,طيبة,463,556500,1200,2026-06-28
-156599,طيبة,391,469500,1200,2026-06-28
-156288,النسيم الشرقي,90,455000,5013,2026-06-28
-156629,النرجس,900,5130000,5700,2026-06-28
-156632,النرجس,900,5130000,5700,2026-06-28
-156627,النرجس,900,5130000,5700,2026-06-28
-156550,النرجس,88,1070000,12043,2026-06-28
-154934,النرجس,152,1105000,7240,2026-06-28
-156572,النرجس,98,850000,8649,2026-06-28
-154895,النرجس,337,2598750,7700,2026-06-28
-156630,النرجس,296,2315196,7800,2026-06-28
-154797,النرجس,299,2306150,7700,2026-06-28
-154892,الفاروق,242,1390000,5730,2026-06-28
-154764,المعيزيلة,379,2500000,6588,2026-06-28
-154867,المنصورية,5400,5150000,954,2026-06-28
-154868,الصفاء,400,1600000,4000,2026-06-28
-156601,ديراب,750,825000,1100,2026-06-28
-156623,ديراب,750,825000,1100,2026-06-28
-156615,ديراب,625,687500,1100,2026-06-28
-156622,ديراب,625,687500,1100,2026-06-28
-156609,ديراب,625,687500,1100,2026-06-28
-154778,ديراب,625,687500,1100,2026-06-28
-156621,ديراب,625,687500,1100,2026-06-28
-156592,ديراب,625,687500,1100,2026-06-28
-156589,ديراب,750,825000,1100,2026-06-28
-156611,الندوة,117,400000,3398,2026-06-28
-156610,الندوة,273,1000000,3659,2026-06-28
-156613,الندوة,222,600000,2693,2026-06-28
-156652,الزاهر,900,430000,478,2026-06-28
-156562,الزاهر,900,461000,512,2026-06-28
-156701,ضاحية نمار,512,695000,1356,2026-06-28
-156639,ضاحية نمار,300,430000,1433,2026-06-28
-156706,عريض,500,410000,820,2026-06-28
-156696,عريض,400,190000,475,2026-06-28
-156694,عريض,400,200000,500,2026-06-28
-156641,عريض,405,385000,951,2026-06-28
-156619,ظهرة لبن,900,5300000,5889,2026-06-28
-156604,ظهرة لبن,107,655000,6107,2026-06-28
-156578,النهضة,133,533333,4000,2026-06-28
-154791,النظيم,1500,1425000,950,2026-06-28
-156635,النظيم,312,436800,1400,2026-06-28
-156684,النظيم,100,410000,4096,2026-06-28
-154759,الوسام,300,625000,2083,2026-06-28
-155115,الشعلة,750,215000,287,2026-06-25
-155120,طيبة,374,487500,1300,2026-06-25
-155119,طيبة,375,487500,1300,2026-06-25
-156736,طيبة,204,500000,2444,2026-06-25
-156847,طيبة,375,487500,1300,2026-06-25
-156846,طيبة,375,487500,1300,2026-06-25
-156717,القادسية,71,430000,5999,2026-06-25
-156711,المرجان,300,300000,1000,2026-06-25
-156713,المرجان,222,700000,3149,2026-06-25
-156734,المرجان,288,380160,1320,2026-06-25
-156843,المرجان,275,441104,1600,2026-06-25
-155116,المرجان,264,423120,1600,2026-06-25
-156819,المرجان,300,418500,1395,2026-06-25
-156822,المرجان,149,500000,3336,2026-06-25
-156839,النرجس,253,2350000,9288,2026-06-25
-156814,النرجس,168,1552038,9214,2026-06-25
-156834,النرجس,272,2500000,9189,2026-06-25
-156727,النرجس,119,1185000,9952,2026-06-25
-154969,النرجس,152,1368000,8988,2026-06-25
-156815,البيان,261,950000,3635,2026-06-25
-156830,الفاروق,141,940000,6653,2026-06-25
-156792,الفاروق,164,1270000,7728,2026-06-25
-155045,ديراب,181,780000,4308,2026-06-25
-155050,الندوة,342,1340000,3915,2026-06-25
-156766,الندوة,200,700000,3494,2026-06-25
-156732,الزاهر,900,300000,333,2026-06-25
-156720,الزاهر,1721,850000,494,2026-06-25
-156831,ضاحية نمار,750,960000,1280,2026-06-25
-156818,ضاحية نمار,183,797335,4342,2026-06-25
-156762,ضاحية نمار,900,1550000,1722,2026-06-25
-156804,ضاحية نمار,864,2000000,2315,2026-06-25
-156845,عريض,450,360000,800,2026-06-25
-156722,عريض,450,420000,933,2026-06-25
-156783,عريض,450,420000,933,2026-06-25
-155107,عريض,450,323000,718,2026-06-25
-156809,عريض,400,220000,550,2026-06-25
-156742,عريض,300,220000,733,2026-06-25
-156833,ظهرة لبن,128,720000,5610,2026-06-25
-156802,ظهرة لبن,139,640000,4585,2026-06-25
-154993,العلا,901,350000,388,2026-06-25
-155091,بدر,218,580000,2658,2026-06-25
-156798,بدر,200,746709,3730,2026-06-25
-156801,النهضة,390,1638000,4200,2026-06-25
-155019,النهضة,390,1638000,4200,2026-06-25
-156793,النهضة,390,1638000,4200,2026-06-25
-156782,النهضة,390,1638000,4200,2026-06-25
-156775,النهضة,390,1638000,4200,2026-06-25
-154992,النهضة,390,1638000,4200,2026-06-25
-156767,النهضة,390,1638000,4200,2026-06-25
-156731,النظيم,353,431575,1220,2026-06-25
-155060,الوسام,200,750000,3742,2026-06-25
-156861,الغنامية,484,240000,496,2026-06-24
-156949,طيبة,375,506250,1350,2026-06-24
-156938,طيبة,375,506250,1350,2026-06-24
-156912,طيبة,374,487500,1300,2026-06-24
-156913,طيبة,375,487500,1300,2026-06-24
-156909,طيبة,375,487500,1300,2026-06-24
-156931,طيبة,375,506250,1350,2026-06-24
-156950,طيبة,375,506250,1350,2026-06-24
-156929,طيبة,374,506250,1350,2026-06-24
-155215,طيبة,375,506250,1350,2026-06-24
-156877,طيبة,324,422500,1300,2026-06-24
-156908,طيبة,375,487500,1300,2026-06-24
-156935,طيبة,374,506250,1350,2026-06-24
-156940,طيبة,375,506250,1350,2026-06-24
-156920,طيبة,374,450000,1200,2026-06-24
-156963,النرجس,169,1115000,6560,2026-06-24
-156865,النرجس,450,2200000,4889,2026-06-24
-155250,النرجس,285,2940000,10289,2026-06-24
-156954,النرجس,106,1200000,11240,2026-06-24
-156921,الصفاء,375,1087500,2900,2026-06-24
-156937,الندوة,270,621000,2300,2026-06-24
-156871,الزاهر,900,650000,722,2026-06-24
-156927,ضاحية نمار,925,1350000,1459,2026-06-24
-156892,ضاحية نمار,962,1080000,1122,2026-06-24
-156866,ضاحية نمار,900,1600000,1778,2026-06-24
-156934,عريض,400,350000,875,2026-06-24
-156888,عريض,900,500000,556,2026-06-24
-156884,عريض,425,265000,624,2026-06-24
-156903,ظهرة لبن,1200,4252000,3543,2026-06-24
-156852,ظهرة لبن,166,952000,5720,2026-06-24
-156855,العلا,750,265000,353,2026-06-24
-156924,العلا,750,230000,307,2026-06-24
-156946,بدر,2000,1200000,600,2026-06-24
-156944,بدر,2000,1200000,600,2026-06-24
-156945,بدر,2000,1200000,600,2026-06-24
-156960,بدر,162,639250,3928,2026-06-24
-156885,المصفاة,595,730000,1226,2026-06-24
-156880,النظيم,1493,1493750,1000,2026-06-24
-156890,النظيم,122,569000,4654,2026-06-24
-157052,الشعلة,845,250000,296,2026-06-23
-157067,الشعلة,750,260000,347,2026-06-23
-157028,الغنامية,160,130000,812,2026-06-23
-157097,طيبة,453,589381,1300,2026-06-23
-157090,طيبة,168,682000,4059,2026-06-23
-157098,طيبة,374,487500,1300,2026-06-23
-157099,طيبة,374,487500,1300,2026-06-23
-157020,طيبة,40000,2800000,70,2026-06-23
-157008,المرجان,300,510000,1700,2026-06-23
-156988,المرجان,350,465500,1330,2026-06-23
-156987,المرجان,345,479550,1388,2026-06-23
-157077,النرجس,201,1740000,8618,2026-06-23
-157096,النرجس,1050,26300000,25048,2026-06-23
-157004,النرجس,125,1270000,10147,2026-06-23
-157016,النرجس,147,1160000,7848,2026-06-23
-157102,الفاروق,162,1000000,6156,2026-06-23
-155320,العزيزية,1361,4219844,3100,2026-06-23
-155376,السعادة,285,998095,3500,2026-06-23
-157075,السعادة,285,997640,3500,2026-06-23
-157070,السعادة,284,997185,3500,2026-06-23
-157069,السعادة,284,996730,3500,2026-06-23
-157051,السعادة,284,996275,3500,2026-06-23
-157044,السعادة,325,1137920,3500,2026-06-23
-157072,الندوة,132,927700,6999,2026-06-23
-157046,الزاهر,900,1200000,1333,2026-06-23
-157003,الزاهر,2000,600000,300,2026-06-23
-155444,ضاحية نمار,450,1750000,3889,2026-06-23
-157114,عريض,425,275000,647,2026-06-23
-157060,عريض,405,345000,852,2026-06-23
-155436,ظهرة لبن,162,1020000,6265,2026-06-23
-157084,ظهرة لبن,193,850000,4399,2026-06-23
-157041,العلا,900,310000,344,2026-06-23
-156986,الحمراء,175,1056000,6023,2026-06-23
-155382,بدر,221,787700,3558,2026-06-23
-157024,المصفاة,600,1300000,2167,2026-06-23
-157011,المصفاة,599,1900000,3167,2026-06-23
-157056,النظيم,1493,1419063,950,2026-06-23
-157002,النظيم,312,436800,1400,2026-06-23
-156995,النظيم,312,436800,1400,2026-06-23
-155348,النظيم,353,353750,1000,2026-06-23
-157036,النظيم,353,318375,900,2026-06-23
-157035,النظيم,353,318375,900,2026-06-23
-157261,الشعلة,911,290000,318,2026-06-22
-157178,الشعلة,759,160000,211,2026-06-22
-157155,طيبة,386,400000,1035,2026-06-22
-157238,النرجس,173,1610750,9293,2026-06-22
-155466,النرجس,403,2500000,6192,2026-06-22
-157256,النرجس,8,81538,9550,2026-06-22
-157184,النرجس,156,1000000,6378,2026-06-22
-157175,النسيم الغربي,85,541000,6365,2026-06-22
-157181,ديراب,875,787500,900,2026-06-22
-155488,ديراب,825,742500,900,2026-06-22
-157244,ديراب,750,1200000,1600,2026-06-22
-155529,ديراب,900,1440000,1600,2026-06-22
-157197,ديراب,172,691000,4002,2026-06-22
-157127,السعادة,309,1083740,3500,2026-06-22
-157126,السعادة,285,999915,3500,2026-06-22
-157122,السعادة,285,998550,3500,2026-06-22
-157216,السعادة,750,1875000,2500,2026-06-22
-157124,المنار,1500,4800000,3200,2026-06-22
-157230,الندوة,159,670000,4212,2026-06-22
-157187,الندوة,168,628000,3718,2026-06-22
-157201,ضاحية نمار,675,425000,630,2026-06-22
-157223,ضاحية نمار,990,1039500,1050,2026-06-22
-155479,ضاحية نمار,900,1300000,1444,2026-06-22
-155474,عريض,418,225000,538,2026-06-22
-155490,عريض,500,435000,870,2026-06-22
-155506,عريض,411,200000,486,2026-06-22
-157139,عريض,317,310000,976,2026-06-22
-155530,عريض,317,310000,976,2026-06-22
-157263,عريض,480,430000,896,2026-06-22
-157132,العلا,759,290000,382,2026-06-22
-155578,بدر,181,750000,4123,2026-06-22
-157203,بدر,250,785000,3135,2026-06-22
-157163,بدر,1080,2000000,1852,2026-06-22
-157259,المصفاة,400,700000,1750,2026-06-22
-157123,المصفاة,1600,3000000,1875,2026-06-22
-157156,النهضة,124,950000,7646,2026-06-22
-157258,النهضة,221,880000,3971,2026-06-22
-157140,النظيم,278,431349,1550,2026-06-22
-157134,النظيم,273,424033,1550,2026-06-22
-157248,النظيم,750,1312500,1750,2026-06-22
-157157,النظيم,447,529944,1185,2026-06-22
-155608,النظيم,1474,1179368,800,2026-06-22
-157144,النظيم,296,422470,1425,2026-06-22
-157158,النظيم,222,279500,1254,2026-06-22
-157145,النظيم,324,534000,1648,2026-06-22
-157135,الوسام,1569,5023360,3200,2026-06-22
-157313,الشعلة,752,190000,252,2026-06-21
-157353,المرجان,300,418500,1395,2026-06-21
-157354,المرجان,300,418500,1395,2026-06-21
-157321,النرجس,310,718000,2313,2026-06-21
-155706,النرجس,337,4100000,12148,2026-06-21
-157333,النرجس,173,1610750,9293,2026-06-21
-157326,النرجس,200,3350000,16750,2026-06-21
-157367,النرجس,76,939000,12349,2026-06-21
-155741,الفاروق,1360,3600000,2647,2026-06-21
-157335,الفاروق,162,950000,5849,2026-06-21
-155777,الندوة,223,900000,4030,2026-06-21
-155746,الندوة,151,480000,3161,2026-06-21
-157291,الندوة,169,700000,4119,2026-06-21
-155738,الندوة,264,792000,3000,2026-06-21
-157269,الزاهر,900,500000,556,2026-06-21
-157273,ضاحية نمار,835,650000,778,2026-06-21
-157271,ضاحية نمار,835,650000,778,2026-06-21
-157298,ضاحية نمار,600,770000,1283,2026-06-21
-157282,ضاحية نمار,450,275000,611,2026-06-21
-157376,ضاحية نمار,450,515000,1144,2026-06-21
-157316,عريض,450,265000,589,2026-06-21
-157281,عريض,500,470000,940,2026-06-21
-157407,عريض,405,420000,1037,2026-06-21
-157331,عريض,434,250000,575,2026-06-21
-157319,عريض,414,240000,580,2026-06-21
-157276,ظهرة لبن,132,595000,4487,2026-06-21
-157293,ظهرة لبن,900,3200000,3556,2026-06-21
-157310,ظهرة لبن,996,2789808,2800,2026-06-21
-157404,العلا,750,265000,353,2026-06-21
-157388,العلا,810,280000,346,2026-06-21
-157347,العوالي,234,900000,3832,2026-06-21
-157294,الفلاح,640,5696000,8900,2026-06-21
-155671,الفلاح,5181,57831500,11160,2026-06-21
-157309,المونسية,400,2060000,5150,2026-06-21
-155807,بدر,222,710000,3194,2026-06-21
-157408,بدر,223,550000,2464,2026-06-21
-157373,النهضة,410,2000000,4869,2026-06-21
-157306,السحاب,300,480000,1600,2026-06-21
-157369,النظيم,96,430000,4477,2026-06-21
-157308,النظيم,336,537600,1600,2026-06-21
-157297,النظيم,360,1000000,2778,2026-06-21
-155838,النظيم,1371,1371880,1000,2026-06-21
-157378,النظيم,275,800000,2903,2026-06-21
-155717,النظيم,300,400000,1333,2026-06-21
-157279,النظيم,300,420000,1400,2026-06-21
-157426,الفاروق,107,545000,5065,2026-06-18
-155872,عريض,450,250000,556,2026-06-18
-157467,الشعلة,752,200000,266,2026-06-17
-157446,الزاهر,870,340000,391,2026-06-17
-157447,ضاحية نمار,175,475000,2711,2026-06-17
-157486,عريض,409,200000,488,2026-06-17
-154339,الدار البيضاء,287,965000,3351,2026-06-16
-154311,الدار البيضاء,109,395000,3602,2026-06-16
-155929,الشعلة,752,190000,252,2026-06-16
-154388,طيبة,375,450000,1200,2026-06-16
-154424,طيبة,459,551196,1200,2026-06-16
-154391,طيبة,374,450000,1200,2026-06-16
-154243,طيبة,375,450000,1200,2026-06-16
-154389,طيبة,374,450000,1200,2026-06-16
-154427,طيبة,459,551196,1200,2026-06-16
-154422,طيبة,459,551196,1200,2026-06-16
-154390,طيبة,374,450000,1200,2026-06-16
-154244,طيبة,206,701678,3390,2026-06-16
-154309,القادسية,324,1600000,4925,2026-06-16
-157491,المرجان,369,638370,1730,2026-06-16
-154375,المرجان,300,418500,1395,2026-06-16
-154376,المرجان,300,418500,1395,2026-06-16
-154303,النرجس,243,2000000,8200,2026-06-16
-154206,النرجس,153,1345000,8746,2026-06-16
-154369,النرجس,312,4000000,12800,2026-06-16
-154272,النرجس,165,1530000,9221,2026-06-16
-157530,البيان,376,978510,2600,2026-06-16
-154372,الفاروق,100,662400,6602,2026-06-16
-154208,المعيزيلة,156,618377,3950,2026-06-16
-154358,الندوة,270,1200000,4444,2026-06-16
-154423,الزاهر,900,500000,556,2026-06-16
-154181,الزاهر,930,700000,753,2026-06-16
-157528,الزاهر,900,500000,556,2026-06-16
-157545,الزاهر,870,450000,517,2026-06-16
-157548,ضاحية نمار,600,770000,1283,2026-06-16
-157509,ضاحية نمار,240,685000,2844,2026-06-16
-157532,ضاحية نمار,442,650000,1468,2026-06-16
-157501,عريض,450,330000,733,2026-06-16
-157489,عريض,432,240000,556,2026-06-16
-154333,عريض,405,345000,852,2026-06-16
-157508,عريض,900,530000,589,2026-06-16
-154213,ظهرة لبن,900,3900000,4333,2026-06-16
-154330,ظهرة لبن,136,855000,6267,2026-06-16
-157495,العلا,765,285000,373,2026-06-16
-157521,العلا,750,250000,333,2026-06-16
-154261,الوادي,188,1710000,9054,2026-06-16
-154353,العوالي,973,2822570,2900,2026-06-16
-154209,بدر,214,730000,3409,2026-06-16
-154266,بدر,134,509200,3778,2026-06-16
-154238,بدر,196,776000,3958,2026-06-16
-154226,المصفاة,599,480000,800,2026-06-16
-154364,النهضة,745,2980000,4000,2026-06-16
-154251,قرطبة,172,1450000,8384,2026-06-16
-154363,قرطبة,300,2080000,6933,2026-06-16
-154329,النظيم,1500,1500000,1000,2026-06-16
-154328,النظيم,1500,1500000,1000,2026-06-16
-154320,النظيم,1493,1493750,1000,2026-06-16
-154241,النظيم,171,500000,2914,2026-06-16
-154274,الوسام,300,615000,2050,2026-06-16
-157531,الوسام,300,600000,2000,2026-06-16
-157662,الشعلة,430,140000,326,2026-06-15
-153700,طيبة,221,612800,2770,2026-06-15
-155988,طيبة,203,680000,3341,2026-06-15
-153883,طيبة,203,680000,3341,2026-06-15
-153725,طيبة,199,700000,3501,2026-06-15
-157645,طيبة,199,700000,3501,2026-06-15
-157562,النرجس,8,72222,8185,2026-06-15
-153672,النرجس,8,72222,8185,2026-06-15
-157656,النرجس,110,1050000,9491,2026-06-15
-153757,النرجس,110,1050000,9491,2026-06-15
-153939,النرجس,250,3400000,13600,2026-06-15
-157646,النرجس,293,2260720,7700,2026-06-15
-153741,النرجس,293,2260720,7700,2026-06-15
-153916,النرجس,930,7068000,7600,2026-06-15
-153764,البيان,168,700000,4166,2026-06-15
-157663,البيان,168,700000,4166,2026-06-15
-157570,الفاروق,101,700000,6872,2026-06-15
-153866,الفاروق,101,700000,6872,2026-06-15
-157644,المعيزيلة,153,730000,4741,2026-06-15
-153723,المعيزيلة,153,730000,4741,2026-06-15
-153749,الصفاء,450,1261204,2800,2026-06-15
-157650,الصفاء,450,1261204,2800,2026-06-15
-157649,الصفاء,374,1050000,2800,2026-06-15
-153748,الصفاء,374,1050000,2800,2026-06-15
-153746,الصفاء,375,1050000,2800,2026-06-15
-153744,الصفاء,368,1032500,2800,2026-06-15
-153743,الصفاء,368,1032500,2800,2026-06-15
-156050,الصفاء,368,1032500,2800,2026-06-15
-153832,الصفاء,544,2158111,3961,2026-06-15
-155958,الصفاء,544,2158111,3961,2026-06-15
-153929,ديراب,625,843750,1350,2026-06-15
-153813,عرقة,600,4200000,7000,2026-06-15
-157636,الندوة,150,963475,6393,2026-06-15
-153699,الندوة,150,963475,6393,2026-06-15
-153951,الزاهر,900,440000,489,2026-06-15
-157569,الزاهر,900,500000,556,2026-06-15
-153815,ضاحية نمار,2250,1700000,756,2026-06-15
-157606,ضاحية نمار,864,800000,926,2026-06-15
-153835,ضاحية نمار,450,530000,1178,2026-06-15
-157615,ضاحية نمار,375,520000,1387,2026-06-15
-157579,ضاحية نمار,620,680000,1097,2026-06-15
-157559,عريض,400,270000,675,2026-06-15
-157621,عريض,459,230000,501,2026-06-15
-157617,عريض,442,230000,520,2026-06-15
-157588,عريض,450,380000,844,2026-06-15
-157583,عريض,517,620000,1198,2026-06-15
-153881,ظهرة لبن,1200,4250000,3542,2026-06-15
-157567,ظهرة لبن,125,750000,5989,2026-06-15
-153854,ظهرة لبن,125,750000,5989,2026-06-15
-157590,ظهرة لبن,600,2000000,3333,2026-06-15
-157664,ظهرة لبن,166,1098438,6600,2026-06-15
-153766,ظهرة لبن,166,1098438,6600,2026-06-15
-157575,العلا,744,232000,312,2026-06-15
-157589,العلا,765,305000,399,2026-06-15
-155981,بدر,600,1800000,3000,2026-06-15
-153716,بدر,257,770000,2985,2026-06-15
-157641,بدر,257,770000,2985,2026-06-15
-153710,بدر,203,672000,3305,2026-06-15
-154513,بدر,203,672000,3305,2026-06-15
-157629,بدر,214,623000,2903,2026-06-15
-153957,بدر,214,623000,2903,2026-06-15
-153671,الحائر,278,10000,36,2026-06-15
-157561,الحائر,278,10000,36,2026-06-15
-155975,المصفاة,422,1268640,3000,2026-06-15
-153855,العريجاء الغربي,444,1000000,2252,2026-06-15
-153829,النظيم,900,1350000,1500,2026-06-15
-153830,النظيم,900,1350000,1500,2026-06-15
-153696,الوسام,300,474000,1580,2026-06-15
-153679,الوسام,300,615000,2050,2026-06-15
-153678,الوسام,300,615000,2050,2026-06-15
-153828,الوسام,462,1156250,2500,2026-06-15
-153432,الغنامية,800,1200000,1500,2026-06-14
-153491,طيبة,375,450000,1200,2026-06-14
-153233,طيبة,374,450000,1200,2026-06-14
-153231,طيبة,374,450000,1200,2026-06-14
-153236,طيبة,375,450000,1200,2026-06-14
-153489,طيبة,375,450000,1200,2026-06-14
-153261,طيبة,374,450000,1200,2026-06-14
-153485,طيبة,374,450000,1200,2026-06-14
-153237,طيبة,397,477000,1200,2026-06-14
-153460,طيبة,375,450000,1200,2026-06-14
-153468,طيبة,221,400000,1808,2026-06-14
-153481,طيبة,375,450000,1200,2026-06-14
-153239,طيبة,375,450000,1200,2026-06-14
-153240,طيبة,374,450000,1200,2026-06-14
-153483,طيبة,374,450000,1200,2026-06-14
-153230,طيبة,374,450000,1200,2026-06-14
-153226,طيبة,374,450000,1200,2026-06-14
-153488,طيبة,375,450000,1200,2026-06-14
-153480,طيبة,375,450000,1200,2026-06-14
-153486,طيبة,375,450000,1200,2026-06-14
-153238,طيبة,397,477000,1200,2026-06-14
-153461,طيبة,225,805600,3570,2026-06-14
-153369,المرجان,364,674325,1850,2026-06-14
-153459,مطار الملك خالد الدولي,257,1120244,4350,2026-06-14
-153437,الفاروق,90,470000,5207,2026-06-14
-153439,الفاروق,148,900000,6079,2026-06-14
-153453,المعيزيلة,1490,5960000,4000,2026-06-14
-153451,المعيزيلة,1590,6360000,4000,2026-06-14
-153209,المعيزيلة,300,1050000,3500,2026-06-14
-153225,ديراب,173,620000,3582,2026-06-14
-153327,الندوة,87,600000,6866,2026-06-14
-153373,الزاهر,864,300000,347,2026-06-14
-153351,ضاحية نمار,2174,1650000,759,2026-06-14
-153353,ضاحية نمار,875,1030000,1177,2026-06-14
-153304,ضاحية نمار,427,299425,700,2026-06-14
-153450,عريض,450,240000,533,2026-06-14
-153228,ظهرة لبن,129,733000,5665,2026-06-14
-153346,ظهرة لبن,119,720000,6024,2026-06-14
-153497,ظهرة لبن,127,620000,4874,2026-06-14
-153206,ظهرة لبن,123,620000,5041,2026-06-14
-153431,العريجاء الأوسط,328,1000000,3044,2026-06-14
-153494,بدر,735,1544760,2100,2026-06-14
-153471,المصفاة,400,670000,1675,2026-06-14
-153289,النظيم,348,1260000,3621,2026-06-14
-153427,النظيم,116,385000,3319,2026-06-14
-153308,النظيم,300,435000,1450,2026-06-14
-153370,النظيم,300,441000,1470,2026-06-14
-153428,النظيم,392,548912,1400,2026-06-14
-153214,الوسام,1593,4781220,3000,2026-06-14
-152950,النهضة,260,1170000,4500,2026-06-13
-152938,النظيم,300,430000,1433,2026-06-13
-152931,الوسام,300,660000,2200,2026-06-13
-152905,الشعلة,759,200000,264,2026-06-12
-152904,المرجان,300,555000,1850,2026-06-12
-152909,ضاحية نمار,301,240000,797,2026-06-12
-152820,الدار البيضاء,99,514000,5152,2026-06-11
-152851,طيبة,222,650000,2917,2026-06-11
-152873,المرجان,334,835000,2500,2026-06-11
-152857,البيان,213,1000000,4686,2026-06-11
-152826,عرقة,2400,25200000,10500,2026-06-11
-152858,الزاهر,870,335000,385,2026-06-11
-152853,ضاحية نمار,222,760000,3417,2026-06-11
-152832,ظهرة لبن,141,600000,4254,2026-06-11
-152883,بدر,201,720000,3573,2026-06-11
-152838,النهضة,336,1377600,4100,2026-06-11
-152875,قرطبة,377,2450500,6500,2026-06-11
-152889,قرطبة,500,3000000,6000,2026-06-11
-152887,قرطبة,500,2750000,5500,2026-06-11
-152834,السويدي,240,940000,3915,2026-06-11
-152710,طيبة,1199,2040000,1700,2026-06-10
-152711,طيبة,1193,2029375,1700,2026-06-10
-152715,طيبة,1199,2040000,1700,2026-06-10
-152712,طيبة,1200,2040000,1700,2026-06-10
-152714,طيبة,1193,2029375,1700,2026-06-10
-152716,طيبة,1319,2244000,1700,2026-06-10
37433604,ضاحية نمار,2000,2000000,1000,2026-06-10
-152706,عريض,750,510000,680,2026-06-10
-152707,عريض,750,575000,767,2026-06-10
-152708,عريض,750,575000,767,2026-06-10
37433594,عريض,900,1200000,1333,2026-06-10
-152741,النظيم,359,475000,1323,2026-06-10
-152587,الشعلة,750,270000,360,2026-06-09
-152632,طيبة,375,450000,1200,2026-06-09
-152560,طيبة,191,480000,2511,2026-06-09
-152665,طيبة,115,505000,4370,2026-06-09
-152627,المرجان,300,396000,1320,2026-06-09
-152547,الندوة,129,500000,3872,2026-06-09
-152677,ضاحية نمار,600,790000,1317,2026-06-09
-152519,عريض,432,315000,729,2026-06-09
-152623,بدر,299,620000,2071,2026-06-09
-152559,النظيم,325,471250,1450,2026-06-09
-152138,إشبيلية,155,950000,6098,2026-06-08
-152249,إشبيلية,172,990000,5749,2026-06-08
-152145,الشعلة,750,210000,280,2026-06-08
-152251,المرجان,300,577500,1925,2026-06-08
-152248,المرجان,300,577500,1925,2026-06-08
-152244,المرجان,300,577500,1925,2026-06-08
-152230,الصفاء,630,3087000,4900,2026-06-08
-152262,الزاهر,912,640000,701,2026-06-08
-152268,الزاهر,900,1000000,1111,2026-06-08
-152263,الزاهر,900,1000000,1111,2026-06-08
-152267,ضاحية نمار,864,1000000,1157,2026-06-08
-152147,ظهرة لبن,139,700000,5016,2026-06-08
-152265,المونسية,1271,7435350,5850,2026-06-08
-152347,بدر,160,518724,3230,2026-06-08
-152246,بدر,315,409500,1300,2026-06-08
-152363,بدر,180,560000,3106,2026-06-08
-152351,الحائر,600,360000,600,2026-06-08
-152300,المصفاة,5143,7458727,1450,2026-06-08
-152215,النهضة,260,2200000,8462,2026-06-08
-152190,النهضة,165,1175000,7115,2026-06-08
-152186,النظيم,900,1350000,1500,2026-06-08
-152270,النظيم,81,355000,4338,2026-06-08
-152261,النظيم,325,487500,1500,2026-06-08
-152271,النظيم,300,480000,1600,2026-06-08
-152305,النظيم,300,450000,1500,2026-06-08
-152206,النظيم,900,1350000,1500,2026-06-08
-152195,النظيم,900,1350000,1500,2026-06-08
-152205,النظيم,900,1350000,1500,2026-06-08
-152187,النظيم,900,1350000,1500,2026-06-08
-152202,النظيم,900,1350000,1500,2026-06-08
-152360,السويدي,185,840000,4527,2026-06-08
-151954,الياسمين,161,1400000,8663,2026-06-07
-151836,طيبة,375,450000,1200,2026-06-07
-151835,طيبة,375,450000,1200,2026-06-07
-151902,القادسية,480,1440000,3000,2026-06-07
-151799,المرجان,300,489000,1630,2026-06-07
-151935,النسيم الشرقي,1579,5527655,3500,2026-06-07
-151948,سلطانة,203,670000,3298,2026-06-07
-152012,الصفاء,3367,4405441,1308,2026-06-07
-151883,ديراب,625,742500,1188,2026-06-07
-151937,الندوة,80,400000,4991,2026-06-07
-151823,ضاحية نمار,168,800000,4741,2026-06-07
-151867,ضاحية نمار,900,1400000,1556,2026-06-07
-151868,ضاحية نمار,750,960000,1280,2026-06-07
-151876,عريض,450,410000,911,2026-06-07
-151890,عريض,516,250000,484,2026-06-07
-151994,ظهرة لبن,400,1300000,3250,2026-06-07
-151780,ظهرة لبن,149,700000,4679,2026-06-07
-151834,بدر,138,650000,4681,2026-06-07
-151869,بدر,186,545000,2918,2026-06-07
-152021,بدر,179,600000,3344,2026-06-07
-151912,النظيم,364,382200,1050,2026-06-07
-152006,النظيم,168,720000,4264,2026-06-07
-151911,النظيم,410,410970,1000,2026-06-07
-151936,الوسام,1593,4781250,3000,2026-06-07
-151591,المعيزيلة,161,660000,4094,2026-06-06
-151595,السلي,2800,6860000,2450,2026-06-06
-151549,النهضة,260,1170000,4500,2026-06-05
-151548,النهضة,260,1170000,4500,2026-06-05
-151547,النهضة,260,1170000,4500,2026-06-05
-151546,النهضة,260,1170000,4500,2026-06-05
-151416,الدار البيضاء,425,650000,1529,2026-06-04
-151306,الغنامية,342,450000,1316,2026-06-04
-151329,طيبة,375,450000,1200,2026-06-04
-151328,طيبة,375,450000,1200,2026-06-04
-151530,طيبة,509,610800,1200,2026-06-04
-151496,المرجان,124,645000,5180,2026-06-04
-151408,الفاروق,242,1380000,5689,2026-06-04
-151492,الفاروق,625,2237500,3580,2026-06-04
-151427,العزيزية,300,700000,2333,2026-06-04
-151517,الندوة,80,538000,6651,2026-06-04
-151468,عريض,450,600000,1333,2026-06-04
-151453,ظهرة لبن,750,2200000,2933,2026-06-04
-151309,ظهرة لبن,900,3060000,3400,2026-06-04
-151499,ظهرة لبن,123,785000,6339,2026-06-04
-151343,المونسية,230,1500000,6521,2026-06-04
-151332,بدر,434,477400,1100,2026-06-04
-151487,بدر,155,300000,1935,2026-06-04
-151509,بدر,200,720500,3599,2026-06-04
-151341,بدر,220,650000,2947,2026-06-04
-151354,بدر,220,654732,2968,2026-06-04
-151504,المصفاة,599,500000,833,2026-06-04
-151302,النهضة,312,1279200,4100,2026-06-04
-151304,النهضة,312,1248000,4000,2026-06-04
-151305,النهضة,312,1279200,4100,2026-06-04
-151376,النهضة,312,1248000,4000,2026-06-04
-151378,النهضة,312,1279200,4100,2026-06-04
-151381,النهضة,312,1248000,4000,2026-06-04
-151461,النهضة,306,1225520,4000,2026-06-04
-151404,النظيم,92,450000,4860,2026-06-04
-151406,النظيم,159,500000,3134,2026-06-04
-151022,الدار البيضاء,114,475000,4134,2026-06-03
-150844,طيبة,375,450000,1200,2026-06-03
-151086,طيبة,374,450000,1200,2026-06-03
-150872,طيبة,238,588700,2470,2026-06-03
-151085,طيبة,375,450000,1200,2026-06-03
-151089,طيبة,375,450000,1200,2026-06-03
-150870,طيبة,419,504000,1200,2026-06-03
-150871,طيبة,420,504000,1200,2026-06-03
-150906,طيبة,420,504000,1200,2026-06-03
-150867,طيبة,420,504000,1200,2026-06-03
-150869,طيبة,419,504000,1200,2026-06-03
-150901,طيبة,420,504000,1200,2026-06-03
-150909,طيبة,519,623796,1200,2026-06-03
-150818,المرجان,300,600000,2000,2026-06-03
-150860,الفاروق,325,1170000,3600,2026-06-03
-150919,المعيزيلة,187,1000000,5334,2026-06-03
-151029,المعيزيلة,68,500000,7278,2026-06-03
-150838,النسيم الغربي,85,504000,5929,2026-06-03
-150897,الندوة,70,480000,6771,2026-06-03
-150922,الندوة,140,650000,4614,2026-06-03
-150881,ضاحية نمار,281,300000,1065,2026-06-03
-150882,ضاحية نمار,281,300000,1065,2026-06-03
-150883,ضاحية نمار,269,300000,1115,2026-06-03
-150918,ضاحية نمار,450,500000,1111,2026-06-03
-150829,عريض,900,420000,467,2026-06-03
-151011,عريض,900,800004,889,2026-06-03
-151016,عريض,900,750000,833,2026-06-03
-150843,عريض,625,480000,768,2026-06-03
-151072,ظهرة لبن,157,998690,6326,2026-06-03
-150875,ظهرة لبن,900,3350000,3722,2026-06-03
-151099,النخيل,625,5000000,8000,2026-06-03
-151065,السلي,840,2300000,2738,2026-06-03
-150981,السلي,420,1000000,2381,2026-06-03
-150828,الملك سلمان,910,10010000,11000,2026-06-03
-150842,بدر,356,1050000,2946,2026-06-03
-151023,بدر,134,480000,3577,2026-06-03
-151044,بدر,250,828788,3310,2026-06-03
-150977,النهضة,336,2850000,8482,2026-06-03
-150886,النهضة,410,2075000,5051,2026-06-03
-150885,النهضة,260,2200000,8462,2026-06-03
-150913,السحاب,300,505000,1683,2026-06-03
-150894,قرطبة,31,275000,8833,2026-06-03
-151082,العريجاء الغربي,259,950000,3654,2026-06-03
-150935,النظيم,98,534400,5435,2026-06-03
-150952,النظيم,348,522000,1500,2026-06-03
-150939,النظيم,90,448000,4961,2026-06-03
-150529,القادسية,324,1200000,3693,2026-06-02
-150653,القادسية,125,803000,6404,2026-06-02
-150496,المرجان,350,600000,1714,2026-06-02
-150474,البيان,201,670000,3320,2026-06-02
-150575,البيان,115,520000,4484,2026-06-02
-150462,الفاروق,242,1400000,5771,2026-06-02
-150537,العزيزية,500,1395000,2790,2026-06-02
-150443,السعادة,750,1650000,2200,2026-06-02
-150481,الندوة,134,570000,4231,2026-06-02
-150524,المصانع,885,1500000,1695,2026-06-02
-150667,ضاحية نمار,900,950000,1056,2026-06-02
-150630,ظهرة لبن,130,585000,4485,2026-06-02
-150488,المونسية,312,1840800,5900,2026-06-02
-150642,بدر,223,680000,3043,2026-06-02
-150578,بدر,138,300000,2168,2026-06-02
-150490,المصفاة,599,1700000,2834,2026-06-02
-150568,المصفاة,599,600000,1000,2026-06-02
-150627,النظيم,143,557000,3890,2026-06-02
-150645,النظيم,214,683902,3194,2026-06-02
-150561,النظيم,384,537600,1400,2026-06-02
-150591,النظيم,348,1400000,4023,2026-06-02
-150256,القادسية,171,945297,5520,2026-06-01
-150251,المعيزيلة,179,880000,4907,2026-06-01
-150277,الندوة,134,700000,5200,2026-06-01
-150237,الندوة,129,550000,4259,2026-06-01
-150118,ضاحية نمار,2112,357541,169,2026-06-01
-150154,ضاحية نمار,437,660000,1509,2026-06-01
-150207,ضاحية نمار,450,280000,622,2026-06-01
-150211,ظهرة لبن,131,810000,6160,2026-06-01
-150274,بدر,242,852585,3519,2026-06-01
-150243,المصفاة,599,600000,1000,2026-06-01
-150242,المصفاة,599,600000,1000,2026-06-01
-150185,النهضة,254,1017480,4000,2026-06-01
-150183,النهضة,260,1040000,4000,2026-06-01
-150138,النهضة,295,1004700,3400,2026-06-01
-150137,النهضة,295,1004700,3400,2026-06-01
-150209,النظيم,96,541680,5640,2026-06-01
-150210,النظيم,172,666000,3852,2026-06-01
-150197,النظيم,325,455000,1400,2026-06-01
-150020,المرجان,325,617500,1900,2026-05-31
-150001,المعيزيلة,179,750000,4172,2026-05-31
-149999,ضاحية نمار,89,522300,5811,2026-05-31
-150026,النفل,20,212500,10185,2026-05-31
-149955,بدر,299,540000,1804,2026-05-31
-149960,بدر,163,694000,4243,2026-05-31
-149938,النظيم,325,455000,1400,2026-05-31
-149942,النظيم,294,411600,1400,2026-05-31
-149851,عريض,1050,610000,581,2026-05-30
-149828,القادسية,350,25000,71,2026-05-28
-149803,النظيم,383,200000,521,2026-05-26
-149755,البيان,378,945225,2500,2026-05-25
-149763,ضاحية نمار,900,1000000,1111,2026-05-25
-149745,النظيم,900,333000,370,2026-05-25
-149702,ديراب,1050,1995000,1900,2026-05-24
-149701,ديراب,1050,1995000,1900,2026-05-24
-149652,الزاهر,840,500000,595,2026-05-24
-149643,ضاحية نمار,864,864000,1000,2026-05-24
-149698,عريض,437,200000,457,2026-05-24
-149678,العلا,2147,600000,279,2026-05-24
-149697,المصفاة,599,1300000,2167,2026-05-24
-149653,النظيم,300,420000,1400,2026-05-24
-149656,الوسام,300,525000,1750,2026-05-24
-149531,المصفاة,599,450000,751,2026-05-23
-149429,الياسمين,168,1250000,7411,2026-05-20
-149328,البيان,219,1000000,4556,2026-05-20
-149315,البيان,210,730000,3472,2026-05-20
-149289,الصفاء,375,1087500,2900,2026-05-20
-149290,الصفاء,375,1087500,2900,2026-05-20
-149418,الندوة,167,730000,4370,2026-05-20
-149310,الزاهر,900,470000,522,2026-05-20
-149249,ضاحية نمار,375,1200000,3200,2026-05-20
-149143,ضاحية نمار,375,500000,1333,2026-05-20
-149416,ضاحية نمار,116,400000,3423,2026-05-20
-149358,ضاحية نمار,864,1400000,1620,2026-05-20
-149343,ضاحية نمار,450,550000,1222,2026-05-20
-149424,عريض,451,250000,553,2026-05-20
-149121,ظهرة لبن,354,1735211,4900,2026-05-20
-149181,السلي,863200,699192000,810,2026-05-20
-149419,بدر,104,608000,5832,2026-05-20
-149208,المصفاة,671,800000,1191,2026-05-20
-149306,النهضة,492,2027040,4120,2026-05-20
-149318,العريجاء الغربي,400,900000,2250,2026-05-20
-149234,النظيم,148,656000,4414,2026-05-20
-148608,الغنامية,192,90000,469,2026-05-19
-148869,المنصورة,480,1000000,2083,2026-05-19
-148835,المعيزيلة,321,1291550,4020,2026-05-19
-148607,المدينة الصناعية الجديدة,2625,4988336,1900,2026-05-19
-148809,الملقا,455,5815000,12780,2026-05-19
-148688,الندوة,170,881000,5168,2026-05-19
-148873,الندوة,133,725000,5427,2026-05-19
-148856,الندوة,117,590000,5017,2026-05-19
-148844,الزاهر,990,465000,470,2026-05-19
-148621,ضاحية نمار,183,738000,4019,2026-05-19
-148868,ضاحية نمار,234,680000,2904,2026-05-19
-148616,ضاحية نمار,936,1000000,1068,2026-05-19
-148889,عريض,400,170000,425,2026-05-19
-148891,عريض,400,170000,425,2026-05-19
-148837,ظهرة لبن,108,635000,5836,2026-05-19
-148595,ظهرة لبن,142,700000,4898,2026-05-19
-148625,ظهرة لبن,450,1250000,2778,2026-05-19
-148754,ظهرة لبن,312,1375000,4400,2026-05-19
-148753,اليرموك,167,1000000,5987,2026-05-19
-148681,القدس,123,890000,7181,2026-05-19
-148805,القدس,808,5974000,7385,2026-05-19
-148802,القدس,858,6344000,7393,2026-05-19
-148761,القدس,750,5700000,7600,2026-05-19
-148718,بدر,143,500000,3492,2026-05-19
-148647,بدر,246,800000,3242,2026-05-19
-148689,العريجاء الغربي,118,585000,4943,2026-05-19
-148824,النظيم,1170,1287154,1100,2026-05-19
-148694,النظيم,70,200000,2836,2026-05-19
-148769,النظيم,312,562500,1800,2026-05-19
-148333,الشعلة,775,210000,271,2026-05-18
-148345,الغنامية,403,525000,1301,2026-05-18
36972557,المرجان,300,507000,1690,2026-05-18
36967534,المنصورة,717,1500000,2092,2026-05-18
-148234,المنصورة,164,770000,4675,2026-05-18
-148154,النور,2762,6077016,2200,2026-05-18
-148347,البيان,419,1173900,2800,2026-05-18
-148239,البيان,201,1165000,5793,2026-05-18
-148159,الفاروق,257,1270000,4923,2026-05-18
-148354,المعيزيلة,312,2300000,7372,2026-05-18
-148395,الزاهر,900,390000,433,2026-05-18
-148146,ضاحية نمار,936,1080000,1154,2026-05-18
-148140,ضاحية نمار,117,490000,4161,2026-05-18
-148300,ضاحية نمار,450,565000,1256,2026-05-18
36968921,عريض,450,370000,822,2026-05-18
-148303,عريض,750,650000,867,2026-05-18
-148397,ظهرة لبن,118,700000,5891,2026-05-18
-148214,ظهرة لبن,625,1875000,3000,2026-05-18
-148204,ظهرة لبن,625,1875000,3000,2026-05-18
-148382,بدر,253,863500,3413,2026-05-18
-148153,بدر,229,600000,2613,2026-05-18
36968273,بدر,300,705000,2350,2026-05-18
36959911,الزهراء,2500,9500000,3800,2026-05-18
-148244,النظيم,165,630000,3816,2026-05-18
-148388,النظيم,120,437800,3640,2026-05-18
-148385,النظيم,300,950000,3167,2026-05-18
-147732,الدار البيضاء,113,497196,4374,2026-05-17
36941964,إشبيلية,850,3400000,4000,2026-05-17
-147810,النور,1799,3599340,2000,2026-05-17
36952915,البيان,985,1872431,1900,2026-05-17
-147736,الفاروق,400,1450000,3625,2026-05-17
-147742,الفاروق,400,1440000,3600,2026-05-17
-147741,الفاروق,400,1440000,3600,2026-05-17
-147752,الفاروق,600,2148000,3580,2026-05-17
-147876,ديراب,900,1215000,1350,2026-05-17
-147882,ديراب,1050,1680000,1600,2026-05-17
-147720,الندوة,349,1390000,3982,2026-05-17
-147850,الندوة,2495,8733620,3500,2026-05-17
-147728,الندوة,337,810000,2400,2026-05-17
-147844,الندوة,2489,8711745,3500,2026-05-17
-147837,الندوة,2489,8711745,3500,2026-05-17
-147756,الزاهر,870,380000,437,2026-05-17
-147688,الزاهر,840,370000,440,2026-05-17
36944237,ضاحية نمار,2341,1800000,769,2026-05-17
-147907,ضاحية نمار,225,400000,1778,2026-05-17
-147869,ضاحية نمار,2909,2000000,687,2026-05-17
36944776,عريض,402,390000,968,2026-05-17
-147792,عريض,400,125000,312,2026-05-17
36946847,عريض,450,215000,478,2026-05-17
36946671,عريض,900,700000,778,2026-05-17
36946091,العلا,900,470000,522,2026-05-17
-147759,المونسية,154,1000000,6491,2026-05-17
-147693,القدس,166,1180000,7076,2026-05-17
-147799,النهضة,165,1150000,6963,2026-05-17
-147883,السحاب,300,510000,1700,2026-05-17
-147921,النظيم,351,491400,1400,2026-05-17
-147839,النظيم,384,537600,1400,2026-05-17
-147508,المنار,126,850000,6742,2026-05-16
36935016,عريض,450,220000,489,2026-05-16
-147511,النظيم,312,468000,1500,2026-05-16
36924140,السلي,1925,2695000,1400,2026-05-15
36912343,اليمامة,270,850000,3148,2026-05-14
-147366,القادسية,2000,6800000,3400,2026-05-14
-147200,القادسية,125,750000,5981,2026-05-14
-147198,الملك فيصل,900,5670000,6300,2026-05-14
36905593,المرجان,300,510000,1700,2026-05-14
36916998,المرجان,300,480000,1600,2026-05-14
-147313,المرجان,300,540000,1800,2026-05-14
-147341,المرجان,300,555000,1850,2026-05-14
-147273,المرجان,288,532800,1850,2026-05-14
-147427,المرجان,81,450000,5544,2026-05-14
-147395,البيان,302,695175,2300,2026-05-14
-147254,البيان,540,1242000,2300,2026-05-14
-147260,البيان,540,1242000,2300,2026-05-14
-147221,المعيزيلة,153,960000,6254,2026-05-14
-147404,المعيزيلة,144,1160000,8052,2026-05-14
-147164,المعيزيلة,46,430000,9313,2026-05-14
-147206,الصفاء,443,1241240,2800,2026-05-14
-147214,الصفاء,372,1044344,2800,2026-05-14
-147201,الصفاء,371,1039052,2800,2026-05-14
-147222,الصفاء,369,1033228,2800,2026-05-14
-147228,الصفاء,368,1032500,2800,2026-05-14
-147235,الصفاء,371,1038800,2800,2026-05-14
-147245,الصفاء,372,1042272,2800,2026-05-14
-147196,الصفاء,443,1241548,2800,2026-05-14
-147251,الصفاء,373,1045380,2800,2026-05-14
-147258,الصفاء,374,1048460,2800,2026-05-14
-147282,الصفاء,424,1211250,2850,2026-05-14
-147271,الصفاء,375,1050000,2800,2026-05-14
-147318,الندوة,161,650000,4013,2026-05-14
-147419,الندوة,158,700000,4427,2026-05-14
-147232,الندوة,158,765000,4841,2026-05-14
-147183,الندوة,174,860000,4937,2026-05-14
-147443,الندوة,182,600000,3283,2026-05-14
-147193,الزاهر,930,600000,645,2026-05-14
-147195,ضاحية نمار,231,700000,3028,2026-05-14
-147163,ضاحية نمار,750,1000000,1333,2026-05-14
36906056,عريض,400,350000,875,2026-05-14
-147376,عريض,450,420000,933,2026-05-14
-147178,ظهرة لبن,143,767000,5356,2026-05-14
36911585,السلي,1750,2450000,1400,2026-05-14
-147345,المصفاة,1600,1500000,938,2026-05-14
-147317,النهضة,452,1943600,4300,2026-05-14
36908524,قرطبة,2312,15625000,6757,2026-05-14
36911574,قرطبة,348,2000000,5747,2026-05-14
36912366,النظيم,300,410000,1367,2026-05-14
-147340,النظيم,1207,1268253,1050,2026-05-14
-147338,النظيم,1195,1255054,1050,2026-05-14
36906737,ظهرة البديعة,575,1250000,2174,2026-05-14
36881494,الشعلة,759,200000,264,2026-05-13
-146647,الشعلة,763,190000,249,2026-05-13
-146605,النسيم الشرقي,450,1775000,3944,2026-05-13
36868359,غبيرا,147,600000,4082,2026-05-13
-146828,الفاروق,90,600000,6647,2026-05-13
-146821,الفاروق,101,650000,6419,2026-05-13
-146771,الصفاء,423,1271610,3000,2026-05-13
-146770,الصفاء,423,1271460,3000,2026-05-13
-146769,الصفاء,374,1125000,3000,2026-05-13
-146768,الصفاء,375,1125000,3000,2026-05-13
-146765,الصفاء,375,1125000,3000,2026-05-13
-146762,الصفاء,375,1125000,3000,2026-05-13
-146761,الصفاء,375,1125000,3000,2026-05-13
-146760,الصفاء,375,1125000,3000,2026-05-13
-146759,الصفاء,375,1125000,3000,2026-05-13
-146758,الصفاء,375,1125000,3000,2026-05-13
-146754,الصفاء,424,1275000,3000,2026-05-13
-146815,الصفاء,374,1312500,3500,2026-05-13
-146741,الصفاء,431,1208620,2800,2026-05-13
-146739,الصفاء,432,1210664,2800,2026-05-13
-146740,الصفاء,375,1050000,2800,2026-05-13
-146738,الصفاء,375,1050000,2800,2026-05-13
-146737,الصفاء,375,1050000,2800,2026-05-13
-146736,الصفاء,375,1050000,2800,2026-05-13
-146735,الصفاء,375,1050000,2800,2026-05-13
-146734,الصفاء,375,1050000,2800,2026-05-13
-146733,الصفاء,374,1050000,2800,2026-05-13
-146732,الصفاء,375,1050000,2800,2026-05-13
-146730,الصفاء,425,1190000,2800,2026-05-13
-146728,الصفاء,424,1190000,2800,2026-05-13
-146687,ضاحية نمار,1103,1450000,1314,2026-05-13
-146818,ضاحية نمار,245,790000,3224,2026-05-13
36878140,عريض,900,510000,567,2026-05-13
36881149,عريض,450,335000,744,2026-05-13
-146720,ظهرة لبن,366,1990000,5434,2026-05-13
36890307,السلي,1750,2450000,1400,2026-05-13
-146793,المونسية,575,2890000,5026,2026-05-13
-146700,بدر,210,648000,3082,2026-05-13
-146691,بدر,201,627300,3110,2026-05-13
-146608,بدر,1000,1600000,1600,2026-05-13
-146590,بدر,750,1200000,1600,2026-05-13
-146610,بدر,1000,1600000,1600,2026-05-13
-146782,بدر,138,499000,3606,2026-05-13
-146787,السحاب,463,869700,1878,2026-05-13
36883486,النظيم,1871,1777773,950,2026-05-13
-146827,الوسام,375,731250,1950,2026-05-13
-146826,الوسام,300,562500,1875,2026-05-13
-145767,الدار البيضاء,135,360000,2656,2026-05-12
-145758,الشعلة,755,185000,245,2026-05-12
-145896,الرفيعة,248,1830000,7378,2026-05-12
-145803,الملك فيصل,106,820000,7713,2026-05-12
-145869,المعيزيلة,69,500000,7215,2026-05-12
-145878,المعيزيلة,69,500000,7215,2026-05-12
-145709,الصفاء,375,2735180,7294,2026-05-12
-145724,الصفاء,369,1034572,2800,2026-05-12
-145723,الصفاء,369,1035300,2800,2026-05-12
-145722,الصفاء,370,1036028,2800,2026-05-12
-145721,الصفاء,370,1036756,2800,2026-05-12
-145792,الصفاء,425,1190000,2800,2026-05-12
-145695,الصفاء,425,1232500,2900,2026-05-12
-145717,الصفاء,424,1211250,2850,2026-05-12
36860519,السعادة,260,1050000,4038,2026-05-12
-145759,الندوة,134,499000,3706,2026-05-12
-145924,الندوة,200,750000,3744,2026-05-12
-145764,ضاحية نمار,1103,1100000,997,2026-05-12
-145931,ضاحية نمار,267,860000,3216,2026-05-12
36855766,عريض,400,225000,562,2026-05-12
-145747,ظهرة لبن,111,740000,6633,2026-05-12
-145934,ظهرة لبن,137,650000,4732,2026-05-12
-145856,ظهرة لبن,190,930000,4888,2026-05-12
-145810,ظهرة لبن,124,859000,6921,2026-05-12
-145769,الوادي,53,1000000,18560,2026-05-12
-145881,بدر,222,791000,3555,2026-05-12
-145908,النهضة,494,4800000,9712,2026-05-12
-145893,النظيم,65,537000,8162,2026-05-12
-145740,النظيم,312,452400,1450,2026-05-12
-144819,الشعلة,763,100000,131,2026-05-11
-145133,الصحافة,216,2350000,10835,2026-05-11
-145050,المرجان,102,526000,5113,2026-05-11
-145094,الفاروق,91,600000,6523,2026-05-11
-145077,الفاروق,400,1440000,3600,2026-05-11
-145047,الفاروق,1402,3715512,2650,2026-05-11
-145121,المعيزيلة,723,2494350,3450,2026-05-11
-145131,المعيزيلة,720,2485566,3450,2026-05-11
-145132,المعيزيلة,751,2592088,3450,2026-05-11
-145147,المعيزيلة,145,700000,4795,2026-05-11
-144989,الصفاء,375,1050000,2800,2026-05-11
-144986,الصفاء,374,1050000,2800,2026-05-11
-144993,الصفاء,244,1470000,6013,2026-05-11
-145085,الندوة,170,752000,4411,2026-05-11
-144980,ضاحية نمار,145,827000,5683,2026-05-11
-144927,عريض,500,470000,940,2026-05-11
36573914,المصيف,768,4576355,5959,2026-05-11
-144991,الحائر,3600,1380000,383,2026-05-11
-144857,النهضة,260,1092000,4200,2026-05-11
-144854,النهضة,260,1092000,4200,2026-05-11
-144922,النظيم,450,563463,1250,2026-05-11
-144882,النظيم,300,435000,1450,2026-05-11
36831166,النظيم,353,353750,1000,2026-05-11
-145116,النظيم,348,546186,1570,2026-05-11
-145113,النظيم,348,546186,1570,2026-05-11
-145112,النظيم,348,546186,1570,2026-05-11
-145061,ظهرة البديعة,1070,2354000,2200,2026-05-11
-145059,ظهرة البديعة,945,2079000,2200,2026-05-11
-144920,السويدي,500,1200000,2400,2026-05-11
-144210,الدار البيضاء,130,400000,3059,2026-05-10
-144088,الدار البيضاء,330,396000,1200,2026-05-10
-144104,القادسية,490,1550000,3163,2026-05-10
-144087,المرجان,410,820000,1997,2026-05-10
-144206,الفاروق,500,1825000,3650,2026-05-10
-144077,المدينة الصناعية الجديدة,2400,4320000,1800,2026-05-10
-144115,الصفاء,707,3676400,5200,2026-05-10
-144249,الصفاء,374,1068750,2850,2026-05-10
-144252,الصفاء,374,1068750,2850,2026-05-10
-144235,الصفاء,375,1068750,2850,2026-05-10
-144241,الصفاء,374,1068750,2850,2026-05-10
-144230,الصفاء,424,1190000,2800,2026-05-10
-144225,الصفاء,375,1050000,2800,2026-05-10
-144070,عرقة,525,3885000,7400,2026-05-10
-144011,الندوة,176,500000,2833,2026-05-10
-144069,ضاحية نمار,720,600000,833,2026-05-10
-143996,عريض,1060,600000,566,2026-05-10
-144138,ظهرة لبن,188,1100000,5843,2026-05-10
-144157,ظهرة لبن,131,780000,5932,2026-05-10
-144108,المونسية,2874,12793661,4450,2026-05-10
-144140,القدس,984,7520000,7642,2026-05-10
-144134,القدس,979,7480000,7640,2026-05-10
-144142,بدر,171,538500,3134,2026-05-10
-144151,بدر,221,450000,2029,2026-05-10
-144101,النهضة,260,2150000,8269,2026-05-10
-144192,النهضة,336,1344000,4000,2026-05-10
-144072,النهضة,336,1344000,4000,2026-05-10
-144074,النهضة,336,1344000,4000,2026-05-10
-144152,النظيم,833,1340000,1608,2026-05-10
-143999,النظيم,451,451370,1000,2026-05-10
-143998,النظيم,450,450770,1000,2026-05-10
-144090,النظيم,312,431800,1384,2026-05-10
-144000,النظيم,353,353750,1000,2026-05-10
-144205,النظيم,166,577000,3460,2026-05-10
36806220,النظيم,328,328850,1000,2026-05-10
-143984,الوسام,300,435000,1450,2026-05-10
-143351,البيان,287,1000000,3476,2026-05-09
-143348,ديراب,625,1000000,1600,2026-05-09
36788943,ضاحية نمار,390,468000,1200,2026-05-09
-143356,بدر,1050,2100000,2000,2026-05-09
-143350,النظيم,148,385000,2594,2026-05-09
-143047,الفاروق,164,1130000,6876,2026-05-08
-143048,عريض,525,400000,762,2026-05-08
-142946,الياسمين,198,1900000,9595,2026-05-07
36745383,الرفيعة,308,1753000,5692,2026-05-07
-142915,الصحافة,274,2400000,8738,2026-05-07
-142889,الملك فيصل,119,815000,6815,2026-05-07
-142924,المرجان,300,396000,1320,2026-05-07
-142925,المرجان,300,396000,1320,2026-05-07
-142936,الفاروق,162,950000,5849,2026-05-07
-142931,الربيع,312,2515500,8062,2026-05-07
-142885,ديراب,900,2700000,3000,2026-05-07
36753566,ضاحية نمار,432,595000,1377,2026-05-07
36744301,عريض,900,700000,778,2026-05-07
36750184,عريض,450,265000,589,2026-05-07
-142867,ظهرة لبن,142,785000,5509,2026-05-07
-142857,ظهرة لبن,304,1064000,3491,2026-05-07
-142870,ظهرة لبن,510,1800000,3529,2026-05-07
-142910,العلا,900,500000,556,2026-05-07
-142952,النفل,8987,210000000,23366,2026-05-07
-142962,بدر,151,590000,3906,2026-05-07
-142921,بدر,250,1267400,5070,2026-05-07
36754540,الحائر,272,190000,696,2026-05-07
-142865,المصفاة,750,1350000,1800,2026-05-07
36754531,الزهراء,556,1650000,2964,2026-05-07
-142875,النظيم,1151,1208876,1050,2026-05-07
-142590,الدار البيضاء,135,525872,3894,2026-05-06
-142735,النور,2775,6106650,2200,2026-05-06
-142601,البيان,417,1300000,3112,2026-05-06
-142591,البيان,305,1100000,3595,2026-05-06
-142748,البيان,1200,3720000,3099,2026-05-06
-142436,البيان,437,2500000,5714,2026-05-06
-142395,الروابي,154,1040000,6750,2026-05-06
-142460,الصفاء,425,1189999,2800,2026-05-06
-142459,الصفاء,374,1049997,2800,2026-05-06
-142476,الصفاء,375,1050000,2800,2026-05-06
-142474,الصفاء,374,1050000,2800,2026-05-06
-142483,الصفاء,442,1239665,2800,2026-05-06
-142594,الندوة,70,603500,8554,2026-05-06
-142553,الندوة,115,719907,6220,2026-05-06
-142526,الندوة,168,750000,4440,2026-05-06
-142744,الندوة,355,853200,2400,2026-05-06
-142745,الندوة,355,853200,2400,2026-05-06
-142736,الندوة,344,826200,2400,2026-05-06
36728713,ضاحية نمار,443,450000,1014,2026-05-06
-142581,ضاحية نمار,314,670000,2129,2026-05-06
-142515,ضاحية نمار,115,505000,4374,2026-05-06
-142494,ضاحية نمار,281,700000,2483,2026-05-06
-142597,العلا,900,480000,533,2026-05-06
-142504,بدر,182,520000,2852,2026-05-06
-142448,المصفاة,671,900000,1340,2026-05-06
-142523,النظيم,146,470000,3197,2026-05-06
-142521,النظيم,324,453600,1400,2026-05-06
36709214,الشعلة,765,250000,327,2026-05-05
36701963,الصحافة,364,2946792,8096,2026-05-05
36702947,الصحافة,338,2946792,8718,2026-05-05
-141716,النور,2777,4999446,1800,2026-05-05
-141847,البيان,199,870000,4370,2026-05-05
-141792,الفاروق,400,1440000,3600,2026-05-05
-141896,الفاروق,400,1440000,3600,2026-05-05
-141715,المعيزيلة,54,400000,7345,2026-05-05
36709827,منفوحة,365,2000000,5479,2026-05-05
-141732,الصفاء,166,900000,5394,2026-05-05
-141791,الصفاء,480,2448000,5100,2026-05-05
-141734,الصفاء,375,1087500,2900,2026-05-05
-141735,الصفاء,375,1087500,2900,2026-05-05
-141736,الصفاء,374,1087500,2900,2026-05-05
-141737,الصفاء,375,1087500,2900,2026-05-05
-141738,الصفاء,375,1087500,2900,2026-05-05
-141740,الصفاء,374,1087500,2900,2026-05-05
-141656,ديراب,900,875875,973,2026-05-05
-141655,ديراب,750,728875,972,2026-05-05
-141658,ديراب,750,735000,980,2026-05-05
-141657,ديراب,900,882000,980,2026-05-05
36710423,ديراب,810,1134000,1400,2026-05-05
36702583,المنار,500,3458167,6916,2026-05-05
-141767,الندوة,270,1460000,5407,2026-05-05
-141720,الزاهر,900,900000,1000,2026-05-05
-141856,ضاحية نمار,167,720000,4302,2026-05-05
36702670,ضاحية نمار,375,570000,1520,2026-05-05
-141831,عريض,500,455000,910,2026-05-05
-141859,عريض,1050,640000,610,2026-05-05
-141878,عريض,422,650000,1538,2026-05-05
-141921,ظهرة لبن,335,1700000,5072,2026-05-05
-141723,ظهرة لبن,149,630000,4205,2026-05-05
-141862,العلا,808,315000,390,2026-05-05
-141844,العلا,750,300000,400,2026-05-05
36703360,بدر,518,508600,981,2026-05-05
36703427,بدر,237,233400,981,2026-05-05
36670487,بدر,600,1100000,1833,2026-05-05
-141667,المصفاة,750,1440000,1920,2026-05-05
-141876,المصفاة,375,600000,1600,2026-05-05
-141771,المصفاة,750,1350000,1800,2026-05-05
-141730,المصفاة,600,1300000,2167,2026-05-05
-141787,النهضة,312,1248000,4000,2026-05-05
-141819,النظيم,312,531250,1700,2026-05-05
-141916,السويدي,201,820000,4075,2026-05-05
-140967,الملك فيصل,117,860875,7299,2026-05-04
36681518,المرجان,350,525000,1500,2026-05-04
-140979,المرجان,300,525000,1750,2026-05-04
36681753,النسيم الغربي,1050,5000000,4762,2026-05-04
-140958,الصفاء,312,944296,3022,2026-05-04
-140959,الصفاء,312,944296,3022,2026-05-04
-140946,الندوة,160,720000,4493,2026-05-04
-140872,ضاحية نمار,900,950000,1056,2026-05-04
-140950,عريض,500,500000,1000,2026-05-04
-140916,عريض,143,450000,3130,2026-05-04
-140772,عريض,500,500000,1000,2026-05-04
36676886,عريض,896,470000,524,2026-05-04
-140843,ظهرة لبن,304,1066625,3500,2026-05-04
-140810,ظهرة لبن,328,1350000,4111,2026-05-04
36673239,السلي,840,1260000,1500,2026-05-04
36673162,السلي,840,1260000,1500,2026-05-04
-140796,القدس,195,1600000,8197,2026-05-04
-140808,الحائر,3600,1630000,453,2026-05-04
-140913,المصفاة,599,570000,950,2026-05-04
-140790,النهضة,284,1138680,4000,2026-05-04
-140791,النهضة,283,1132680,4000,2026-05-04
-140792,النهضة,346,1384560,4000,2026-05-04
-140945,النهضة,451,1200000,2657,2026-05-04
-140839,السحاب,300,450000,1500,2026-05-04
-140765,الوسام,300,600000,2000,2026-05-04
36659186,اليمامة,202,725000,3580,2026-05-03
36653572,الغنامية,160,130000,812,2026-05-03
-140042,المرجان,300,500000,1667,2026-05-03
-140157,المرجان,288,380160,1320,2026-05-03
36652948,المرجان,300,585000,1950,2026-05-03
-140037,المرجان,350,525000,1500,2026-05-03
-140008,المنصورة,164,780000,4736,2026-05-03
36657097,البيان,250,1646500,6586,2026-05-03
36659451,العزيزية,625,1550000,2480,2026-05-03
-140215,الصفاء,374,1050000,2800,2026-05-03
-140213,الصفاء,375,1050000,2800,2026-05-03
-140211,الصفاء,375,1050000,2800,2026-05-03
-140191,الصفاء,375,1050000,2800,2026-05-03
-140189,الصفاء,374,1050000,2800,2026-05-03
-140186,الصفاء,433,1213660,2800,2026-05-03
-140091,المنار,191,1400000,7293,2026-05-03
-140230,الندوة,288,849600,2950,2026-05-03
-140123,الندوة,170,700000,4106,2026-05-03
-140112,الندوة,131,626000,4770,2026-05-03
-140188,الزاهر,1110,827000,745,2026-05-03
-140187,الزاهر,930,693000,745,2026-05-03
-140010,الزاهر,870,435000,500,2026-05-03
36652399,ضاحية نمار,2237,1500000,670,2026-05-03
-140062,ضاحية نمار,413,289100,700,2026-05-03
-140102,عريض,900,800000,889,2026-05-03
36652487,عريض,414,250000,604,2026-05-03
-140019,ظهرة لبن,132,600000,4533,2026-05-03
-140055,ظهرة لبن,304,1005675,3300,2026-05-03
-140052,ظهرة لبن,304,1005675,3300,2026-05-03
-140058,ظهرة لبن,304,1005675,3300,2026-05-03
-140021,ظهرة لبن,900,5600000,6222,2026-05-03
-140022,ظهرة لبن,900,5600000,6222,2026-05-03
-140070,ظهرة لبن,900,1494423,1660,2026-05-03
-140082,الحمراء,128,999000,7802,2026-05-03
-140217,العوالي,136,560000,4116,2026-05-03
-140114,المصيف,244,1980000,8088,2026-05-03
-140115,النهضة,190,1100000,5778,2026-05-03
-140075,الوسام,300,570000,1900,2026-05-03
-139196,الدار البيضاء,152,587500,3864,2026-05-02
-139199,العلا,900,255000,283,2026-05-02
-139198,المصفاة,599,1800000,3001,2026-05-02
36639109,هيت,900,67500,75,2026-05-02
-139209,ديراب,111,200000,1800,2026-05-01
-138586,الياسمين,160,1649000,10252,2026-04-30
36609127,الغنامية,160,130000,812,2026-04-30
-138514,الملك فيصل,500,2625000,5250,2026-04-30
-138515,الملك فيصل,500,2625000,5250,2026-04-30
36607907,المرجان,288,547200,1900,2026-04-30
-139115,المرجان,331,598549,1808,2026-04-30
-139156,البيان,159,620000,3882,2026-04-30
-139121,الصفاء,300,1115000,3717,2026-04-30
-139135,الصفاء,418,1171240,2800,2026-04-30
-139139,الصفاء,404,1132124,2800,2026-04-30
-139141,الصفاء,374,1050000,2800,2026-04-30
-139144,الصفاء,367,1029448,2800,2026-04-30
-139146,الصفاء,374,1050000,2800,2026-04-30
-138520,الصفاء,367,1030176,2800,2026-04-30
-138524,الصفاء,375,1050000,2800,2026-04-30
-138525,الصفاء,368,1030904,2800,2026-04-30
-138527,الصفاء,375,1050000,2800,2026-04-30
-138528,الصفاء,368,1031632,2800,2026-04-30
-138529,الصفاء,374,1050000,2800,2026-04-30
-138543,الصفاء,368,1032360,2800,2026-04-30
-138545,الصفاء,374,1050000,2800,2026-04-30
-138546,الصفاء,368,1033116,2800,2026-04-30
-138548,الصفاء,375,1050000,2800,2026-04-30
-138551,الصفاء,369,1033844,2800,2026-04-30
-138556,الصفاء,374,1050000,2800,2026-04-30
-138585,عرقة,587,1950000,3320,2026-04-30
-138578,الندوة,80,656565,8171,2026-04-30
36610363,ضاحية نمار,2231,1500000,672,2026-04-30
-138573,ضاحية نمار,239,1036000,4325,2026-04-30
-138541,ضاحية نمار,183,715000,3893,2026-04-30
-138606,ضاحية نمار,432,390000,903,2026-04-30
-138526,عريض,450,350000,778,2026-04-30
36597804,عريض,450,180000,400,2026-04-30
36597806,عريض,450,180000,400,2026-04-30
36608153,عريض,450,210000,467,2026-04-30
-139050,ظهرة لبن,625,1968750,3150,2026-04-30
-138934,ظهرة لبن,132,600000,4537,2026-04-30
-139126,النخيل,2500,21500000,8600,2026-04-30
-139119,الحمراء,128,939000,7333,2026-04-30
-138512,الحمراء,178,1129000,6339,2026-04-30
-139052,المونسية,481,3550000,7366,2026-04-30
-139140,النهضة,459,1836280,4000,2026-04-30
-139085,النهضة,390,1560000,4000,2026-04-30
-138589,السويدي,240,960000,3988,2026-04-30
36616362,الوسام,300,495000,1650,2026-04-30
36570604,الشعلة,759,200000,264,2026-04-29
-138731,المرجان,262,890000,3391,2026-04-29
-138691,البيان,187,600000,3196,2026-04-29
36586079,المعذر,150,1500000,10000,2026-04-29
-138763,العزيزية,660,1200000,1818,2026-04-29
-138774,المعيزيلة,98,600000,6095,2026-04-29
-138770,المعيزيلة,321,2270000,7066,2026-04-29
-138796,الصفاء,292,2000000,6847,2026-04-29
-138752,ديراب,98,483000,4900,2026-04-29
-138615,الندوة,264,750000,2841,2026-04-29
-138742,الندوة,125,450000,3572,2026-04-29
-138694,الندوة,100,480000,4763,2026-04-29
36580594,ضاحية نمار,2250,1250000,556,2026-04-29
36567911,ضاحية نمار,2250,1250000,556,2026-04-29
-138706,ضاحية نمار,219,650000,2962,2026-04-29
36575070,عريض,625,480000,768,2026-04-29
-138806,ظهرة لبن,111,740000,6633,2026-04-29
-138663,ظهرة لبن,304,1097100,3600,2026-04-29
-138747,ظهرة لبن,143,690000,4802,2026-04-29
-138677,ظهرة لبن,104,540000,5162,2026-04-29
-138741,ظهرة لبن,161,900000,5583,2026-04-29
-138766,ظهرة لبن,125,760000,6066,2026-04-29
36574129,ظهرة لبن,375,2750000,7333,2026-04-29
-138673,العلا,780,310000,397,2026-04-29
-138812,الملك فهد,300,2000000,6667,2026-04-29
-138797,النهضة,260,2215000,8519,2026-04-29
-138682,النهضة,483,4600000,9506,2026-04-29
-138893,الياسمين,163,1350000,8260,2026-04-28
-138997,الدار البيضاء,135,460000,3398,2026-04-28
36555114,شبرا,500,1150000,2300,2026-04-28
-138844,المرجان,405,1012500,2500,2026-04-28
-139013,النور,1796,3593720,2000,2026-04-28
-139006,النور,1796,3593680,2000,2026-04-28
-138966,البيان,127,725000,5674,2026-04-28
-139012,المعيزيلة,201,930000,4607,2026-04-28
36554219,ديراب,1155,2310000,2000,2026-04-28
-138953,الندوة,263,580250,2200,2026-04-28
-138955,الندوة,263,580250,2200,2026-04-28
-138983,الندوة,92,570000,6151,2026-04-28
-138875,الزاهر,1136,455000,400,2026-04-28
-138854,ضاحية نمار,750,1190000,1587,2026-04-28
36560456,عريض,250,275000,1100,2026-04-28
36560295,عريض,249,275000,1100,2026-04-28
-138897,ظهرة لبن,133,1140000,8568,2026-04-28
-138901,ظهرة لبن,132,850000,6396,2026-04-28
-138885,الحمراء,45048,212852840,4725,2026-04-28
36550227,اليرموك,650,871000,1340,2026-04-28
-139046,المصفاة,420,750000,1786,2026-04-28
-137642,الدار البيضاء,1127,2255000,2000,2026-04-27
36519173,الغنامية,240,167500,698,2026-04-27
36510520,غبيرا,240,1023000,4259,2026-04-27
36529709,مطار الملك خالد الدولي,195,622233,3191,2026-04-27
-137643,البيان,83,370000,4431,2026-04-27
-137757,الفاروق,2422,6604905,2726,2026-04-27
-137665,الفاروق,257,1350000,5233,2026-04-27
-137768,المعيزيلة,203,900000,4432,2026-04-27
36534025,عرقة,2500,7500000,3000,2026-04-27
-137896,الندوة,163,700000,4272,2026-04-27
-137833,الندوة,161,680000,4218,2026-04-27
-137739,ضاحية نمار,750,925000,1233,2026-04-27
-137679,عريض,900,610000,678,2026-04-27
36519097,عريض,200,175000,875,2026-04-27
36519098,عريض,200,175000,875,2026-04-27
-137691,عريض,450,485000,1078,2026-04-27
-137692,عريض,450,485000,1078,2026-04-27
-137687,ظهرة لبن,315,1102500,3500,2026-04-27
-137837,ظهرة لبن,132,600000,4537,2026-04-27
-137754,ظهرة لبن,169,950000,5609,2026-04-27
-137756,ظهرة لبن,133,849000,6355,2026-04-27
-137638,ظهرة لبن,1272,3561600,2800,2026-04-27
-137639,ظهرة لبن,1150,3220000,2800,2026-04-27
-137637,ظهرة لبن,1150,3220000,2800,2026-04-27
-137640,ظهرة لبن,1132,3169964,2800,2026-04-27
-137646,ظهرة لبن,140,800000,5683,2026-04-27
-137644,ظهرة لبن,133,1020000,7627,2026-04-27
-137724,العوالي,500,1000000,2000,2026-04-27
36537753,المونسية,575,3200000,5565,2026-04-27
36531453,اليرموك,625,1768795,2830,2026-04-27
-137703,القدس,195,1730000,8829,2026-04-27
-137660,النهضة,215,1000000,4630,2026-04-27
36535789,السحاب,300,540000,1800,2026-04-27
36540224,السحاب,300,441000,1470,2026-04-27
36502699,شبرا,250,710000,2840,2026-04-26
-137074,القادسية,3772,9500000,2519,2026-04-26
-136972,المرجان,288,475200,1650,2026-04-26
-136969,الفاروق,351,1100000,3133,2026-04-26
-137086,العزيزية,5500,7150000,1300,2026-04-26
-136993,المعيزيلة,1000,4500000,4500,2026-04-26
-137037,الندوة,96,420000,4350,2026-04-26
-137133,الندوة,166,400000,2406,2026-04-26
-137015,الندوة,104,430000,4106,2026-04-26
-137083,عريض,71,268000,3736,2026-04-26
-137030,عريض,168,388000,2309,2026-04-26
-137006,ظهرة لبن,400,1200000,3000,2026-04-26
-136994,ظهرة لبن,312,1406250,4500,2026-04-26
-136966,المونسية,154,1157000,7510,2026-04-26
-136954,القدس,135,970000,7170,2026-04-26
-136986,المصفاة,750,1400000,1867,2026-04-26
-136955,المصفاة,750,1400000,1867,2026-04-26
36501943,المصفاة,750,1400000,1867,2026-04-26
-137088,الوسام,300,500000,1667,2026-04-26
-136976,الوسام,300,540000,1800,2026-04-26
-137165,سدرة,657,6363000,9673,2026-04-26
-137168,سدرة,738,6607000,8944,2026-04-26
-136123,ضاحية نمار,468,460000,983,2026-04-24
-135939,الدار البيضاء,500,900000,1800,2026-04-23
36452121,الدار البيضاء,250,100000,400,2026-04-23
36452538,شبرا,400,900000,2250,2026-04-23
-135980,المرجان,66,656900,9815,2026-04-23
-136068,المرجان,324,535656,1650,2026-04-23
-135948,النور,1795,3590000,2000,2026-04-23
-135982,البيان,234,400000,1703,2026-04-23
-135966,البيان,318,400000,1258,2026-04-23
-136039,المعيزيلة,153,630000,4098,2026-04-23
36463080,الصفاء,306,946006,3089,2026-04-23
36463393,الصفاء,306,946006,3089,2026-04-23
36463074,الصفاء,312,921875,2950,2026-04-23
-135924,ديراب,173,526500,3042,2026-04-23
-136049,الندوة,85,400000,4691,2026-04-23
-136079,الندوة,133,900000,6749,2026-04-23
-136071,الندوة,120,500000,4140,2026-04-23
-136076,الندوة,74,415000,5598,2026-04-23
-136085,الندوة,171,885000,5150,2026-04-23
-136032,ضاحية نمار,162,701163,4310,2026-04-23
-136019,عريض,77,265000,3411,2026-04-23
-136082,عريض,450,300000,667,2026-04-23
-135958,العلا,750,250000,333,2026-04-23
36456263,الورود,510,1100000,2157,2026-04-23
36447436,المصفاة,599,535000,893,2026-04-23
-135917,المصفاة,599,535000,893,2026-04-23
-136080,السويدي,240,940000,3915,2026-04-23
-135573,الدار البيضاء,114,577900,5030,2026-04-22
36425686,الدار البيضاء,250,673113,2692,2026-04-22
-135582,الدار البيضاء,132,499700,3761,2026-04-22
36426909,المرجان,300,519000,1730,2026-04-22
36427419,المرجان,300,519000,1730,2026-04-22
-135500,المرجان,105,540755,5145,2026-04-22
-135583,المرجان,325,594750,1830,2026-04-22
-135484,المرجان,288,393120,1365,2026-04-22
36432044,المنصورة,720,2520000,3500,2026-04-22
-135400,البيان,364,1000000,2742,2026-04-22
36435889,البيان,864,3000000,3472,2026-04-22
36433877,الفاروق,320,1070000,3344,2026-04-22
-135398,ديراب,825,1237500,1500,2026-04-22
-135410,ديراب,825,1237500,1500,2026-04-22
-135416,ديراب,891,1336500,1500,2026-04-22
-135466,الندوة,104,523000,4994,2026-04-22
36420714,ضاحية نمار,1980,1325000,669,2026-04-22
36420758,ضاحية نمار,1980,1325000,669,2026-04-22
-135589,ضاحية نمار,900,1150000,1278,2026-04-22
-135504,عريض,450,450000,1000,2026-04-22
-135458,عريض,1060,600000,566,2026-04-22
36417990,عريض,225,200000,889,2026-04-22
36417991,عريض,225,200000,889,2026-04-22
-135438,ظهرة لبن,149,750000,5014,2026-04-22
-135401,ظهرة لبن,750,2100000,2800,2026-04-22
36428470,الملك فهد,750,4500000,6000,2026-04-22
-135520,الملك فهد,750,4500000,6000,2026-04-22
-135514,المصفاة,400,740000,1850,2026-04-22
-135403,المصفاة,599,550000,917,2026-04-22
-135377,النهضة,2970,13365000,4500,2026-04-22
-135449,النهضة,164,741570,4500,2026-04-22
-135450,النهضة,125,500000,4000,2026-04-22
-135482,قرطبة,138,1365000,9853,2026-04-22
-134612,الدار البيضاء,875,2500000,2857,2026-04-21
36407569,إشبيلية,816,3345600,4100,2026-04-21
36398238,إشبيلية,445,1040000,2334,2026-04-21
36398295,اليمامة,202,1300000,6420,2026-04-21
-134701,القادسية,189,1030000,5448,2026-04-21
36403913,النور,989,2650000,2679,2026-04-21
36402773,أم الحمام الغربي,495,2020000,4081,2026-04-21
-134775,البيان,264,1000000,3776,2026-04-21
-134806,العزيزية,562,1518750,2700,2026-04-21
36394589,ديراب,650,218750,337,2026-04-21
36394469,ديراب,625,700000,1120,2026-04-21
-134773,الندوة,350,1340000,3823,2026-04-21
36411597,الندوة,600,2000000,3333,2026-04-21
-134793,الندوة,158,750000,4729,2026-04-21
36370052,عريض,600,550000,917,2026-04-21
36375027,عريض,400,330000,825,2026-04-21
-134711,عريض,432,150000,347,2026-04-21
-134720,عريض,450,200000,444,2026-04-21
-134796,ظهرة لبن,111,770000,6902,2026-04-21
-134767,ظهرة لبن,46,350000,7467,2026-04-21
-134808,ظهرة لبن,330,1392400,4218,2026-04-21
36397583,المصفاة,599,500000,833,2026-04-21
-134636,المصفاة,599,450000,751,2026-04-21
-134630,المصفاة,599,550000,917,2026-04-21
-134788,النهضة,76,325000,4245,2026-04-21
-134596,النهضة,302,1240045,4100,2026-04-21
-134593,النهضة,302,1240045,4100,2026-04-21
-134591,النهضة,366,1500969,4100,2026-04-21
36394963,السويدي,610,2000000,3279,2026-04-21
36376919,العمل,314,1550000,4925,2026-04-20
36376243,الشعلة,745,220000,295,2026-04-20
36383465,المربع,787,3148000,4000,2026-04-20
-133764,القادسية,300,960000,3200,2026-04-20
-133762,القادسية,300,960000,3200,2026-04-20
-133756,القادسية,750,2400000,3200,2026-04-20
-133757,القادسية,990,3168000,3200,2026-04-20
-133898,القادسية,136,750000,5503,2026-04-20
-133804,الملك فيصل,113,785000,6942,2026-04-20
36376501,المرجان,350,525000,1500,2026-04-20
36377446,مطار الملك خالد الدولي,195,742392,3807,2026-04-20
36376893,مطار الملك خالد الدولي,195,622236,3191,2026-04-20
36374033,البيان,250,1600000,6400,2026-04-20
36385601,ديراب,700,1575000,2250,2026-04-20
-133941,السعادة,375,1000000,2667,2026-04-20
-133778,المصانع,1500,2400000,1600,2026-04-20
-133899,ضاحية نمار,750,1000000,1333,2026-04-20
-133743,ضاحية نمار,230,764450,3319,2026-04-20
36368456,ضاحية نمار,402,350000,870,2026-04-20
-133736,ضاحية نمار,2295,1650000,719,2026-04-20
36370236,عريض,400,350000,875,2026-04-20
-133903,ظهرة لبن,400,1200000,3000,2026-04-20
36290668,العريجاء الأوسط,460,1250000,2717,2026-04-20
36375906,الحائر,688,570000,828,2026-04-20
-133890,النهضة,336,1344000,4000,2026-04-20
-133845,قرطبة,128,1250000,9709,2026-04-20
36383169,الوسام,300,495000,1650,2026-04-20
-133752,الوسام,300,495000,1650,2026-04-20
36350564,الدار البيضاء,875,1150000,1314,2026-04-19
36353879,شبرا,250,445277,1781,2026-04-19
36358637,القادسية,750,2400000,3200,2026-04-19
36358910,القادسية,750,2400000,3200,2026-04-19
-132995,النور,3152,6935984,2200,2026-04-19
36352593,منفوحة الجديدة,142,470000,3298,2026-04-19
-133110,الندوة,96,575000,5955,2026-04-19
-133108,الزاهر,900,390000,433,2026-04-19
-133219,الزاهر,900,440000,489,2026-04-19
-133001,ضاحية نمار,2745,2059125,750,2026-04-19
-132999,ضاحية نمار,2661,1810119,680,2026-04-19
-133144,ضاحية نمار,231,780000,3375,2026-04-19
-132977,عريض,450,370000,822,2026-04-19
36345865,عريض,400,360000,900,2026-04-19
36344307,عريض,900,400000,444,2026-04-19
-133083,عريض,60,270000,4433,2026-04-19
-133091,عريض,143,388000,2705,2026-04-19
-132992,ظهرة لبن,127,615000,4808,2026-04-19
36360667,المونسية,312,1250000,4000,2026-04-19
36363503,المصيف,600,5500000,9167,2026-04-19
36358700,المصفاة,599,420000,700,2026-04-19
-132997,المصفاة,599,450000,750,2026-04-19
36352210,المصفاة,400,730000,1825,2026-04-19
-132996,المصفاة,400,750000,1875,2026-04-19
-132972,الوسام,300,510000,1700,2026-04-19
-132907,الوسام,160,600000,3737,2026-04-19
-132905,الوسام,168,700000,4145,2026-04-19
-132908,الوسام,146,500000,3424,2026-04-19
36332459,الصفاء,2171,10000000,4604,2026-04-18
36332554,الصفاء,2185,10000000,4575,2026-04-18
-132113,المصفاة,395,690000,1747,2026-04-17
-131864,القادسية,229,1000000,4364,2026-04-16
-131946,البيان,300,630000,2100,2026-04-16
-131990,البيان,228,990000,4324,2026-04-16
-132012,المعيزيلة,237,980000,4119,2026-04-16
36306183,ديراب,600,822000,1370,2026-04-16
-132016,الندوة,76,499331,6550,2026-04-16
-131950,ضاحية نمار,875,1050000,1200,2026-04-16
36307281,ضاحية نمار,900,1700000,1889,2026-04-16
-131868,ضاحية نمار,102,613688,5972,2026-04-16
-131958,العوالي,450,1000000,2222,2026-04-16
-131941,العوالي,1050,2405000,2290,2026-04-16
36299430,المصفاة,599,486000,810,2026-04-16
36306255,المصفاة,599,400000,667,2026-04-16
-131926,النهضة,492,4800000,9754,2026-04-16
-131921,النهضة,336,2900000,8631,2026-04-16
-132030,النهضة,500,2002960,4000,2026-04-16
-131857,العريجاء الغربي,400,650000,1625,2026-04-16
36299137,الضباط,515,3300000,6404,2026-04-16
-131279,الياسمين,178,2000000,11197,2026-04-15
36267741,الشعلة,745,210000,282,2026-04-15
-131354,الشعلة,750,400000,533,2026-04-15
36279489,القادسية,750,2400000,3200,2026-04-15
-131471,القادسية,129,800000,6162,2026-04-15
-131462,المرجان,1993,5000325,2508,2026-04-15
-131327,النرجس,84,795000,9460,2026-04-15
-131324,النرجس,76,795000,10404,2026-04-15
-131458,النرجس,122,1200000,9833,2026-04-15
-131387,النرجس,152,1330000,8693,2026-04-15
-131410,النرجس,9,92308,10102,2026-04-15
-131317,النرجس,119,1135000,9532,2026-04-15
-131345,النرجس,168,1530000,9075,2026-04-15
-131356,الفاروق,700,2555000,3650,2026-04-15
-131346,العزيزية,591,1600000,2703,2026-04-15
-131459,المعيزيلة,145,850000,5861,2026-04-15
-131465,ديراب,182,846000,4641,2026-04-15
-131443,الندوة,348,1600000,4587,2026-04-15
-131331,ضاحية نمار,454,825000,1816,2026-04-15
-131330,ضاحية نمار,828,950000,1147,2026-04-15
-131398,ضاحية نمار,157,615000,3904,2026-04-15
36262096,عريض,425,250000,588,2026-04-15
-131366,ظهرة لبن,750,2107500,2810,2026-04-15
-131359,ظهرة لبن,118,535000,4510,2026-04-15
-131438,ظهرة لبن,122,780000,6355,2026-04-15
36283172,العوالي,900,1665000,1850,2026-04-15
-131450,ظهرة البديعة,175,720000,4110,2026-04-15
-130754,الشعلة,765,190000,248,2026-04-14
-130582,القادسية,121,660000,5440,2026-04-14
36246722,المرجان,300,540000,1800,2026-04-14
36247395,المرجان,300,540000,1800,2026-04-14
36248064,المرجان,339,610668,1800,2026-04-14
-130555,النسيم الشرقي,89,455000,5080,2026-04-14
-130662,النرجس,8,83846,9821,2026-04-14
-130718,النرجس,12,117000,9322,2026-04-14
-130746,النرجس,168,1350000,8034,2026-04-14
-130565,البيان,877,1500000,1709,2026-04-14
-130726,الفاروق,470,1700000,3617,2026-04-14
-130639,العزيزية,2229,6590000,2956,2026-04-14
-130649,العزيزية,3496,9810000,2806,2026-04-14
-130638,العزيزية,3090,6330000,2048,2026-04-14
-130651,العزيزية,2790,6300000,2258,2026-04-14
-130593,المعيزيلة,75,430000,5667,2026-04-14
-130640,المعيزيلة,145,900000,6165,2026-04-14
36250345,السعادة,260,1050000,4038,2026-04-14
-130733,الندوة,80,400000,4991,2026-04-14
-130583,ضاحية نمار,432,500000,1157,2026-04-14
36249006,عريض,405,335000,827,2026-04-14
-130766,ظهرة لبن,157,855000,5430,2026-04-14
-130671,ظهرة لبن,129,850000,6589,2026-04-14
-130735,الملك سلمان,750,4950000,6600,2026-04-14
36256892,المونسية,370,750000,2024,2026-04-14
36218401,المصفاة,200,650000,3250,2026-04-14
-130707,السحاب,300,450000,1500,2026-04-14
-130560,الوسام,300,495000,1650,2026-04-14
36210017,اليمامة,255,580000,2275,2026-04-13
36215616,غبيرا,232,1200000,5172,2026-04-13
-129943,النرجس,295,1930000,6534,2026-04-13
-129958,النرجس,295,1930000,6534,2026-04-13
-129962,النرجس,900,1800000,2000,2026-04-13
-129989,النرجس,198,1850000,9322,2026-04-13
-130003,الصفاء,375,1068750,2850,2026-04-13
-130004,الصفاء,374,1068750,2850,2026-04-13
-129995,الصفاء,375,1068750,2850,2026-04-13
-129998,الصفاء,375,1068750,2850,2026-04-13
-129988,الصفاء,375,1068750,2850,2026-04-13
-129991,الصفاء,375,1068750,2850,2026-04-13
-129987,الصفاء,349,997500,2850,2026-04-13
-129984,الصفاء,349,997500,2850,2026-04-13
-129982,الصفاء,361,1030930,2850,2026-04-13
-129981,الصفاء,360,1028308,2850,2026-04-13
36215807,عرقة,500,1400000,2800,2026-04-13
-129996,الزاهر,840,200000,238,2026-04-13
-129976,ضاحية نمار,2250,1100000,489,2026-04-13
36208583,عريض,414,260000,628,2026-04-13
-129977,عريض,480,260000,542,2026-04-13
-129926,ظهرة لبن,109,670000,6092,2026-04-13
36218125,المصفاة,200,650000,3250,2026-04-13
-130001,المصفاة,750,1340000,1787,2026-04-13
36219903,المصفاة,2403,1828881,761,2026-04-13
-129928,العريجاء الغربي,140,670000,4779,2026-04-13
36201494,غرناطة,525,2940000,5600,2026-04-12
-129309,النرجس,910,4550000,5000,2026-04-12
-129287,النرجس,115,1435000,12394,2026-04-12
-129350,النرجس,175,1500000,8556,2026-04-12
36201639,البيان,659,877734,1330,2026-04-12
-129589,الفاروق,403,1535048,3800,2026-04-12
36198285,العزيزية,500,1070735,2141,2026-04-12
-129254,المعيزيلة,49,420000,8533,2026-04-12
-129411,الصفاء,424,1190000,2800,2026-04-12
-129313,الصفاء,375,1050000,2800,2026-04-12
-129317,الصفاء,368,1032500,2800,2026-04-12
-129297,الصفاء,374,1050000,2800,2026-04-12
-129303,الصفاء,368,1032500,2800,2026-04-12
-129323,الصفاء,375,1050000,2800,2026-04-12
-129332,الصفاء,375,1050000,2800,2026-04-12
-129398,الصفاء,375,1050000,2800,2026-04-12
-129400,الصفاء,375,1050000,2800,2026-04-12
-129306,الصفاء,451,1263164,2800,2026-04-12
-129307,الصفاء,451,1263304,2800,2026-04-12
-129405,الصفاء,424,1190000,2800,2026-04-12
-129357,ديراب,750,1200000,1600,2026-04-12
36199048,ديراب,700,3000000,4286,2026-04-12
-129575,الندوة,134,800000,5941,2026-04-12
-129461,ضاحية نمار,924,920000,996,2026-04-12
-129584,عريض,400,370000,925,2026-04-12
-129322,ظهرة لبن,900,1850000,2056,2026-04-12
-129291,ظهرة لبن,223,1000000,4465,2026-04-12
-129302,ظهرة لبن,144,800000,5532,2026-04-12
-129337,ظهرة لبن,133,580000,4350,2026-04-12
-129292,ظهرة لبن,900,3900000,4333,2026-04-12
-129335,ظهرة لبن,1054,3800000,3605,2026-04-12
36204529,العوالي,900,1755000,1950,2026-04-12
-129312,قرطبة,29,216667,7443,2026-04-12
36180807,ديراب,840,840000,1000,2026-04-11
-128806,ظهرة لبن,132,640000,4835,2026-04-11
36168734,الياسمين,430,2500000,5814,2026-04-10
36168536,الغنامية,384,250000,651,2026-04-10
-128502,ديراب,90,390000,4331,2026-04-10
36168835,عرقة,1250,4375000,3500,2026-04-10
-128441,الياسمين,160,1480000,9202,2026-04-09
-128320,الياسمين,284,2150000,7561,2026-04-09
-128400,القادسية,2400,10000000,4167,2026-04-09
-128251,النرجس,263,2220000,8430,2026-04-09
-128344,النرجس,268,2100000,7834,2026-04-09
-128268,النرجس,272,2350000,8638,2026-04-09
-128280,النرجس,95,955000,9973,2026-04-09
-128239,النرجس,1050,8400000,8000,2026-04-09
-128282,النرجس,355,2737658,7700,2026-04-09
-128283,النرجس,293,2260720,7700,2026-04-09
-128367,النرجس,95,950000,10000,2026-04-09
-128389,النرجس,258,2700000,10465,2026-04-09
-128298,جرير,578,2168138,3750,2026-04-09
-128289,الصفاء,375,1068750,2850,2026-04-09
-128288,الصفاء,375,1068750,2850,2026-04-09
-128285,الصفاء,375,1068750,2850,2026-04-09
-128281,الصفاء,375,1068750,2850,2026-04-09
-128276,الصفاء,374,1068750,2850,2026-04-09
-128275,الصفاء,375,1068750,2850,2026-04-09
-128264,الصفاء,375,1068750,2850,2026-04-09
-128263,الصفاء,375,1068750,2850,2026-04-09
-128254,الصفاء,375,1068750,2850,2026-04-09
-128253,الصفاء,375,1068750,2850,2026-04-09
-128250,الصفاء,375,1068750,2850,2026-04-09
-128249,الصفاء,375,1068750,2850,2026-04-09
36160601,ديراب,875,1548750,1770,2026-04-09
-128458,ديراب,89,473700,5283,2026-04-09
-128403,الندوة,161,675000,4187,2026-04-09
36155738,ضاحية نمار,918,890000,969,2026-04-09
-128345,ضاحية نمار,733,500000,682,2026-04-09
36159368,ضاحية نمار,450,530000,1178,2026-04-09
-128310,المصفاة,400,710000,1775,2026-04-09
-128430,المصفاة,5000,8500000,1700,2026-04-09
36159752,أحد,500,1000000,2000,2026-04-09
-128407,ظهرة البديعة,500,1399520,2799,2026-04-09
-127900,الدار البيضاء,143,670000,4685,2026-04-08
-127744,إشبيلية,420,1848000,4400,2026-04-08
-127750,اليمامة,285,1680000,5895,2026-04-08
-127910,الشعلة,645,230000,357,2026-04-08
-127719,النرجس,648,3790800,5850,2026-04-08
-127843,النرجس,910,7735000,8500,2026-04-08
36122284,أم الحمام الغربي,440,300000,682,2026-04-08
36132276,جرير,609,2285512,3750,2026-04-08
-127902,الصفاء,312,921875,2950,2026-04-08
36124750,الصفاء,240,609752,2541,2026-04-08
-127747,الندوة,134,350000,2599,2026-04-08
-127858,ضاحية نمار,2295,2500000,1089,2026-04-08
-127801,ضاحية نمار,450,490000,1089,2026-04-08
-127927,ضاحية نمار,234,690000,2947,2026-04-08
-127908,عريض,450,360000,800,2026-04-08
-127923,ظهرة لبن,107,580000,5411,2026-04-08
-127769,ظهرة لبن,625,1200000,1920,2026-04-08
36129528,ظهرة لبن,301,1950000,6470,2026-04-08
-127906,القدس,81,1000000,12253,2026-04-08
-127787,المصفاة,599,400000,667,2026-04-08
-127773,المصفاة,599,500000,834,2026-04-08
-127775,السحاب,300,495000,1650,2026-04-08
-127771,السحاب,300,495000,1650,2026-04-08
36129557,السويدي,525,1100000,2095,2026-04-08
36127234,السويدي,364,475000,1305,2026-04-08
36106413,الدار البيضاء,4000,6000000,1500,2026-04-07
-127167,الصحافة,73,1500000,20517,2026-04-07
-127067,النرجس,300,2000000,6667,2026-04-07
-127170,النرجس,178,1550000,8662,2026-04-07
-127064,الفاروق,297,1650000,5543,2026-04-07
-127196,العزيزية,2022,6500000,3214,2026-04-07
-127195,العزيزية,2074,4700000,2266,2026-04-07
-127193,العزيزية,2094,5910000,2822,2026-04-07
-127060,المعيزيلة,162,830000,5101,2026-04-07
-127018,المعيزيلة,53,395000,7447,2026-04-07
-127069,الصفاء,292,1900000,6505,2026-04-07
-127136,عرقة,625,3500000,5600,2026-04-07
-127135,عرقة,500,2720000,5440,2026-04-07
-127173,الندوة,317,900000,2832,2026-04-07
-127002,الزاهر,990,515000,520,2026-04-07
-126990,ضاحية نمار,199,580000,2905,2026-04-07
36108334,ضاحية نمار,936,900000,962,2026-04-07
-127009,ضاحية نمار,1050,1260000,1200,2026-04-07
-127072,عريض,400,215000,538,2026-04-07
-127192,ظهرة لبن,330,1400000,4241,2026-04-07
-127094,المونسية,408,3200000,7843,2026-04-07
-126345,الدار البيضاء,111,300000,2698,2026-04-06
-126382,الصحافة,73,1350000,18465,2026-04-06
36081107,المرجان,1481,4369452,2950,2026-04-06
36085642,النسيم الشرقي,625,2500000,4000,2026-04-06
-126380,النرجس,125,1050000,8400,2026-04-06
-126349,النرجس,86,940000,10887,2026-04-06
-126344,الندوة,258,805000,3114,2026-04-06
36073814,المصانع,141,110000,778,2026-04-06
-126372,الزاهر,900,700000,778,2026-04-06
-126342,الزاهر,900,430000,478,2026-04-06
-126325,ضاحية نمار,2215,1500000,677,2026-04-06
-126353,ضاحية نمار,301,210861,700,2026-04-06
-126360,عريض,900,200000,222,2026-04-06
36067821,عريض,450,380000,844,2026-04-06
-126435,ظهرة لبن,107,530000,4921,2026-04-06
-126453,ظهرة لبن,120,590000,4894,2026-04-06
-126448,العلا,752,118800,158,2026-04-06
36077813,المصيف,750,10000000,13333,2026-04-06
36078591,المصفاة,599,552000,920,2026-04-06
-126456,النهضة,216,1350000,6249,2026-04-06
36082650,الضباط,330,1617000,4900,2026-04-06
36035589,الشعلة,763,180000,236,2026-04-05
-125724,المرجان,336,534240,1590,2026-04-05
-125759,النرجس,664,4582290,6900,2026-04-05
-125822,النرجس,275,2150000,7793,2026-04-05
36052034,النرجس,225,2870000,12756,2026-04-05
-125784,النرجس,110,1150000,10383,2026-04-05
-125816,الفاروق,142,820000,5758,2026-04-05
-125861,الفاروق,90,600000,6647,2026-04-05
36052649,ديراب,700,1365000,1950,2026-04-05
-125716,الزاهر,900,570000,633,2026-04-05
-125715,الزاهر,900,570000,633,2026-04-05
-125852,الزاهر,2400,900000,375,2026-04-05
36041470,عريض,450,290000,644,2026-04-05
-125713,ظهرة لبن,840,2604000,3100,2026-04-05
35994222,العلا,900,100000,111,2026-04-05
36059719,المصيف,840,9460000,11262,2026-04-05
-125735,المصفاة,750,1200000,1600,2026-04-05
-125686,ظهرة البديعة,213,725000,3404,2026-04-05
-125285,ديراب,91,400000,4392,2026-04-04
-124914,الياسمين,650,4225000,6500,2026-04-02
-125004,الصحافة,2400,48000000,20000,2026-04-02
-124875,النرجس,247,2000000,8088,2026-04-02
36006471,النرجس,1904,13000000,6828,2026-04-02
-124957,الندوة,177,715800,4042,2026-04-02
-124996,الندوة,1737,4343775,2500,2026-04-02
-124976,الندوة,263,950000,3602,2026-04-02
-124981,الندوة,80,573980,7170,2026-04-02
-125023,الندوة,157,600000,3819,2026-04-02
-124982,الندوة,158,850000,5359,2026-04-02
-124962,الندوة,348,1400000,4014,2026-04-02
-125035,ضاحية نمار,223,600000,2685,2026-04-02
-124952,اليرموك,456,2650000,5807,2026-04-02
-124906,السويدي,525,1500000,2857,2026-04-02
-124465,الدار البيضاء,171,400000,2327,2026-04-01
-124369,المرجان,325,650000,2000,2026-04-01
-124354,المرجان,396,673200,1698,2026-04-01
-124343,المنصورة,168,900000,5354,2026-04-01
-124360,النرجس,97,900000,9260,2026-04-01
-124340,النرجس,104,1065000,10237,2026-04-01
-124463,النرجس,183,1400000,7622,2026-04-01
-124353,البيان,877,1579500,1800,2026-04-01
35978899,العزيزية,400,1133666,2834,2026-04-01
-124364,ديراب,1120,1568000,1400,2026-04-01
-124414,الندوة,160,681000,4236,2026-04-01
-124472,عريض,400,360000,900,2026-04-01
35977742,اليرموك,750,2500000,3333,2026-04-01
-123750,النرجس,88,920000,10349,2026-03-31
-123773,النرجس,196,1300000,6632,2026-03-31
-123801,البيان,415,1122849,2700,2026-03-31
35955303,العزيزية,400,20070,50,2026-03-31
-123758,الملقا,1020,24379686,23900,2026-03-31
35966679,الفيحاء,750,2900000,3867,2026-03-31
-123768,ضاحية نمار,375,1200000,3200,2026-03-31
-123810,العريجاء الأوسط,290,1100000,3781,2026-03-31
-123766,قرطبة,119,1450000,12099,2026-03-31
-123655,الهدا,508,3500000,6886,2026-03-31
35938660,الشعلة,750,190000,253,2026-03-30
-123146,الصحافة,362,3730000,10278,2026-03-30
-123056,البيان,939,3000000,3195,2026-03-30
35939049,جرير,320,1700000,5312,2026-03-30
-123160,العزيزية,684,1425000,2083,2026-03-30
-123158,العزيزية,684,1500000,2193,2026-03-30
-123137,ديراب,102,518902,5055,2026-03-30
-123091,ضاحية نمار,500,700000,1400,2026-03-30
35938515,عريض,450,300000,667,2026-03-30
35943042,القدس,1019,5097729,5000,2026-03-30
35939487,المصفاة,599,600000,1000,2026-03-30
35939826,المصفاة,599,600000,1000,2026-03-30
35931491,قرطبة,150,1000000,6667,2026-03-30
-122515,الدار البيضاء,111,522900,4683,2026-03-29
-122525,الدار البيضاء,135,543900,4018,2026-03-29
-122602,الصحافة,211,2449000,11566,2026-03-29
-122559,المرجان,300,540000,1800,2026-03-29
-122512,النرجس,141,1605000,11355,2026-03-29
-122577,النرجس,119,1385300,11630,2026-03-29
-122494,النرجس,152,1350000,8832,2026-03-29
-122528,النرجس,76,875000,11451,2026-03-29
-122611,النرجس,334,2576728,7700,2026-03-29
-122566,النرجس,253,1870000,7365,2026-03-29
-122472,الندوة,248,1000000,4025,2026-03-29
-122526,الندوة,144,680000,4693,2026-03-29
-122590,ضاحية نمار,175,880000,5003,2026-03-29
-122493,عريض,408,200000,490,2026-03-29
-122474,العلا,702,280000,399,2026-03-29
-122613,النهضة,236,1450000,6135,2026-03-29
-122492,العريجاء الغربي,360,1700000,4722,2026-03-29
-122573,الوسام,312,515971,1650,2026-03-29
-122029,الشعلة,550,150000,273,2026-03-28
-122028,الشعلة,550,150000,273,2026-03-28
-122016,النرجس,2711,32542320,12000,2026-03-28
-122020,النرجس,2114,25377240,12000,2026-03-28
-122021,النرجس,2056,24680520,12000,2026-03-28
-122017,النرجس,2184,21846700,10000,2026-03-28
-122019,النرجس,2185,21857400,10000,2026-03-28
-122024,الروابي,390,1750000,4487,2026-03-28
35866463,البيان,750,1500000,2000,2026-03-27
35866371,البيان,750,1500000,2000,2026-03-27
-121722,القادسية,156,1100000,7045,2026-03-26
35839281,النسيم الشرقي,805,2817500,3500,2026-03-26
-121759,النرجس,8,83846,9821,2026-03-26
-121743,النرجس,8,83846,9821,2026-03-26
-121716,النرجس,118,1229000,10361,2026-03-26
-121734,النرجس,100,949000,9400,2026-03-26
-121757,النرجس,216,1850000,8560,2026-03-26
-121800,الفاروق,240,1570000,6542,2026-03-26
35859456,جرير,500,1650000,3300,2026-03-26
-121736,ديراب,175,595000,3390,2026-03-26
-121785,ضاحية نمار,171,718000,4197,2026-03-26
-121724,عريض,400,200000,500,2026-03-26
-121760,الحمراء,318,1800000,5647,2026-03-26
35862112,السلي,4500,8910000,1980,2026-03-26
35836446,اليمامة,255,460000,1804,2026-03-25
-121641,الشعلة,755,195000,258,2026-03-25
-121820,الصحافة,73,1675000,22911,2026-03-25
35843587,الملك فيصل,500,2300000,4600,2026-03-25
-121830,النرجس,990,7425000,7500,2026-03-25
-121812,النرجس,147,1650000,11208,2026-03-25
-121837,النرجس,180,1600000,8848,2026-03-25
35842239,الفاروق,500,1825000,3650,2026-03-25
-121635,المعيزيلة,244,1260000,5157,2026-03-25
-121818,الصفاء,480,2448000,5100,2026-03-25
-121822,الصفاء,400,1584400,3961,2026-03-25
35840845,الندوة,667,1000000,1498,2026-03-25
-121625,الندوة,75,587700,7751,2026-03-25
35828465,العزيزية,450,410000,911,2026-03-24
-121681,ضاحية نمار,2909,1850000,636,2026-03-23
35773163,الغنامية,160,125000,781,2026-03-18
35773014,عريض,450,390000,867,2026-03-18
-121314,المصفاة,5178,5696229,1100,2026-03-18
-121323,المصفاة,5285,5814259,1100,2026-03-18
-121318,المصفاة,4820,5302121,1100,2026-03-18
-121317,المصفاة,4986,5485645,1100,2026-03-18
-121316,المصفاة,4816,5297798,1100,2026-03-18
-121324,المصفاة,4161,4577716,1100,2026-03-18
-121321,المصفاة,4806,5287282,1100,2026-03-18
-121319,المصفاة,4806,5287282,1100,2026-03-18
-121315,المصفاة,7176,7894029,1100,2026-03-18
-121320,المصفاة,2735,3009171,1100,2026-03-18
-121322,المصفاة,4820,5302121,1100,2026-03-18
35762100,الشعلة,600,220000,367,2026-03-17
-121237,النرجس,10000,14000000,1400,2026-03-17
-121162,النرجس,77,769000,9872,2026-03-17
-121166,النرجس,100,950000,9476,2026-03-17
-121153,النرجس,142,1330000,9348,2026-03-17
35763627,أم الحمام الغربي,20940,110982000,5300,2026-03-17
35763974,جرير,2240,5600000,2500,2026-03-17
35763771,جرير,9240,23100000,2500,2026-03-17
-121210,العزيزية,980,2058000,2100,2026-03-17
-121209,العزيزية,980,2058000,2100,2026-03-17
-121211,العزيزية,980,2058000,2100,2026-03-17
-121207,العزيزية,684,1660000,2427,2026-03-17
-121200,العزيزية,684,1720000,2515,2026-03-17
-121195,العزيزية,745,2140000,2872,2026-03-17
35754091,ديراب,810,826200,1020,2026-03-17
35753979,ديراب,1050,1071000,1020,2026-03-17
-121163,ضاحية نمار,900,1000000,1111,2026-03-17
35763768,العريجاء الأوسط,400,820000,2050,2026-03-17
-121222,سدرة,582,6860000,11785,2026-03-17
-120994,الدار البيضاء,931,1877212,2015,2026-03-16
-120992,الدار البيضاء,939,1691100,1800,2026-03-16
-120989,الدار البيضاء,947,1705284,1800,2026-03-16
-120988,الدار البيضاء,955,1719450,1800,2026-03-16
-120991,الدار البيضاء,963,1733400,1800,2026-03-16
-120993,الدار البيضاء,970,1746198,1800,2026-03-16
-120990,الدار البيضاء,977,1758600,1800,2026-03-16
35744406,الشعلة,765,200000,261,2026-03-16
35749418,القادسية,2400,15000000,6250,2026-03-16
-120752,القادسية,2000,4500000,2250,2026-03-16
35744366,المرجان,338,507390,1500,2026-03-16
-120986,النرجس,91,800000,8711,2026-03-16
-120799,النرجس,87,849000,9707,2026-03-16
-121015,النرجس,186,1700000,9125,2026-03-16
-121016,النرجس,253,1800000,7089,2026-03-16
35738522,أم الحمام الغربي,20940,110982000,5300,2026-03-16
-120817,البيان,251,1000000,3970,2026-03-16
-121018,الفاروق,90,600000,6647,2026-03-16
-120977,الفاروق,320,1216000,3800,2026-03-16
-120983,الفاروق,400,1480000,3700,2026-03-16
-120965,الفاروق,400,1480000,3700,2026-03-16
-120966,الفاروق,400,1480000,3700,2026-03-16
-120967,الفاروق,400,1480000,3700,2026-03-16
-120969,الفاروق,400,1480000,3700,2026-03-16
-120959,الفاروق,400,1480000,3700,2026-03-16
35752019,النسيم الغربي,450,1000000,2222,2026-03-16
35743599,الربيع,676,3500000,5178,2026-03-16
35753590,ديراب,780,795600,1020,2026-03-16
-120863,السعادة,375,825000,2200,2026-03-16
-120862,السعادة,375,825000,2200,2026-03-16
-120861,السعادة,375,825000,2200,2026-03-16
-120860,السعادة,375,825000,2200,2026-03-16
-120853,السعادة,375,825000,2200,2026-03-16
-120856,السعادة,375,825000,2200,2026-03-16
-120851,السعادة,375,825000,2200,2026-03-16
-120850,السعادة,375,825000,2200,2026-03-16
-120846,السعادة,375,825000,2200,2026-03-16
-120995,الندوة,82,420000,5069,2026-03-16
-121002,العلا,750,270000,360,2026-03-16
-120762,المونسية,312,2399086,7689,2026-03-16
-120942,المصفاة,599,530000,883,2026-03-16
-120804,النهضة,260,2100000,8077,2026-03-16
-120958,الوسام,300,630000,2100,2026-03-16
35753161,الوسام,300,630000,2100,2026-03-16
-120267,الياسمين,126,1168000,9246,2026-03-15
-120361,الدار البيضاء,114,500000,4352,2026-03-15
-120400,إشبيلية,82,750000,9140,2026-03-15
35737492,اليمامة,202,430000,2123,2026-03-15
-120304,النرجس,90,844000,9319,2026-03-15
-120340,النرجس,259,2810000,10826,2026-03-15
-120276,النرجس,165,1530000,9241,2026-03-15
35732061,أم الحمام الغربي,466,2471973,5300,2026-03-15
35732123,أم الحمام الغربي,464,2461797,5300,2026-03-15
35732178,أم الحمام الغربي,463,2456232,5300,2026-03-15
35732198,أم الحمام الغربي,461,2447381,5300,2026-03-15
35732255,أم الحمام الغربي,460,2440491,5300,2026-03-15
35732546,أم الحمام الغربي,459,2432965,5300,2026-03-15
35732614,أم الحمام الغربي,457,2424750,5300,2026-03-15
35732411,أم الحمام الغربي,530,2814194,5300,2026-03-15
35732478,أم الحمام الغربي,407,2160810,5300,2026-03-15
35732516,أم الحمام الغربي,497,2636909,5300,2026-03-15
35733276,أم الحمام الغربي,501,2660456,5300,2026-03-15
35732654,أم الحمام الغربي,550,2915000,5300,2026-03-15
35732728,أم الحمام الغربي,550,2915000,5300,2026-03-15
35732801,أم الحمام الغربي,550,2915000,5300,2026-03-15
35732860,أم الحمام الغربي,550,2915000,5300,2026-03-15
35732910,أم الحمام الغربي,500,2650000,5300,2026-03-15
35733098,أم الحمام الغربي,500,2650000,5300,2026-03-15
35733378,أم الحمام الغربي,20940,110982000,5300,2026-03-15
35731650,أم الحمام الغربي,469,2489569,5300,2026-03-15
35731943,أم الحمام الغربي,469,2486972,5300,2026-03-15
35731984,أم الحمام الغربي,467,2476160,5300,2026-03-15
-120347,البيان,147,1000000,6770,2026-03-15
-120396,الفاروق,343,1850000,5383,2026-03-15
-120405,الفاروق,2790,7450641,2670,2026-03-15
35730529,جرير,130,390000,3000,2026-03-15
35731907,الربيع,250,1300000,5200,2026-03-15
-120348,ديراب,875,1487500,1700,2026-03-15
-120349,ديراب,875,1487500,1700,2026-03-15
-120282,ديراب,810,915300,1130,2026-03-15
-120278,ديراب,810,915300,1130,2026-03-15
35736421,ديراب,900,1017000,1130,2026-03-15
35735962,ديراب,810,915300,1130,2026-03-15
35736295,ديراب,840,949200,1130,2026-03-15
-120389,ديراب,175,621300,3540,2026-03-15
-120249,السعادة,375,825000,2200,2026-03-15
-120277,السعادة,375,825000,2200,2026-03-15
-120260,السعادة,375,825000,2200,2026-03-15
-120268,السعادة,749,1649472,2200,2026-03-15
-120456,عريض,414,254000,614,2026-03-15
-120255,عريض,900,810000,900,2026-03-15
-120283,العوالي,136,550000,4042,2026-03-15
-120259,السلي,420,882000,2100,2026-03-15
-120317,المصفاة,4869,7060594,1450,2026-03-15
-120414,قرطبة,137,1320000,9594,2026-03-15
-120465,الوسام,300,495000,1650,2026-03-15
-119868,الندوة,264,940000,3561,2026-03-14
35713271,عريض,312,75000,240,2026-03-13
-119457,الياسمين,164,1900000,11556,2026-03-12
-119622,الدار البيضاء,157,670000,4250,2026-03-12
-119501,الدار البيضاء,208,737000,3540,2026-03-12
-119662,الشعلة,675,275000,407,2026-03-12
-119621,القادسية,3381,15400000,4554,2026-03-12
35690157,أم الحمام الغربي,470,2493862,5300,2026-03-12
-119442,البيان,104,790000,7579,2026-03-12
-119632,البيان,118,600000,5056,2026-03-12
-119452,البيان,173,900000,5201,2026-03-12
35690463,الفاروق,250,2155000,8620,2026-03-12
-119643,المعيزيلة,86,690000,8005,2026-03-12
-119531,الروابي,103,750000,7237,2026-03-12
-119619,الصفاء,375,1050000,2800,2026-03-12
-119636,الصفاء,374,1049996,2800,2026-03-12
-119634,الصفاء,375,1050001,2800,2026-03-12
-119556,الصفاء,953,3338125,3500,2026-03-12
-119555,الصفاء,960,3360000,3500,2026-03-12
35685754,ديراب,792,1625117,2050,2026-03-12
-119549,ديراب,800,1200000,1500,2026-03-12
-119548,ديراب,930,1395000,1500,2026-03-12
-119546,ديراب,930,1395000,1500,2026-03-12
-119553,ديراب,960,1440000,1500,2026-03-12
-119578,السعادة,83,430000,5165,2026-03-12
35686545,ضاحية نمار,812,375000,462,2026-03-12
35691462,ضاحية نمار,925,1110000,1200,2026-03-12
35696254,ضاحية نمار,815,1000000,1226,2026-03-12
-119609,عريض,409,296500,724,2026-03-12
-119511,العلا,1097,370000,337,2026-03-12
-119526,العلا,900,300000,333,2026-03-12
-119612,الحمراء,178,1129000,6339,2026-03-12
35686415,المونسية,750,4875000,6500,2026-03-12
35697524,المونسية,600,3000000,5000,2026-03-12
35686926,الحائر,560,350000,625,2026-03-12
35676566,المصفاة,790,711585,900,2026-03-12
-119657,السحاب,300,480000,1600,2026-03-12
-119557,قرطبة,128,1000000,7767,2026-03-12
-117544,إشبيلية,730,1460431,2001,2026-03-11
-116698,القادسية,2400,5000000,2083,2026-03-11
-116697,المرجان,300,480000,1600,2026-03-11
-116688,النرجس,413,3491794,8450,2026-03-11
-117477,الصفاء,430,1204295,2800,2026-03-11
-117484,الصفاء,374,1050000,2800,2026-03-11
-117483,الصفاء,425,1190002,2800,2026-03-11
-116919,الصفاء,425,1190002,2800,2026-03-11
-116910,الصفاء,425,1190002,2800,2026-03-11
-116909,الصفاء,374,1049996,2800,2026-03-11
-116903,الصفاء,375,1050000,2800,2026-03-11
-116907,الصفاء,375,1050001,2800,2026-03-11
-116906,الصفاء,375,1050001,2800,2026-03-11
-116702,الصفاء,374,1049996,2800,2026-03-11
-116701,الصفاء,374,1049996,2800,2026-03-11
-116700,الصفاء,375,1050005,2800,2026-03-11
-116911,الصفاء,375,1050001,2800,2026-03-11
-116913,الصفاء,375,1050000,2800,2026-03-11
-116916,الصفاء,375,1050000,2800,2026-03-11
-116917,الصفاء,445,1248092,2800,2026-03-11
-116918,الصفاء,444,1245727,2800,2026-03-11
-116699,الندوة,165,880000,5305,2026-03-11
35673742,ضاحية نمار,856,850000,992,2026-03-11
35675001,السلي,4500,5750000,1278,2026-03-11
35654503,النزهة,832,8500000,10210,2026-03-11
35674346,المصفاة,792,713646,900,2026-03-11
35674036,المصفاة,2401,2281264,950,2026-03-11
-116476,الملك عبدالله,2500,12000000,4800,2026-03-11
-117648,الصحافة,73,1650000,22569,2026-03-10
-117660,النرجس,198,1599000,8075,2026-03-10
-117725,النرجس,188,1330000,7038,2026-03-10
-117579,النرجس,574,5176954,9015,2026-03-10
35647624,البيان,985,1298880,1318,2026-03-10
-117723,الفاروق,289,1800000,6207,2026-03-10
-117691,المعيزيلة,203,878000,4324,2026-03-10
-117672,الصفاء,953,3338125,3500,2026-03-10
-117649,السعادة,152,1000000,6575,2026-03-10
-117644,الندوة,264,808820,3064,2026-03-10
-117645,الندوة,264,750000,2841,2026-03-10
-117592,ضاحية نمار,234,1000000,4271,2026-03-10
-117590,ضاحية نمار,201,350000,1734,2026-03-10
-117588,ضاحية نمار,135,300000,2208,2026-03-10
-117651,ضاحية نمار,215,820000,3797,2026-03-10
-117637,عريض,409,205000,501,2026-03-10
-117642,عريض,450,365000,811,2026-03-10
-117728,عريض,517,320000,618,2026-03-10
35647415,عريض,500,500000,1000,2026-03-10
-117656,المونسية,312,2516000,8064,2026-03-10
35644170,المونسية,250,525660,2103,2026-03-10
35644596,المصفاة,579,1737000,3000,2026-03-10
35644989,المصفاة,465,1396530,3000,2026-03-10
35645878,المصفاة,465,1397670,3000,2026-03-10
-117582,المصفاة,900,1593000,1770,2026-03-10
-117583,المصفاة,900,1593000,1770,2026-03-10
-117661,النهضة,330,1404072,4250,2026-03-10
-117665,النهضة,336,1444800,4300,2026-03-10
-117694,قرطبة,870,2175000,2500,2026-03-10
-117686,العريجاء الغربي,209,900000,4299,2026-03-10
-117814,الشعلة,440,160000,364,2026-03-09
35632391,الغنامية,160,160000,1000,2026-03-09
35622028,النسيم الشرقي,600,1500000,2500,2026-03-09
-117826,النرجس,870,4785000,5500,2026-03-09
-117851,النرجس,179,1600075,8933,2026-03-09
-117800,النرجس,101,940000,9237,2026-03-09
-117886,النرجس,110,1065000,9627,2026-03-09
-117951,النرجس,253,1750000,6892,2026-03-09
-117873,البيان,229,670000,2914,2026-03-09
35632608,المعذر,150,1500000,10000,2026-03-09
35619606,منفوحة الجديدة,149,1390000,9268,2026-03-09
35632058,ديراب,300,300000,1000,2026-03-09
-117900,السعادة,112,630000,5601,2026-03-09
-117828,السعادة,87,440000,5057,2026-03-09
-117872,الندوة,137,350000,2554,2026-03-09
-117860,ضاحية نمار,241,695000,2874,2026-03-09
-117890,ضاحية نمار,235,808812,3439,2026-03-09
-117823,ضاحية نمار,2000,1790000,895,2026-03-09
-117986,ضاحية نمار,375,255000,680,2026-03-09
-117982,عريض,400,245000,612,2026-03-09
-117955,عريض,400,240000,600,2026-03-09
-117991,عريض,275,145000,526,2026-03-09
-117818,العلا,750,320000,427,2026-03-09
-117840,قرطبة,124,1600000,12821,2026-03-09
-117845,الملك عبدالله,373,2131059,5700,2026-03-09
-118220,الشعلة,745,250000,335,2026-03-08
35603306,الرفيعة,352,850000,2413,2026-03-08
35610290,القادسية,1014,2300000,2268,2026-03-08
-118095,القادسية,750,2000000,2667,2026-03-08
35602035,القادسية,696,1900000,2730,2026-03-08
35602558,المرجان,300,480000,1600,2026-03-08
-118223,المرجان,300,1000,3,2026-03-08
-118212,المرجان,300,1000,3,2026-03-08
-118222,المرجان,300,1000,3,2026-03-08
-118057,المرجان,1442,4904466,3400,2026-03-08
-118053,النرجس,183,1700000,9252,2026-03-08
-118071,النرجس,460,3593070,7800,2026-03-08
-118032,النرجس,168,1549000,9187,2026-03-08
35602723,البيان,399,400000,1000,2026-03-08
-118124,المعيزيلة,146,660000,4497,2026-03-08
-118117,المشرق,400,200000,500,2026-03-08
-118083,ضاحية نمار,432,400000,926,2026-03-08
-118148,عريض,450,300000,667,2026-03-08
-118206,عريض,450,300000,667,2026-03-08
-118055,عريض,750,580000,773,2026-03-08
-118062,العلا,750,300000,400,2026-03-08
-118113,العوالي,165,650000,3927,2026-03-08
-118138,المونسية,569,2310000,4057,2026-03-08
35612413,القدس,900,5400000,6000,2026-03-08
-118118,القدس,182,1290000,7082,2026-03-08
35611131,السويدي,600,1200000,2000,2026-03-08
-118133,الوسام,300,555000,1850,2026-03-08
-118132,سدرة,718,6550000,9122,2026-03-08
-118229,النرجس,375,2400000,6400,2026-03-07
-118243,الندوة,160,300000,1870,2026-03-07
-118244,العوالي,153,300000,1957,2026-03-07
-118245,المصفاة,595,500000,840,2026-03-07
35577878,الدار البيضاء,650,1040000,1600,2026-03-06
-118264,المرجان,300,1000,3,2026-03-06
-118280,العزيزية,2357,5765000,2446,2026-03-06
-118281,العزيزية,2404,5765000,2398,2026-03-06
-118282,العزيزية,2451,5765000,2351,2026-03-06
-118278,العزيزية,2499,5765000,2306,2026-03-06
-118277,العزيزية,2547,5765000,2263,2026-03-06
-118279,العزيزية,2574,5765000,2239,2026-03-06
-118272,عريض,400,350000,875,2026-03-06
35576891,الشعلة,750,240000,320,2026-03-05
35564864,الشعلة,375,152500,407,2026-03-05
35564865,الشعلة,375,152500,407,2026-03-05
-118459,الصحافة,113,1350000,11903,2026-03-05
-118444,المرجان,300,480000,1600,2026-03-05
-118498,المرجان,83,580500,6981,2026-03-05
-118461,المرجان,300,594000,1980,2026-03-05
-118457,النرجس,270,2100000,7776,2026-03-05
-118323,النرجس,88,955000,10733,2026-03-05
-118388,النرجس,161,1380000,8563,2026-03-05
-118330,النرجس,212,2050000,9638,2026-03-05
35564255,النرجس,291,2245397,7700,2026-03-05
-118308,النرجس,537,4487540,8350,2026-03-05
-118295,النسيم الغربي,403,836300,2071,2026-03-05
-118500,الصفاء,374,1049996,2800,2026-03-05
-118499,الصفاء,374,1050000,2800,2026-03-05
-118454,ديراب,175,550000,3134,2026-03-05
-118379,ضاحية نمار,750,825000,1100,2026-03-05
-118434,اليرموك,456,2600000,5698,2026-03-05
-118340,المصفاة,600,1750000,2917,2026-03-05
-118429,النهضة,261,1600000,6119,2026-03-05
-118446,الوسام,300,547500,1825,2026-03-05
-118645,الياسمين,188,2249000,11942,2026-03-04
-118669,الدار البيضاء,152,595000,3913,2026-03-04
-118698,الشعلة,765,220000,288,2026-03-04
-118533,القادسية,225,1045000,4629,2026-03-04
-118596,المرجان,83,511000,6145,2026-03-04
-118718,المرجان,300,480000,1600,2026-03-04
-118573,المرجان,300,510000,1700,2026-03-04
-118547,النرجس,270,2050000,7590,2026-03-04
35539858,مطار الملك خالد الدولي,260,573318,2205,2026-03-04
35539820,مطار الملك خالد الدولي,195,567708,2911,2026-03-04
35541181,مطار الملك خالد الدولي,252,360875,1429,2026-03-04
-118644,البيان,370,2550000,6877,2026-03-04
-118672,العزيزية,213,960000,4506,2026-03-04
-118603,المعيزيلة,54,495000,9079,2026-03-04
-118514,الصفاء,429,1201917,2800,2026-03-04
-118511,الصفاء,375,1050000,2800,2026-03-04
-118503,الصفاء,375,1050000,2800,2026-03-04
-118505,الصفاء,425,1190000,2800,2026-03-04
-118620,ضاحية نمار,864,950400,1100,2026-03-04
-118711,عريض,400,245000,612,2026-03-04
-118705,عريض,400,200000,500,2026-03-04
-118696,العلا,780,265000,340,2026-03-04
-118532,العوالي,124,380000,3056,2026-03-04
35466862,العريجاء الغربي,900,2034000,2260,2026-03-04
-118602,ظهرة البديعة,211,891000,4211,2026-03-04
-118723,الوسام,300,585000,1950,2026-03-04
-118866,الدار البيضاء,222,867254,3891,2026-03-03
35517475,الدار البيضاء,1475,4450000,3017,2026-03-03
35514457,اليمامة,202,1250000,6173,2026-03-03
-118932,الصحافة,73,1700000,23253,2026-03-03
-118804,المرجان,300,510000,1700,2026-03-03
-118813,النرجس,88,1190000,13506,2026-03-03
-118910,النرجس,156,1310000,8389,2026-03-03
-118759,النرجس,75,860000,11448,2026-03-03
-118896,النرجس,169,1580000,9304,2026-03-03
-118739,النرجس,95,950000,10000,2026-03-03
-118776,النرجس,110,1180000,10661,2026-03-03
-118783,النرجس,72,795000,11011,2026-03-03
35502823,النرجس,300,3000000,10000,2026-03-03
35511756,أم الحمام الغربي,696,6300000,9040,2026-03-03
-118747,الفاروق,276,967820,3500,2026-03-03
-118746,الفاروق,400,1400000,3500,2026-03-03
-118744,الفاروق,400,1400000,3500,2026-03-03
-118743,الفاروق,400,1400000,3500,2026-03-03
-118740,الفاروق,400,1400000,3500,2026-03-03
-118737,الفاروق,400,1400000,3500,2026-03-03
-118736,الفاروق,400,1400000,3500,2026-03-03
-118735,الفاروق,460,1588125,3452,2026-03-03
-118888,الفاروق,240,1970804,8212,2026-03-03
-118838,المعيزيلة,152,860000,5652,2026-03-03
35503992,الصفاء,312,921875,2950,2026-03-03
35504161,الصفاء,312,890625,2850,2026-03-03
35504074,الصفاء,299,898740,3000,2026-03-03
-118760,الصفاء,533,2558400,4795,2026-03-03
-118815,ديراب,1200,1980000,1650,2026-03-03
35503586,الفيحاء,600,2200000,3667,2026-03-03
-118893,الندوة,151,615000,4073,2026-03-03
-118787,الزاهر,900,850000,944,2026-03-03
-118868,الزاهر,940,500000,532,2026-03-03
35524402,ضاحية نمار,864,1000000,1157,2026-03-03
35523537,عريض,400,310000,775,2026-03-03
35514018,عريض,450,150000,333,2026-03-03
-118898,عريض,450,290000,644,2026-03-03
-118810,المونسية,821,3038218,3700,2026-03-03
-118829,المونسية,83,1023500,12299,2026-03-03
35481721,الحائر,454,100000,220,2026-03-03
-118970,الياسمين,168,1640000,9724,2026-03-02
35501264,الدار البيضاء,1017,1800000,1768,2026-03-02
35482112,الرفيعة,512,312500,610,2026-03-02
-119005,المرجان,300,480000,1600,2026-03-02
-118987,سلطانة,203,790000,3889,2026-03-02
-119101,النرجس,139,1310000,9393,2026-03-02
-119048,النرجس,282,2180000,7714,2026-03-02
-119121,النرجس,169,1400000,8241,2026-03-02
-118951,النرجس,174,1450000,8309,2026-03-02
35490508,العزيزية,300,680000,2267,2026-03-02
-119097,الندوة,350,1000000,2853,2026-03-02
-119092,الندوة,204,760000,3718,2026-03-02
-118962,الزاهر,900,450000,500,2026-03-02
-118965,ضاحية نمار,864,1090000,1262,2026-03-02
-118985,عريض,500,495000,990,2026-03-02
-119039,عريض,425,270000,635,2026-03-02
-119057,عريض,418,250000,598,2026-03-02
-118993,العلا,750,300000,400,2026-03-02
35490292,العلا,900,360000,400,2026-03-02
-118967,الوادي,188,1710000,9053,2026-03-02
-119009,العوالي,236,1100000,4659,2026-03-02
35493751,المصفاة,599,552000,920,2026-03-02
35493359,المصفاة,599,552000,920,2026-03-02
-119010,الوسام,300,555000,1850,2026-03-02
35470649,شبرا,500,1250000,2500,2026-03-01
-119220,النرجس,85,840000,9774,2026-03-01
-119180,النرجس,83,1269000,15187,2026-03-01
-119149,النرجس,89,849000,9487,2026-03-01
-119168,النرجس,223,1350000,6042,2026-03-01
-119194,النرجس,145,1245000,8547,2026-03-01
-119269,البيان,131,1200000,9126,2026-03-01
35472436,البيان,858,1700000,1980,2026-03-01
-119216,البيان,174,750000,4296,2026-03-01
-119129,جرير,1925,4620000,2400,2026-03-01
-119262,العزيزية,705,1930000,2737,2026-03-01
35470989,عرقة,500,3250000,6500,2026-03-01
-119212,الندوة,131,520000,3962,2026-03-01
-119210,ضاحية نمار,750,825000,1100,2026-03-01
-119207,ضاحية نمار,881,969672,1100,2026-03-01
35423950,ضاحية نمار,486,1807920,3720,2026-03-01
35472404,ضاحية نمار,486,1807920,3720,2026-03-01
-119230,ضاحية نمار,450,500000,1111,2026-03-01
-119234,ضاحية نمار,450,500000,1111,2026-03-01
-119204,ضاحية نمار,222,732141,3292,2026-03-01
-119178,عريض,276,205000,743,2026-03-01
-119179,عريض,485,350000,720,2026-03-01
-119191,عريض,375,310000,827,2026-03-01
-119273,عريض,405,337000,832,2026-03-01
-119181,عريض,1050,650000,619,2026-03-01
-119231,عريض,405,500000,1235,2026-03-01
-119270,عريض,400,350000,875,2026-03-01
-119175,عريض,486,300000,617,2026-03-01
35479123,العوالي,900,1710000,1900,2026-03-01
35479350,العوالي,900,1710000,1900,2026-03-01
-119176,المصفاة,599,500000,834,2026-03-01
-119261,السحاب,300,478000,1593,2026-03-01
35479790,السويدي,443,708800,1600,2026-03-01
-116045,الصفاء,376,1489494,3961,2026-02-28
-116096,ضاحية نمار,1042,950000,912,2026-02-28
-116087,عريض,500,415000,830,2026-02-28
-116086,عريض,750,500000,667,2026-02-28
-116058,عريض,500,390000,780,2026-02-28
-116135,الخزامى,780,10000000,12821,2026-02-27
-116100,السعادة,76,500000,6544,2026-02-27
-116131,عريض,405,400000,988,2026-02-27
35436527,النهضة,420,1400000,3333,2026-02-27
35416027,الياسمين,416,1250000,3005,2026-02-26
35433204,إشبيلية,500,3100000,6200,2026-02-26
35423218,اليمامة,281,2100000,7457,2026-02-26
35408958,المربع,500,5000000,10000,2026-02-26
35419358,المنصورة,275,900000,3273,2026-02-26
-116179,النرجس,200,1125000,5609,2026-02-26
-116288,البيان,236,845000,3566,2026-02-26
-116189,الفاروق,321,1600000,4974,2026-02-26
-116284,المعيزيلة,246,1300000,5271,2026-02-26
-116272,المعيزيلة,194,950000,4893,2026-02-26
35425159,المدينة الصناعية الجديدة,2500,5000000,2000,2026-02-26
-116228,الصفاء,480,2400000,5000,2026-02-26
-116239,الصفاء,600,2940000,4900,2026-02-26
-116229,الصفاء,683,1981686,2900,2026-02-26
-116234,الصفاء,749,3900000,5200,2026-02-26
-116231,الصفاء,600,3090000,5150,2026-02-26
-116237,الصفاء,725,3773900,5200,2026-02-26
-116240,الصفاء,593,3057812,5150,2026-02-26
-116187,الصفاء,580,2987000,5150,2026-02-26
-116235,الصفاء,400,1584400,3961,2026-02-26
-116242,الندوة,144,400000,2761,2026-02-26
-116265,الندوة,161,600000,3718,2026-02-26
-116223,ضاحية نمار,432,510000,1179,2026-02-26
-116345,ضاحية نمار,2000,1700000,850,2026-02-26
35427809,ضاحية نمار,2230,1500000,673,2026-02-26
35428021,ضاحية نمار,2250,1500000,667,2026-02-26
35428208,ضاحية نمار,2230,1500000,673,2026-02-26
-116212,ضاحية نمار,750,900000,1200,2026-02-26
35420139,عريض,450,470000,1044,2026-02-26
35422642,عريض,1050,700000,667,2026-02-26
-116224,عريض,500,800000,1600,2026-02-26
35415871,عريض,405,320000,790,2026-02-26
35370465,عريض,625,490000,784,2026-02-26
-116203,العوالي,126,380000,3010,2026-02-26
35424651,المصفاة,595,654500,1099,2026-02-26
-116230,السحاب,300,360000,1200,2026-02-26
-116596,الياسمين,284,2050000,7210,2026-02-25
35404143,الدار البيضاء,625,1312500,2100,2026-02-25
35374847,الشعلة,745,225000,302,2026-02-25
-116446,الصحافة,73,1700000,23253,2026-02-25
-116389,المرجان,336,554400,1650,2026-02-25
-116425,المنصورة,1190,2011970,1691,2026-02-25
-116489,النسيم الشرقي,1026,2800000,2727,2026-02-25
-116552,النسيم الشرقي,59,313750,5314,2026-02-25
35399113,سلطانة,500,700000,1400,2026-02-25
-116386,النرجس,298,1950000,6526,2026-02-25
35403605,البيان,858,1716920,2000,2026-02-25
35403666,البيان,858,1716000,2000,2026-02-25
-116417,البيان,875,1925000,2200,2026-02-25
-116566,الفاروق,312,1595000,5103,2026-02-25
-116550,المعيزيلة,183,930000,5066,2026-02-25
35386911,الصفاء,312,934062,2989,2026-02-25
-116438,السعادة,317,1240122,3900,2026-02-25
-116426,ضاحية نمار,750,1050000,1400,2026-02-25
-116430,ضاحية نمار,375,600000,1600,2026-02-25
-116585,ضاحية نمار,450,500000,1111,2026-02-25
-116435,عريض,400,230000,575,2026-02-25
-116437,عريض,450,450000,1000,2026-02-25
-116562,العلا,870,400000,460,2026-02-25
-116409,العلا,765,255000,333,2026-02-25
-116524,العوالي,130,590000,4524,2026-02-25
-116529,النهضة,195,988000,5056,2026-02-25
-116611,الدار البيضاء,912,1778400,1950,2026-02-24
-116654,المرجان,300,540000,1800,2026-02-24
-116661,المرجان,149,850000,5705,2026-02-24
-116679,النرجس,184,1385000,7520,2026-02-24
-116704,النرجس,98,1039000,10498,2026-02-24
-116727,البيان,123,610000,4958,2026-02-24
-116671,النسيم الغربي,158,785000,4968,2026-02-24
35369607,ديراب,312,515625,1650,2026-02-24
-116713,الندوة,200,930000,4643,2026-02-24
-116720,الندوة,182,595397,3258,2026-02-24
-116758,ضاحية نمار,828,1500000,1812,2026-02-24
-116746,ضاحية نمار,450,300000,667,2026-02-24
-116637,ضاحية نمار,750,1100000,1467,2026-02-24
-116625,ضاحية نمار,301,225930,750,2026-02-24
-116648,عريض,434,265000,610,2026-02-24
35369674,عريض,450,305000,678,2026-02-24
-116736,عريض,476,210000,440,2026-02-24
-116633,عريض,480,500000,1042,2026-02-24
-116800,عريض,450,300000,667,2026-02-24
-116662,الوادي,60,1080000,17834,2026-02-24
-116728,سدرة,300,4500000,15000,2026-02-24
-116749,سدرة,614,6237000,10156,2026-02-24
-116748,سدرة,593,6176000,10399,2026-02-24
-116747,سدرة,631,6288000,9965,2026-02-24
-116745,سدرة,722,6562000,9088,2026-02-24
-116750,سدرة,581,6140000,10556,2026-02-24
-116853,الدار البيضاء,875,1750000,2000,2026-02-23
35339991,اليمامة,272,330000,1213,2026-02-23
35332815,الشعلة,750,245000,327,2026-02-23
-116941,الصحافة,73,1750000,23937,2026-02-23
-116837,المرجان,338,498874,1475,2026-02-23
-116892,المرجان,158,618100,3892,2026-02-23
-116967,البيان,149,923200,6195,2026-02-23
-116925,البيان,403,1129968,2800,2026-02-23
-116857,الفاروق,440,1760000,4000,2026-02-23
-116888,الفاروق,240,1680000,7000,2026-02-23
-116928,المدينة الصناعية الجديدة,3300,3960084,1200,2026-02-23
-116943,المدينة الصناعية الجديدة,3334,4000872,1200,2026-02-23
35343427,منفوحة,282,1350000,4787,2026-02-23
-116946,ديراب,198,700000,3534,2026-02-23
-116869,ديراب,625,906250,1450,2026-02-23
-116986,ديراب,625,937500,1500,2026-02-23
35322059,ديراب,625,937500,1500,2026-02-23
35321956,ديراب,625,937500,1500,2026-02-23
-116956,الندوة,175,500000,2850,2026-02-23
-116983,الزاهر,840,380000,452,2026-02-23
-116871,عريض,900,630000,700,2026-02-23
-116932,عريض,409,220000,537,2026-02-23
-116980,العلا,825,370000,448,2026-02-23
-116952,العلا,976,365000,374,2026-02-23
-116953,العلا,1020,365000,358,2026-02-23
-116979,العلا,750,325000,433,2026-02-23
-116854,النخيل,572,6006000,10500,2026-02-23
-116864,العوالي,123,600000,4867,2026-02-23
-116964,العوالي,129,580000,4488,2026-02-23
-116868,الملك فهد,397,2822250,7100,2026-02-23
-116861,الوسام,363,727500,2000,2026-02-23
-116966,الوسام,300,510000,1700,2026-02-23
-116989,القادسية,217,1000000,4601,2026-02-22
-116993,النرجس,338,5000000,14771,2026-02-22
-116997,ديراب,850,2000000,2353,2026-02-22
-116992,الزاهر,870,415000,477,2026-02-22
-117025,النرجس,183,1800000,9799,2026-02-21
35305586,العزيزية,660,1678941,2544,2026-02-21
35305891,العزيزية,480,1221048,2544,2026-02-21
-117022,عريض,400,252500,631,2026-02-21
35298550,المرجان,324,486000,1500,2026-02-20
35298645,المرجان,324,486000,1500,2026-02-20
-117030,النرجس,275,2000000,7249,2026-02-20
-117044,عريض,450,272500,606,2026-02-20
-117261,الدار البيضاء,222,845000,3791,2026-02-19
35265394,الدار البيضاء,333,700000,2099,2026-02-19
35275272,الغنامية,160,330000,2062,2026-02-19
-117117,الصحافة,73,1625000,22227,2026-02-19
35275805,الملك فيصل,750,3375000,4500,2026-02-19
35261102,المرجان,289,491725,1700,2026-02-19
35261148,المرجان,300,510000,1700,2026-02-19
35261134,المرجان,300,510000,1700,2026-02-19
-117100,النسيم الشرقي,714,1856608,2600,2026-02-19
-117145,النرجس,86,949000,10995,2026-02-19
-117214,النرجس,216,1870000,8653,2026-02-19
35272288,مطار الملك خالد الدولي,275,755628,2748,2026-02-19
-117056,الفاروق,440,1760000,4000,2026-02-19
-117055,الفاروق,400,1600000,4000,2026-02-19
-117162,الفاروق,322,1850000,5744,2026-02-19
35272251,العزيزية,450,900000,2000,2026-02-19
-117178,المعيزيلة,312,2200000,7051,2026-02-19
-117228,الصفاء,450,1260805,2800,2026-02-19
-117227,الصفاء,375,1050000,2800,2026-02-19
-117220,الصفاء,375,1050000,2800,2026-02-19
-117221,الصفاء,375,1049999,2800,2026-02-19
-117212,الصفاء,375,1049999,2800,2026-02-19
-117211,الصفاء,375,1049999,2800,2026-02-19
-117216,الصفاء,425,1190001,2800,2026-02-19
35221460,السعادة,29,140000,4706,2026-02-19
35273608,عرقة,1050,6720000,6400,2026-02-19
-117057,الندوة,264,1000000,3788,2026-02-19
-117088,الزاهر,840,400000,476,2026-02-19
-117193,عريض,400,315000,788,2026-02-19
-117249,عريض,404,215000,531,2026-02-19
35275310,المصفاة,599,539000,898,2026-02-19
-117116,العريجاء الغربي,140,750000,5350,2026-02-19
-117393,القادسية,172,900000,5212,2026-02-18
35254631,غبيرا,150,450000,3000,2026-02-18
-117423,النرجس,200,3800000,19000,2026-02-18
-117426,النرجس,171,1850000,10816,2026-02-18
-117416,الفاروق,343,1850000,5383,2026-02-18
35254834,الفاروق,940,4230000,4500,2026-02-18
-117280,المعيزيلة,242,1240000,5106,2026-02-18
-117318,المعيزيلة,107,600000,5565,2026-02-18
-117306,الصفاء,121,1000000,8222,2026-02-18
-117305,الصفاء,179,1310000,7294,2026-02-18
-117410,الندوة,243,600000,2463,2026-02-18
-117389,عريض,500,455000,910,2026-02-18
35246265,عريض,375,245000,653,2026-02-18
-117303,عريض,400,230000,574,2026-02-18
35250755,عريض,450,395000,878,2026-02-18
-117454,عريض,450,340000,756,2026-02-18
-117394,عريض,450,280000,622,2026-02-18
35251009,العوالي,540,1325000,2454,2026-02-18
35252988,العوالي,252,780000,3095,2026-02-18
-117267,المونسية,193,1220000,6318,2026-02-18
-117269,النهضة,100,370000,3689,2026-02-18
35254127,العريجاء الغربي,400,800000,2000,2026-02-18
-117409,الوسام,300,570000,1900,2026-02-18
35219253,الياسمين,515,1300000,2524,2026-02-17
35183722,الدار البيضاء,250,625000,2500,2026-02-17
35223439,شبرا,300,1770000,5900,2026-02-17
-44444,الشعلة,728,286000,393,2026-02-17
-22223,القادسية,303,1000000,3297,2026-02-17
-22224,القادسية,324,1000000,3083,2026-02-17
-22222,القادسية,303,1000000,3297,2026-02-17
-79506,النرجس,413,3407100,8244,2026-02-17
-8,النرجس,900,6570000,7300,2026-02-17
-44445,النرجس,13,105000,8024,2026-02-17
-44458,النرجس,146,1250000,8505,2026-02-17
-86169,النرجس,225,2080000,9243,2026-02-17
-83942,النرجس,129,900000,6928,2026-02-17
-44460,البيان,163,777449,4763,2026-02-17
-22234,البيان,400,1360748,3400,2026-02-17
-51,المعيزيلة,145,700000,4795,2026-02-17
-79498,المعيزيلة,228,1155600,5056,2026-02-17
35227966,الصفاء,306,872812,2850,2026-02-17
-81725,الصفاء,449,1258517,2800,2026-02-17
-83937,الصفاء,375,1049999,2800,2026-02-17
-81733,الصفاء,375,1050002,2800,2026-02-17
-81728,الصفاء,374,1049998,2800,2026-02-17
-83943,الصفاء,375,1050003,2800,2026-02-17
-83949,الصفاء,425,1190004,2800,2026-02-17
-81732,الصفاء,375,1050003,2800,2026-02-17
35220230,ديراب,700,1300000,1857,2026-02-17
-44448,الندوة,295,738750,2500,2026-02-17
-44450,الندوة,300,750000,2500,2026-02-17
-44449,الندوة,292,730000,2500,2026-02-17
-22221,العلا,976,320000,328,2026-02-17
35230373,السلي,375,1100000,2933,2026-02-17
35220708,المونسية,270,940000,3481,2026-02-17
35218814,العريجاء الأوسط,675,1012500,1500,2026-02-17
-52,النهضة,336,1411200,4200,2026-02-17
35177504,هيت,15343,5753672,375,2026-02-17
35199677,اليمامة,240,137500,573,2026-02-16
35199673,اليمامة,240,137500,573,2026-02-16
-11121,الغدير,228,4300000,18830,2026-02-16
-11122,الغدير,228,4300000,18830,2026-02-16
-4479,النرجس,12,130385,10388,2026-02-16
-4468,النرجس,75,880000,11715,2026-02-16
-8916,النرجس,216,1860000,8606,2026-02-16
-6694,الفاروق,627,2007520,3200,2026-02-16
-17792,المعيزيلة,169,670000,3952,2026-02-16
-13341,ديراب,89,539000,6012,2026-02-16
-22252,المصانع,1530,3400000,2222,2026-02-16
-6691,عريض,450,380000,844,2026-02-16
35203804,عريض,450,700000,1556,2026-02-16
-13350,عريض,900,600000,667,2026-02-16
35196968,النفل,195,850000,4359,2026-02-16
-20007,العوالي,236,1000000,4235,2026-02-16
-6695,المصفاة,595,900000,1512,2026-02-16
35207154,المصفاة,447,530000,1185,2026-02-16
35207751,السويدي,500,1050000,2100,2026-02-16
35182143,الغنامية,300,75000,250,2026-02-15
-28918,القادسية,125,520000,4147,2026-02-15
-28907,المرجان,300,600000,2000,2026-02-15
35173810,المرجان,300,510000,1700,2026-02-15
-28904,المرجان,325,497250,1530,2026-02-15
-35571,العزيزية,414,1215287,2935,2026-02-15
35172529,الصفاء,312,921875,2950,2026-02-15
-44476,ديراب,74,500000,6724,2026-02-15
35176658,عريض,900,530000,589,2026-02-15
-31126,العوالي,131,555000,4207,2026-02-15
-33356,النزهة,171,2150000,12509,2026-02-15
-40018,المصفاة,400,1150000,2875,2026-02-15
35169764,المصفاة,671,400000,595,2026-02-15
-33351,المصفاة,750,1350000,1800,2026-02-15
-35572,الهدا,440,4070000,9250,2026-02-15
-42236,الملك عبدالله,500,3900000,7800,2026-02-15
-35575,الملك عبدالله,744,2980000,4001,2026-02-15
-37788,الملك عبدالله,744,2980000,4001,2026-02-15
-31135,الوسام,300,525000,1750,2026-02-15
-42227,الوسام,105,442000,4172,2026-02-15
-26691,الوسام,300,495000,1650,2026-02-15
35159725,الصحافة,405,2835000,7000,2026-02-14
35159882,الصحافة,405,2835000,7000,2026-02-14
35159365,الصفاء,312,921875,2950,2026-02-14
35157409,الصفاء,349,1047300,3000,2026-02-14
-48902,سدرة,661,6379000,9644,2026-02-14
-48914,الدار البيضاء,500,1100000,2200,2026-02-13
35151260,الصفاء,312,921875,2950,2026-02-13
35151318,الصفاء,625,1843750,2950,2026-02-13
35151124,الصفاء,312,921875,2950,2026-02-13
35151042,الصفاء,306,946006,3089,2026-02-13
-53354,الشعلة,675,255000,378,2026-02-12
35138070,الغدير,1260,10900000,8651,2026-02-12
-55561,المنصورة,672,2016000,3000,2026-02-12
-57784,النرجس,77,769000,9952,2026-02-12
-53346,الصفاء,217,1350000,6200,2026-02-12
-53353,الندوة,208,900000,4313,2026-02-12
-57791,عريض,450,385000,856,2026-02-12
-71134,عريض,425,225000,529,2026-02-12
-66697,عريض,400,200000,500,2026-02-12
35131736,العوالي,252,519798,2063,2026-02-12
-55571,المصفاة,599,500000,833,2026-02-12
-51138,المصفاة,600,600000,1000,2026-02-12
-55577,السويدي,293,920000,3134,2026-02-12
-53348,الوسام,116,440000,3771,2026-02-12
-51139,الوسام,300,585000,1950,2026-02-12
-68909,سدرة,792,6775000,8546,2026-02-12
-68907,سدرة,764,6690000,8747,2026-02-12
35102046,الياسمين,432,1600000,3700,2026-02-11
-77783,الشعلة,747,140000,187,2026-02-11
-79057,القادسية,200,1067000,5323,2026-02-11
35117525,النسيم الشرقي,440,1682500,3824,2026-02-11
35115766,غبيرا,400,1200000,3000,2026-02-11
-79060,النرجس,413,3925685,9500,2026-02-11
-79286,النرجس,96,953000,9909,2026-02-11
35107041,مطار الملك خالد الدولي,195,622232,3191,2026-02-11
35107633,مطار الملك خالد الدولي,274,762447,2776,2026-02-11
35107727,مطار الملك خالد الدولي,195,618514,3172,2026-02-11
35107483,مطار الملك خالد الدولي,250,645000,2580,2026-02-11
35107152,مطار الملك خالد الدولي,250,656356,2625,2026-02-11
35106788,مطار الملك خالد الدولي,250,656356,2625,2026-02-11
35106382,مطار الملك خالد الدولي,250,656356,2625,2026-02-11
35107923,مطار الملك خالد الدولي,195,618514,3172,2026-02-11
35106018,مطار الملك خالد الدولي,250,656354,2625,2026-02-11
35105966,مطار الملك خالد الدولي,250,661931,2648,2026-02-11
35105928,مطار الملك خالد الدولي,275,672541,2446,2026-02-11
35106437,مطار الملك خالد الدولي,250,696162,2785,2026-02-11
35107556,مطار الملك خالد الدولي,250,696121,2784,2026-02-11
35107330,مطار الملك خالد الدولي,195,669121,3431,2026-02-11
35107271,مطار الملك خالد الدولي,195,711754,3650,2026-02-11
-73348,السعادة,750,1103383,1471,2026-02-11
-79288,الزاهر,900,400000,444,2026-02-11
-75564,العلا,765,300000,392,2026-02-11
-78617,العلا,750,300000,400,2026-02-11
-79533,العوالي,518,1900000,3664,2026-02-11
-78838,السلي,1457,2000000,1372,2026-02-11
-73343,السلي,2626,4000000,1523,2026-02-11
-73345,السلي,2626,4000000,1523,2026-02-11
-79287,اليرموك,376,2300000,6116,2026-02-11
35106776,الحائر,10000,6000000,600,2026-02-11
-79282,المصفاة,750,1350000,1800,2026-02-11
-78619,المصفاة,599,540000,900,2026-02-11
-81503,الياسمين,165,1630000,9831,2026-02-10
-80621,الدار البيضاء,4000,6000000,1500,2026-02-10
35084344,الشعلة,759,220000,290,2026-02-10
35084900,المربع,525,2000000,3810,2026-02-10
-80399,القادسية,75,635000,8389,2026-02-10
-81741,النرجس,200,3700000,18500,2026-02-10
-82615,النرجس,96,919000,9516,2026-02-10
-80848,النرجس,73,800000,10842,2026-02-10
-80835,البيان,227,1000000,4397,2026-02-10
-80839,البيان,202,500000,2466,2026-02-10
-80845,البيان,220,1000000,4542,2026-02-10
-80633,السعادة,464,1380000,2974,2026-02-10
-81954,عريض,450,410000,911,2026-02-10
-81750,عريض,500,1000000,2000,2026-02-10
-82618,عريض,425,215000,506,2026-02-10
-81068,عريض,405,350000,864,2026-02-10
-80844,العلا,765,300000,392,2026-02-10
-80846,العلا,765,300000,392,2026-02-10
-80843,العلا,946,300000,317,2026-02-10
-82412,العلا,765,300000,392,2026-02-10
-81743,اليرموك,378,2250000,5942,2026-02-10
35085731,المصفاة,599,550000,917,2026-02-10
-81753,النهضة,168,905000,5383,2026-02-10
-83962,الياسمين,3501,125775000,35920,2026-02-09
-82835,الدار البيضاء,135,460000,3398,2026-02-09
-83968,الدار البيضاء,193,830000,4289,2026-02-09
-84184,الرفيعة,480,3120000,6500,2026-02-09
35065726,القادسية,2400,10800000,4500,2026-02-09
-83293,القادسية,189,1200000,6335,2026-02-09
-84185,الصحافة,73,1550000,21201,2026-02-09
-84401,الصحافة,73,1575000,21543,2026-02-09
-83720,المرجان,276,535440,1940,2026-02-09
-83954,المرجان,294,571330,1940,2026-02-09
35056263,المرجان,458,1100000,2400,2026-02-09
35068111,المنصورة,425,1150000,2704,2026-02-09
-84179,النرجس,200,3000000,15000,2026-02-09
-84614,النرجس,124,1250000,10051,2026-02-09
-83287,النرجس,204,2500000,12243,2026-02-09
35053024,النرجس,337,2531250,7500,2026-02-09
-84403,النرجس,337,2531250,7500,2026-02-09
-84398,النرجس,337,2531250,7500,2026-02-09
-83958,النرجس,337,2531250,7500,2026-02-09
-83733,النرجس,337,2531250,7500,2026-02-09
-83955,النرجس,335,2518800,7500,2026-02-09
-83505,النرجس,198,2100000,10582,2026-02-09
-84400,المعيزيلة,205,983900,4799,2026-02-09
35058401,النسيم الغربي,400,1070000,2675,2026-02-09
-82849,ديراب,420,630000,1500,2026-02-09
-84182,عريض,400,230000,575,2026-02-09
-83732,عريض,500,500000,1000,2026-02-09
-83283,عريض,450,450000,1000,2026-02-09
-84186,عريض,450,400000,889,2026-02-09
-83071,عريض,900,100000,111,2026-02-09
-83281,العلا,1950,500000,256,2026-02-09
-83275,العلا,1950,480000,246,2026-02-09
35066094,الحائر,891,1457000,1634,2026-02-09
35059998,المصفاة,595,600000,1008,2026-02-09
35058785,المصفاة,599,600000,1000,2026-02-09
35053197,أحد,700,1400000,2000,2026-02-09
-83717,العريجاء الغربي,155,797584,5137,2026-02-09
-82632,الملك عبدالله,391,2352320,6013,2026-02-09
-84193,سدرة,634,6299000,9923,2026-02-09
35027790,الشعلة,745,270000,362,2026-02-08
-85951,الشعلة,750,215000,287,2026-02-08
-85942,الصحافة,73,1700000,23253,2026-02-08
-86851,الصحافة,73,1700000,23253,2026-02-08
-87064,الصحافة,73,1475000,20175,2026-02-08
-87060,المرجان,300,555000,1850,2026-02-08
-85508,المرجان,300,495000,1650,2026-02-08
-85732,المنصورة,672,2016000,3000,2026-02-08
-85497,النرجس,402,3100000,7699,2026-02-08
-85728,النرجس,88,1338000,15186,2026-02-08
-85066,النرجس,119,1100000,9238,2026-02-08
-85073,النرجس,119,1147000,9633,2026-02-08
-85064,النرجس,97,955000,9818,2026-02-08
35041268,البيان,875,1750000,2000,2026-02-08
-86630,الفاروق,520,1976000,3800,2026-02-08
-86190,الفاروق,320,1216000,3800,2026-02-08
35033844,العزيزية,366,1200000,3274,2026-02-08
35037996,المعيزيلة,276,1297200,4700,2026-02-08
-85287,الندوة,260,600000,2305,2026-02-08
-86412,الندوة,108,510000,4697,2026-02-08
-86620,الزاهر,930,600000,645,2026-02-08
35031581,عريض,400,210000,524,2026-02-08
-85282,عريض,450,335000,744,2026-02-08
-85717,عريض,143,440000,3061,2026-02-08
34986127,عريض,450,2465844,5480,2026-02-08
35026915,عريض,450,2465844,5480,2026-02-08
35032042,عريض,450,420000,933,2026-02-08
-85504,عريض,450,380000,844,2026-02-08
-85714,العلا,873,425000,487,2026-02-08
-87056,العوالي,119,590000,4926,2026-02-08
35033035,المونسية,648,4100000,6327,2026-02-08
-85727,المصفاة,395,731000,1851,2026-02-08
-86407,العريجاء الغربي,360,2070000,5750,2026-02-08
-87290,السعادة,86,415000,4775,2026-02-07
-87503,عريض,452,400000,885,2026-02-07
-87279,العلا,856,300000,350,2026-02-07
35019909,النفل,195,51043,262,2026-02-07
35020263,الحائر,327,50000,153,2026-02-07
-87722,السعادة,81,420000,5157,2026-02-06
-87508,الوسام,300,495000,1650,2026-02-06
-87507,الوسام,300,495000,1650,2026-02-06
-87506,الوسام,300,495000,1650,2026-02-06
35001861,إشبيلية,782,7774500,9936,2026-02-05
34994014,الشعلة,770,235000,305,2026-02-05
-88624,الصحافة,73,1850000,25304,2026-02-05
-88161,المرجان,430,1204000,2800,2026-02-05
34991308,المنصورة,3947,8092375,2050,2026-02-05
34991302,المنصورة,3612,7405625,2050,2026-02-05
34991896,المنصورة,3277,6718875,2050,2026-02-05
34991897,المنصورة,4000,8201025,2050,2026-02-05
34961643,النسيم الشرقي,460,1494160,3248,2026-02-05
-89507,النرجس,125,1350000,10778,2026-02-05
-88156,النرجس,165,1860000,11209,2026-02-05
-88614,النرجس,228,1330000,5828,2026-02-05
-89288,المعيزيلة,62,588000,9456,2026-02-05
34993416,منفوحة,116,345000,2974,2026-02-05
-89054,ديراب,900,1485000,1650,2026-02-05
-89274,السعادة,81,450000,5513,2026-02-05
-89287,الندوة,144,700000,4832,2026-02-05
-88411,الندوة,79,350000,4380,2026-02-05
-88404,المصانع,875,1662500,1900,2026-02-05
-88405,المصانع,875,1662500,1900,2026-02-05
34993742,عريض,900,500000,556,2026-02-05
-88617,عريض,432,335000,775,2026-02-05
-88620,عريض,432,280000,648,2026-02-05
-88412,عريض,408,220000,539,2026-02-05
-87947,العلا,775,100000,129,2026-02-05
35001853,الحائر,508,120000,236,2026-02-05
34996616,المصفاة,597,420000,703,2026-02-05
34996027,المصفاة,599,420000,700,2026-02-05
34962265,الدار البيضاء,250,700000,2800,2026-02-04
-90160,الدار البيضاء,111,410000,3672,2026-02-04
-269,الصحافة,73,1825000,24962,2026-02-04
-499,المنصورة,168,950000,5651,2026-02-04
-276,سلطانة,203,830000,4086,2026-02-04
-89949,النرجس,900,6300000,7000,2026-02-04
34960316,النرجس,1153,1735813,1505,2026-02-04
-36,النرجس,512,5125000,10000,2026-02-04
-496,النرجس,325,1300000,4000,2026-02-04
-1147,النرجس,207,1752750,8443,2026-02-04
34958494,مطار الملك خالد الدولي,195,672633,3449,2026-02-04
-264,المعيزيلة,83,529694,6358,2026-02-04
-486,المعيزيلة,78,650000,8259,2026-02-04
-89946,السعادة,100,440000,4370,2026-02-04
34963138,عريض,900,500000,556,2026-02-04
-23,عريض,450,475000,1056,2026-02-04
-90157,عريض,405,350000,864,2026-02-04
-90392,عريض,400,270000,675,2026-02-04
34926139,المصيف,525,3280997,6250,2026-02-04
34935072,المصيف,525,3280997,6250,2026-02-04
34972997,القدس,846,9750000,11525,2026-02-04
34967988,الحائر,31047,10866751,350,2026-02-04
34975370,المصفاة,599,450000,750,2026-02-04
34971018,المصفاة,599,450000,750,2026-02-04
34911849,المصفاة,400,800000,2000,2026-02-04
-261,النهضة,390,1657500,4250,2026-02-04
-708,قرطبة,86,1310000,15174,2026-02-04
-934,الوسام,375,881250,2350,2026-02-04
-936,الوسام,300,705000,2350,2026-02-04
-937,الوسام,300,705000,2350,2026-02-04
-938,الوسام,300,705000,2350,2026-02-04
34941737,الغنامية,621,310000,499,2026-02-03
-2705,الصحافة,73,1400000,19149,2026-02-03
-3594,الصحافة,73,1725000,23595,2026-02-03
-2924,المرجان,300,549000,1830,2026-02-03
34949621,غبيرا,150,280000,1867,2026-02-03
-3143,النرجس,109,1050000,9567,2026-02-03
-2486,النرجس,129,950000,7313,2026-02-03
34941268,مطار الملك خالد الدولي,316,768428,2426,2026-02-03
34941879,مطار الملك خالد الدولي,260,659854,2538,2026-02-03
34934625,مطار الملك خالد الدولي,250,656354,2625,2026-02-03
34935236,مطار الملك خالد الدولي,250,656354,2625,2026-02-03
34936187,مطار الملك خالد الدولي,252,688374,2726,2026-02-03
34935885,مطار الملك خالد الدولي,250,687412,2750,2026-02-03
-3810,المعيزيلة,200,950000,4727,2026-02-03
34935873,ديراب,700,1190000,1700,2026-02-03
-3364,ديراب,80,434150,5362,2026-02-03
-2261,السعادة,189,1100000,5804,2026-02-03
-2706,الندوة,264,805200,3050,2026-02-03
-2707,الندوة,264,805200,3050,2026-02-03
-2718,الندوة,264,805200,3050,2026-02-03
-2720,الندوة,264,805200,3050,2026-02-03
-2922,الندوة,264,805200,3050,2026-02-03
-2923,الندوة,264,805200,3050,2026-02-03
-2921,الندوة,264,805200,3050,2026-02-03
-3365,الزاهر,450,485000,1078,2026-02-03
-1802,عريض,500,540000,1080,2026-02-03
-1582,عريض,450,390000,867,2026-02-03
-2032,عريض,450,300000,667,2026-02-03
-3802,عريض,900,700000,778,2026-02-03
-2279,عريض,500,450000,900,2026-02-03
-2268,العوالي,134,570000,4223,2026-02-03
-3145,التعاون,540,11046603,20457,2026-02-03
34952912,الحائر,400,300000,750,2026-02-03
34939628,المصفاة,599,450000,750,2026-02-03
34930575,أحد,694,725000,1045,2026-02-03
-2264,السحاب,543,1086980,2000,2026-02-03
-2028,العريجاء الغربي,400,980000,2450,2026-02-03
-3155,العريجاء الغربي,400,800000,2000,2026-02-03
-4260,الغنامية,385,531300,1380,2026-02-02
-4936,الصحافة,73,1800000,24620,2026-02-02
34918580,المرجان,336,537600,1600,2026-02-02
34910728,الخزامى,733,9000000,12265,2026-02-02
-5593,النرجس,119,1220000,10215,2026-02-02
-4718,النرجس,80,1200000,14963,2026-02-02
-4253,النرجس,125,950000,7580,2026-02-02
34912146,المعذر,314,952500,3029,2026-02-02
-5592,الفاروق,168,850000,5031,2026-02-02
-4254,المعيزيلة,96,420000,4371,2026-02-02
34909328,المنصورية,5500,12100000,2200,2026-02-02
34920386,عرقة,1200,7800000,6500,2026-02-02
-4494,الزاهر,900,500000,556,2026-02-02
-4489,عريض,937,555000,592,2026-02-02
-6025,عريض,458,250000,545,2026-02-02
-5583,عريض,450,250000,556,2026-02-02
-4933,عريض,300,200000,667,2026-02-02
-4932,عريض,450,380000,844,2026-02-02
-6023,عريض,432,230000,532,2026-02-02
-4492,عريض,410,250000,610,2026-02-02
-4937,العلا,750,350000,467,2026-02-02
34884850,السلي,5250,10395000,1980,2026-02-02
-5811,المصيف,92,1080000,11666,2026-02-02
-4259,المصفاة,395,700000,1772,2026-02-02
34923942,المصفاة,599,480000,800,2026-02-02
-4249,المصفاة,787,700000,889,2026-02-02
34918523,المصفاة,375,650000,1733,2026-02-02
-4921,النهضة,390,1638000,4200,2026-02-02
-5587,النهضة,390,1657500,4250,2026-02-02
-7370,الدار البيضاء,112,520000,4603,2026-02-01
-7815,الشعلة,615,250000,407,2026-02-01
34887041,الشعلة,775,220000,284,2026-02-01
-6038,الدفاع,9682,13000000,1343,2026-02-01
34896148,الغنامية,160,100000,625,2026-02-01
-6036,القادسية,2000,8000000,4000,2026-02-01
-6937,الصحافة,73,1375000,18807,2026-02-01
-7803,الصحافة,73,1525000,20859,2026-02-01
-6701,المرجان,177,750000,4226,2026-02-01
34894224,المرجان,350,490000,1400,2026-02-01
34899368,سلطانة,255,350000,1373,2026-02-01
-6446,النرجس,170,1350000,7909,2026-02-01
-7581,السعادة,100,450000,4488,2026-02-01
-6031,المصانع,4981,6164562,1237,2026-02-01
-6033,المصانع,1059,1311590,1237,2026-02-01
-6032,المصانع,3780,4677488,1237,2026-02-01
-6921,الزاهر,900,500000,556,2026-02-01
34846650,عريض,450,400000,889,2026-02-01
-6922,عريض,425,265000,624,2026-02-01
-6460,عريض,900,500000,556,2026-02-01
-7814,عريض,450,320000,711,2026-02-01
34885287,النخيل,400,2907616,7269,2026-02-01
34886480,المصفاة,599,500000,833,2026-02-01
-8026,النرجس,165,1850000,11149,2026-01-31
-8033,عريض,271,180000,662,2026-01-31
-8254,القادسية,130,750000,5750,2026-01-30
-8257,الصحافة,73,1600000,21885,2026-01-30
34858985,عريض,400,300000,750,2026-01-30
34832343,الدار البيضاء,330,630000,1909,2026-01-29
34849129,الغنامية,192,300000,1562,2026-01-29
34849445,الغنامية,160,150000,938,2026-01-29
-8469,الصحافة,73,1600000,21885,2026-01-29
-8926,الصحافة,73,1450000,19833,2026-01-29
-9361,الصحافة,73,1725000,23595,2026-01-29
34853661,المرجان,1487,4461750,3000,2026-01-29
34853867,المرجان,1489,4469520,3000,2026-01-29
-9372,النرجس,221,1800000,8113,2026-01-29
-8923,النرجس,8,83846,9821,2026-01-29
-9600,النرجس,109,979000,8962,2026-01-29
-10245,البيان,370,3000000,8091,2026-01-29
34852989,البيان,875,1225000,1400,2026-01-29
-8927,العزيزية,261,970000,3711,2026-01-29
-8473,المعيزيلة,203,830000,4087,2026-01-29
-8478,المعيزيلة,96,450000,4684,2026-01-29
34833890,منفوحة,232,500000,2155,2026-01-29
-9817,الندوة,276,1500000,5435,2026-01-29
-10258,المصانع,3577,4426347,1237,2026-01-29
-10259,المصانع,1620,2004638,1237,2026-01-29
-9594,الزاهر,1110,600000,540,2026-01-29
-9590,عريض,405,347000,857,2026-01-29
-9589,عريض,400,262000,655,2026-01-29
-9809,العلا,750,260000,347,2026-01-29
-10256,المصيف,127,1220000,9556,2026-01-29
34855377,الحائر,2500,2093023,837,2026-01-29
34856681,المصفاة,599,500000,833,2026-01-29
34856589,المصفاة,599,500000,833,2026-01-29
-9585,ظهرة البديعة,76,425000,5523,2026-01-29
-9378,ظهرة البديعة,199,900000,4515,2026-01-29
34840157,ظهرة البديعة,525,1365000,2600,2026-01-29
34853277,السويدي,550,1101955,2000,2026-01-29
-9804,الوسام,300,540000,1800,2026-01-29
34821584,شبرا,405,1050000,2593,2026-01-28
34800283,شبرا,500,1000000,2000,2026-01-28
34821435,الشعلة,750,230000,307,2026-01-28
-10917,الغنامية,240,325000,1354,2026-01-28
34830695,الغنامية,240,325000,1353,2026-01-28
-12694,القادسية,324,10000,31,2026-01-28
-10697,القادسية,324,10000,31,2026-01-28
34831218,غبيرا,320,300000,938,2026-01-28
-11362,النرجس,79,779000,9753,2026-01-28
-10468,البيان,182,600000,3293,2026-01-28
34832133,النسيم الغربي,500,1100000,2200,2026-01-28
-11820,السعادة,187,1124900,6005,2026-01-28
-11144,السعادة,96,440000,4565,2026-01-28
-10916,السعادة,90,440000,4855,2026-01-28
-10682,الندوة,162,600000,3686,2026-01-28
-11157,المصانع,1189,3210300,2700,2026-01-28
-12470,الزاهر,900,750000,833,2026-01-28
-10918,عريض,425,230000,541,2026-01-28
-11375,عريض,409,210000,513,2026-01-28
-10699,عريض,400,240000,600,2026-01-28
-10913,عريض,405,355000,877,2026-01-28
-11367,العوالي,125,690000,5477,2026-01-28
34827037,العوالي,800,1920000,2400,2026-01-28
34823893,المصفاة,599,500000,833,2026-01-28
-10692,المصفاة,599,550000,917,2026-01-28
-12248,النهضة,336,1428000,4250,2026-01-28
-11804,النهضة,390,1657500,4250,2026-01-28
-11595,النهضة,390,1657500,4250,2026-01-28
34832140,الملك عبدالله,373,2130660,5699,2026-01-28
-10691,الوسام,300,540000,1800,2026-01-28
-13136,القادسية,167,870000,5187,2026-01-27
-13819,المرجان,300,546000,1820,2026-01-27
-13369,النرجس,8,81538,9550,2026-01-27
-14259,البيان,288,1800000,6250,2026-01-27
-14691,الصفاء,217,1249000,5736,2026-01-27
-13140,الصفاء,254,1550000,6079,2026-01-27
-14037,الندوة,234,820000,3499,2026-01-27
-14245,الندوة,270,1280000,4741,2026-01-27
-14256,الندوة,75,637100,8471,2026-01-27
-13374,عريض,500,470000,940,2026-01-27
-13361,عريض,451,260000,576,2026-01-27
-14035,المونسية,312,2520539,8079,2026-01-27
-14463,اليرموك,166,1350000,8126,2026-01-27
34806074,المصفاة,783,860000,1098,2026-01-27
-13134,المصفاة,594,700000,1178,2026-01-27
-13129,المصفاة,599,800000,1334,2026-01-27
34804388,العريجاء الغربي,600,1236000,2060,2026-01-27
-12918,الملك عبدالله,6840,41040000,6000,2026-01-27
-16024,الياسمين,208,1690000,8116,2026-01-26
-16250,الدار البيضاء,12500,17775000,1422,2026-01-26
-15136,الدار البيضاء,875,1618750,1850,2026-01-26
-15598,الصحافة,73,1425000,19491,2026-01-26
-15597,الصحافة,73,1775000,24278,2026-01-26
-16036,الصحافة,73,1800000,24620,2026-01-26
-15581,الصحافة,73,1400000,19149,2026-01-26
-15583,الصحافة,73,1375000,18807,2026-01-26
-15351,الصحافة,73,1450000,19833,2026-01-26
-16031,الصحافة,73,1675000,22911,2026-01-26
-16905,النرجس,187,1250000,6672,2026-01-26
-16692,النرجس,403,2800000,6935,2026-01-26
-16688,النرجس,90,879000,9763,2026-01-26
-15809,النرجس,160,1750000,10889,2026-01-26
34778634,النرجس,5924,23699280,4000,2026-01-26
-16684,البيان,201,1100000,5470,2026-01-26
-16682,المعيزيلة,153,852000,5534,2026-01-26
34775807,ديراب,700,1190000,1700,2026-01-26
-16696,الندوة,167,720000,4302,2026-01-26
-16034,الندوة,178,710000,3972,2026-01-26
-16466,عريض,432,300000,694,2026-01-26
-16468,عريض,405,335000,827,2026-01-26
-16913,عريض,405,350000,864,2026-01-26
34768756,عريض,511,250000,489,2026-01-26
-16030,عريض,400,230000,575,2026-01-26
-16469,العلا,750,320000,427,2026-01-26
-15594,المصفاة,599,590000,983,2026-01-26
34770375,السويدي,500,1200000,2400,2026-01-26
-15586,الوسام,300,550000,1833,2026-01-26
-18251,إشبيلية,435,2500000,5747,2026-01-25
-17126,الصحافة,73,1700000,23253,2026-01-25
-17129,الصحافة,73,1625000,22227,2026-01-25
-17127,الصحافة,73,1650000,22569,2026-01-25
-17355,المرجان,300,540000,1800,2026-01-25
-17561,المرجان,300,495000,1650,2026-01-25
-18682,النرجس,403,2700000,6687,2026-01-25
-18914,النرجس,13,107692,8229,2026-01-25
-18243,النرجس,359,3550000,9883,2026-01-25
-18681,الفاروق,321,1308000,4066,2026-01-25
-18023,النسيم الغربي,807,1615000,2000,2026-01-25
-17351,الندوة,158,700000,4414,2026-01-25
-18692,الزاهر,1117,760000,680,2026-01-25
-17816,عريض,409,175000,427,2026-01-25
-17562,عريض,208,220000,1053,2026-01-25
-17812,عريض,400,225000,562,2026-01-25
-17566,عريض,1050,500000,476,2026-01-25
-17350,عريض,908,600000,660,2026-01-25
-17347,عريض,1050,500000,476,2026-01-25
-17808,العوالي,236,800000,3388,2026-01-25
34747116,السلي,425,1000000,2353,2026-01-25
34743790,السلي,1085,2800000,2581,2026-01-25
34743864,السلي,1085,2800000,2581,2026-01-25
-19132,عريض,450,285000,633,2026-01-24
-19134,الوسام,300,390000,1300,2026-01-24
-20473,الدار البيضاء,720,1512000,2100,2026-01-22
-20025,شبرا,154,875000,5647,2026-01-22
-19577,النرجس,127,1059000,8290,2026-01-22
-21122,البيان,412,1443750,3500,2026-01-22
-19790,الفاروق,400,1560000,3900,2026-01-22
-19797,الفاروق,440,1716000,3900,2026-01-22
-20471,الصفاء,362,1500000,4134,2026-01-22
-19791,عريض,70,250000,3547,2026-01-22
-21565,عريض,475,280000,589,2026-01-22
-19788,عريض,420,245000,583,2026-01-22
-20034,عريض,408,220000,539,2026-01-22
-20259,العلا,750,320000,427,2026-01-22
-20033,العلا,750,300000,400,2026-01-22
34720945,المصفاة,1795,1550000,864,2026-01-22
-20905,المصفاة,4869,7060594,1450,2026-01-22
-20904,المصفاة,5000,7250000,1450,2026-01-22
-20906,المصفاة,5000,7250000,1450,2026-01-22
-20907,المصفاة,4875,7068765,1450,2026-01-22
-19573,المصفاة,1600,2640000,1650,2026-01-22
-20246,المصفاة,400,700000,1750,2026-01-22
-21131,العريجاء الغربي,360,2100000,5833,2026-01-22
-19580,الوسام,438,723640,1650,2026-01-22
-23816,الدار البيضاء,112,518000,4618,2026-01-21
-23805,الدار البيضاء,135,445000,3295,2026-01-21
-23586,الشعلة,645,260000,403,2026-01-21
-24031,الشعلة,500,180000,360,2026-01-21
-23379,الشعلة,745,336000,451,2026-01-21
-23144,المرجان,300,549000,1830,2026-01-21
34665553,المنصورة,525,1000000,1905,2026-01-21
-22278,النرجس,8,83846,9821,2026-01-21
-22266,النرجس,134,1000000,7419,2026-01-21
-22004,النرجس,143,1000000,6957,2026-01-21
34693475,مطار الملك خالد الدولي,290,672403,2314,2026-01-21
34694126,مطار الملك خالد الدولي,195,618513,3172,2026-01-21
34698317,البيان,875,1750000,2000,2026-01-21
-22016,البيان,202,550000,2713,2026-01-21
-22015,البيان,220,700000,3179,2026-01-21
-22013,البيان,227,900000,3958,2026-01-21
34689062,البديعة,337,405000,1200,2026-01-21
-22704,الزاهر,930,610000,656,2026-01-21
-22928,الزاهر,930,610000,656,2026-01-21
-22719,عريض,405,235000,580,2026-01-21
-22924,عريض,400,230000,575,2026-01-21
-22922,عريض,450,370000,822,2026-01-21
-23583,عريض,400,270000,675,2026-01-21
-22935,عريض,405,235000,580,2026-01-21
-22923,العلا,1031,420000,407,2026-01-21
34702695,ثليم,90,190000,2111,2026-01-21
-23149,الإزدهار,450,3375000,7500,2026-01-21
34694542,المونسية,246,850000,3445,2026-01-21
-21786,المصفاة,599,1100000,1834,2026-01-21
34694270,المصفاة,400,700000,1750,2026-01-21
-22482,السحاب,378,756000,2000,2026-01-21
-22485,السحاب,378,756000,2000,2026-01-21
-22486,السحاب,378,756000,2000,2026-01-21
-22487,السحاب,446,893000,2000,2026-01-21
-22488,السحاب,446,893000,2000,2026-01-21
-22484,السحاب,378,756000,2000,2026-01-21
34702884,الوسام,300,495000,1650,2026-01-21
-24927,الدار البيضاء,90,350000,3876,2026-01-20
-25368,المرجان,300,570000,1900,2026-01-20
-26253,النرجس,184,1450000,7873,2026-01-20
-25146,النرجس,8,83077,9731,2026-01-20
-26025,النرجس,219,1830000,8328,2026-01-20
-26707,النرجس,97,1120000,11504,2026-01-20
34668210,العزيزية,232,400000,1720,2026-01-20
-26701,المعيزيلة,107,596390,5531,2026-01-20
-25151,المعيزيلة,107,540000,5009,2026-01-20
34671640,ديراب,700,1190000,1700,2026-01-20
-26260,ديراب,81,400000,4888,2026-01-20
-25803,الدريهمية,400,960000,2400,2026-01-20
-26475,الندوة,86,420000,4861,2026-01-20
-25590,الندوة,103,650000,6255,2026-01-20
-26038,الزاهر,930,480000,516,2026-01-20
-24492,الزاهر,840,470000,560,2026-01-20
-24937,عريض,450,400000,889,2026-01-20
-25377,عريض,400,240000,600,2026-01-20
-24716,العلا,750,280000,373,2026-01-20
-25143,العلا,768,250000,326,2026-01-20
-25806,الوادي,63,1199000,19005,2026-01-20
-25818,النفل,23,233625,9805,2026-01-20
-25149,العوالي,243,1050000,4312,2026-01-20
-24933,العوالي,171,780000,4540,2026-01-20
-25375,المونسية,312,2714130,8699,2026-01-20
-26474,المونسية,540,4031169,7457,2026-01-20
34673731,المصيف,266,785000,2951,2026-01-20
34669774,المصيف,1527,850000,556,2026-01-20
-25367,المصفاة,599,1400000,2334,2026-01-20
-24702,المصفاة,1050,750000,714,2026-01-20
-24939,المصفاة,599,550000,917,2026-01-20
-24928,الملك عبدالله,743,2976000,4001,2026-01-20
-24710,الملك عبدالله,743,2976000,4001,2026-01-20
34675513,سدرة,250,1980000,7920,2026-01-20
-27156,الغنامية,342,540000,1579,2026-01-19
-28256,القادسية,647,3236575,5000,2026-01-19
-28697,المرجان,166,765000,4584,2026-01-19
-27811,النرجس,364,3390000,9294,2026-01-19
34637171,النرجس,3965,25775360,6500,2026-01-19
-28254,النرجس,94,1365000,14469,2026-01-19
-28479,البيان,97,550000,5632,2026-01-19
34641831,البيان,690,1518000,2200,2026-01-19
-28242,المعيزيلة,312,2327000,7458,2026-01-19
-28474,العلا,752,240000,319,2026-01-19
-28257,العوالي,159,850000,5322,2026-01-19
-28684,المصفاة,787,1150000,1460,2026-01-19
34605682,الضباط,610,4880000,7987,2026-01-19
34645102,السويدي,500,2000000,4000,2026-01-19
34646784,السويدي,728,1674400,2300,2026-01-19
-27582,الوسام,300,600000,2000,2026-01-19
-30040,الياسمين,208,1660000,7972,2026-01-18
-30690,الدار البيضاء,112,450000,4012,2026-01-18
-30917,الشعلة,645,270000,419,2026-01-18
-30260,الغنامية,600,900000,1500,2026-01-18
34616264,الغنامية,1108,1551788,1400,2026-01-18
34616566,الغنامية,994,1392454,1400,2026-01-18
34616425,الغنامية,939,1315594,1400,2026-01-18
-30021,القادسية,384,1125000,2930,2026-01-18
-29582,القادسية,1500,4500000,3000,2026-01-18
-30038,النرجس,250,3300000,13200,2026-01-18
-29362,النرجس,179,1500000,8374,2026-01-18
-30919,النرجس,239,1430000,5979,2026-01-18
-30920,النرجس,253,1840000,7247,2026-01-18
-29361,البيان,119,620000,5190,2026-01-18
34610028,منفوحة الجديدة,142,370000,2596,2026-01-18
-30250,الفاروق,260,1700000,6538,2026-01-18
-31144,الروابي,930,19030778,20463,2026-01-18
34615287,ديراب,896,1523200,1700,2026-01-18
-29809,السعادة,100,440000,4389,2026-01-18
-30698,السعادة,80,560000,6973,2026-01-18
-30245,المصانع,1143,1415376,1237,2026-01-18
-29819,الزاهر,900,470000,522,2026-01-18
-29376,الزاهر,1721,750000,436,2026-01-18
-30024,العلا,750,280000,373,2026-01-18
-29808,العلا,750,350000,467,2026-01-18
-31151,العلا,900,450000,500,2026-01-18
-29595,العوالي,900,1845000,2050,2026-01-18
-30467,العوالي,388,1650000,4249,2026-01-18
-29803,المصفاة,600,1400000,2333,2026-01-18
-30469,المصفاة,4189,6075340,1450,2026-01-18
-29600,المصفاة,599,1400000,2334,2026-01-18
-30022,السحاب,300,525000,1750,2026-01-18
-30902,العريجاء الغربي,155,750000,4831,2026-01-18
-31582,السعادة,101,550000,5435,2026-01-17
34588250,العزيزية,492,1300000,2642,2026-01-16
-31598,الوسام,300,495000,1650,2026-01-16
34564503,الدار البيضاء,722,1517460,2100,2026-01-15
-32695,النرجس,475,4000000,8405,2026-01-15
-33130,الفاروق,400,1500000,3750,2026-01-15
-32033,العزيزية,1461,3000000,2053,2026-01-15
34574466,المعيزيلة,1400,4620000,3300,2026-01-15
34575801,المعيزيلة,1400,3322508,2373,2026-01-15
34576478,المعيزيلة,1155,3696000,3200,2026-01-15
34575419,المعيزيلة,1155,2656500,2300,2026-01-15
34576755,المعيزيلة,1155,3696000,3200,2026-01-15
34577319,المعيزيلة,1155,2656500,2300,2026-01-15
34576213,المعيزيلة,1155,3696000,3200,2026-01-15
34574859,المعيزيلة,1155,2656500,2300,2026-01-15
-32465,المعيزيلة,183,967060,5267,2026-01-15
-32692,الصفاء,251,1640000,6533,2026-01-15
-32904,السعادة,93,450000,4793,2026-01-15
-32461,العلا,759,275000,362,2026-01-15
-32255,المونسية,443,3200000,7210,2026-01-15
34563736,الحائر,322,230000,713,2026-01-15
-33122,سدرة,300,3638000,12127,2026-01-15
-33589,الياسمين,126,1349000,10678,2026-01-14
-33803,الدار البيضاء,117,420000,3570,2026-01-14
-35121,الدار البيضاء,751,1879825,2500,2026-01-14
-34919,الدار البيضاء,806,2015425,2500,2026-01-14
34556333,الشعلة,405,125000,309,2026-01-14
34556334,الشعلة,405,125000,309,2026-01-14
-34249,الشعلة,750,220000,293,2026-01-14
-34903,القادسية,158,800000,5038,2026-01-14
-34916,النرجس,60,920000,15333,2026-01-14
-34685,النرجس,72,1000000,13753,2026-01-14
34554854,الربيع,1313,15456884,11769,2026-01-14
-33818,السعادة,101,500000,4941,2026-01-14
-34021,السعادة,1590,4611000,2900,2026-01-14
-34469,البديعة,458,665000,1452,2026-01-14
-34254,الزاهر,900,500000,556,2026-01-14
-33591,الزاهر,900,550000,611,2026-01-14
-34247,العلا,753,275000,365,2026-01-14
-35350,العلا,840,300000,357,2026-01-14
-35352,العلا,900,450000,500,2026-01-14
-35582,المونسية,750,4200000,5600,2026-01-14
34546010,الحائر,11250,6750000,600,2026-01-14
-33819,المصفاة,599,500000,833,2026-01-14
-33810,الوسام,300,450000,1500,2026-01-14
-35814,الوسام,300,600000,2000,2026-01-14
-35353,الوسام,300,495000,1650,2026-01-14
-35356,الوسام,300,495000,1650,2026-01-14
-36258,الدار البيضاء,375,850000,2267,2026-01-13
-36252,المرجان,358,644400,1800,2026-01-13
-36250,المرجان,300,520000,1733,2026-01-13
-37124,النرجس,73,930000,12595,2026-01-13
-36463,النرجس,460,2898000,6300,2026-01-13
-36251,النرجس,73,840000,11388,2026-01-13
-36479,النرجس,60,900000,15000,2026-01-13
-37130,النرجس,143,1089000,7577,2026-01-13
34491245,العزيزية,474,2200000,4641,2026-01-13
-36689,الندوة,151,682600,4519,2026-01-13
-37127,الإزدهار,10712,89951722,8397,2026-01-13
34525928,المصيف,525,3307500,6300,2026-01-13
-36480,المصفاة,600,1400000,2333,2026-01-13
-37566,السحاب,300,510000,1700,2026-01-13
-37345,قرطبة,226,1590000,7015,2026-01-13
34526851,العريجاء الغربي,400,1000000,2500,2026-01-13
34507733,السويدي,400,850000,2125,2026-01-13
34526685,السويدي,500,930000,1860,2026-01-13
-37352,السويدي,443,800000,1806,2026-01-13
-36039,الوسام,300,535000,1783,2026-01-13
-36040,الوسام,300,535000,1783,2026-01-13
-39360,الدار البيضاء,116,497634,4283,2026-01-12
-39573,الدار البيضاء,100,480000,4793,2026-01-12
34487911,الدار البيضاء,500,1000000,2000,2026-01-12
-39352,شبرا,500,1250000,2500,2026-01-12
34492163,اليمامة,199,350000,1757,2026-01-12
34488070,الشعلة,901,270000,300,2026-01-12
34490423,الشعلة,750,210000,280,2026-01-12
-38692,الصحافة,216,2300000,10609,2026-01-12
-38035,المنصورة,77,500000,6458,2026-01-12
-38246,الصفاء,375,2977745,7941,2026-01-12
-38243,ديراب,990,1633500,1650,2026-01-12
-38688,الزاهر,900,500000,556,2026-01-12
-39574,العلا,775,100000,129,2026-01-12
-38030,العلا,750,320000,427,2026-01-12
-39135,العوالي,862,1630000,1890,2026-01-12
-38690,اليرموك,409,2000000,4890,2026-01-12
-38028,المصفاة,599,1400000,2334,2026-01-12
-38029,المصفاة,600,1400000,2333,2026-01-12
-38033,المصفاة,599,1400000,2334,2026-01-12
-38699,المصفاة,667,2000000,2998,2026-01-12
34492884,العريجاء الغربي,500,1000000,2000,2026-01-12
-38913,السويدي,451,1850000,4097,2026-01-12
-38917,هيت,10005,4140000,414,2026-01-12
-40916,الياسمين,217,2140000,9829,2026-01-11
-40915,الياسمين,136,1490000,10882,2026-01-11
34416688,الدار البيضاء,375,500250,1334,2026-01-11
34469339,المرجان,338,611780,1810,2026-01-11
34468689,المرجان,288,394560,1370,2026-01-11
34468186,المرجان,288,393120,1365,2026-01-11
34474081,النسيم الشرقي,500,2000000,4000,2026-01-11
34476678,النرجس,600,7000000,11667,2026-01-11
-40258,النرجس,450,2610000,5800,2026-01-11
-40695,النرجس,60,930000,15500,2026-01-11
-41348,الفاروق,460,1610000,3500,2026-01-11
34475388,العزيزية,400,800000,2000,2026-01-11
-41347,ديراب,900,1665000,1850,2026-01-11
34314418,السعادة,875,1240530,1418,2026-01-11
34473746,المصانع,186,160000,860,2026-01-11
-41125,الزاهر,1044,435000,417,2026-01-11
-41359,العلا,750,300000,400,2026-01-11
-41569,العلا,750,252000,336,2026-01-11
34461589,النخيل,200,432667,2163,2026-01-11
-41139,الحمراء,410,2500000,6091,2026-01-11
34474853,المصيف,770,7500000,9740,2026-01-11
34473012,الحائر,2500,1725000,690,2026-01-11
-41131,المصفاة,400,690000,1725,2026-01-11
34466087,المصفاة,599,500000,833,2026-01-11
34465599,المصفاة,599,500000,833,2026-01-11
34465536,المصفاة,599,500000,833,2026-01-11
34466091,المصفاة,599,500000,833,2026-01-11
-40040,النهضة,100,615000,6132,2026-01-11
-39798,ظهرة البديعة,81,400000,4930,2026-01-11
34428677,ظهرة البديعة,515,1184500,2300,2026-01-11
-40247,الوسام,300,660000,2200,2026-01-11
-41785,النرجس,116,850000,7328,2026-01-10
34452033,العزيزية,1846,7000000,3791,2026-01-10
-41786,الندوة,102,530000,5153,2026-01-10
34449013,المصفاة,599,500000,833,2026-01-10
-42260,المربع,500,1800000,3600,2026-01-09
-44002,الغنامية,160,90000,562,2026-01-08
-43565,الغنامية,160,90000,562,2026-01-08
-42695,القادسية,2000,4000000,2000,2026-01-08
-42471,المرجان,264,300000,1136,2026-01-08
34427980,المرجان,900,2340000,2600,2026-01-08
-43353,النرجس,56515,226060000,4000,2026-01-08
-43121,النرجس,8,83846,9821,2026-01-08
-43568,النرجس,450,2900000,6444,2026-01-08
-42914,النرجس,253,1850000,7286,2026-01-08
34426853,البيان,644,1416800,2200,2026-01-08
34426736,البيان,644,1416800,2200,2026-01-08
34430063,منفوحة الجديدة,177,600000,3384,2026-01-08
34428283,الفاروق,400,1400000,3500,2026-01-08
-43351,الفاروق,1850,4625000,2500,2026-01-08
-43781,السعادة,214,1400000,6534,2026-01-08
-42919,النهضة,336,1428000,4250,2026-01-08
-43355,الهدا,750,5850000,7800,2026-01-08
34422994,الوسام,300,510000,1700,2026-01-08
34422862,الوسام,300,510000,1700,2026-01-08
-42909,الوسام,300,450000,1500,2026-01-08
-44711,الدار البيضاء,4000,6000000,1500,2026-01-07
-44715,الدار البيضاء,4000,6000000,1500,2026-01-07
34385237,الشعلة,780,240000,308,2026-01-07
34392469,الغنامية,761,502365,660,2026-01-07
-46243,الصحافة,2590,71923000,27769,2026-01-07
-44717,المرجان,261,430650,1646,2026-01-07
-44239,النسيم الشرقي,118,580000,4875,2026-01-07
-45153,النرجس,900,5850000,6500,2026-01-07
-45146,النرجس,253,1850000,7286,2026-01-07
34391608,أم الحمام الغربي,424,1500000,3534,2026-01-07
-45594,المعيزيلة,112,620000,5504,2026-01-07
-44489,الصفاء,240,2200000,9167,2026-01-07
-44701,الندوة,178,705000,3944,2026-01-07
-44226,الزاهر,1627,750000,461,2026-01-07
-45364,العلا,750,280000,373,2026-01-07
-45367,الوادي,147,1650000,11208,2026-01-07
-46462,المصفاة,595,550000,924,2026-01-07
34392509,المصفاة,400,700000,1750,2026-01-07
-44713,المصفاة,400,1350000,3375,2026-01-07
-45810,السحاب,300,390000,1300,2026-01-07
-45811,السحاب,300,390000,1300,2026-01-07
-45812,السحاب,300,390000,1300,2026-01-07
-45813,السحاب,300,390000,1300,2026-01-07
-45817,الوسام,300,495000,1650,2026-01-07
34392694,الوسام,300,495000,1650,2026-01-07
-47148,الدار البيضاء,918,1723050,1875,2026-01-06
-47363,الشعلة,886,312000,352,2026-01-06
34362982,الغنامية,599,395960,660,2026-01-06
-47593,القادسية,194,950000,4894,2026-01-06
34371813,المرجان,300,393000,1310,2026-01-06
34367371,المرجان,299,569963,1900,2026-01-06
34371270,المرجان,300,396000,1320,2026-01-06
34371158,المرجان,300,396000,1320,2026-01-06
34371584,المرجان,288,393120,1365,2026-01-06
-47145,النرجس,129,985000,7606,2026-01-06
-47813,النرجس,442,2431000,5500,2026-01-06
-46701,النرجس,236,2100000,8882,2026-01-06
-47371,النرجس,280,2027357,7241,2026-01-06
-47587,النرجس,268,3000000,11163,2026-01-06
34354163,العزيزية,750,1700000,2267,2026-01-06
34357585,العزيزية,940,1598000,1700,2026-01-06
-47144,عرقة,519,3100000,5966,2026-01-06
-47160,الندوة,131,715000,5428,2026-01-06
-47804,الوسام,300,600000,2000,2026-01-06
-50244,النرجس,181,1700000,9379,2026-01-05
34317051,منفوحة الجديدة,116,120000,1034,2026-01-05
-49143,الفاروق,1395,4637657,3323,2026-01-05
-50463,الفاروق,400,1400000,3500,2026-01-05
-50260,الفاروق,2738,8168539,2983,2026-01-05
-50259,الفاروق,1800,5393305,2996,2026-01-05
-50028,المعيزيلة,135,1234000,9114,2026-01-05
-50242,المعيزيلة,112,550000,4882,2026-01-05
-49141,الصفاء,600,2812603,4688,2026-01-05
-48940,الصفاء,545,1516230,2779,2026-01-05
34335603,ديراب,600,810000,1350,2026-01-05
34334196,ديراب,400,540000,1350,2026-01-05
34332311,ديراب,400,540000,1350,2026-01-05
-49596,الزاهر,900,470000,522,2026-01-05
-50038,العلا,750,300000,400,2026-01-05
34329060,العلا,900,325000,361,2026-01-05
34337372,الحائر,580,144580,249,2026-01-05
34338347,المصفاة,400,660000,1650,2026-01-05
34328859,الهدا,280,430000,1536,2026-01-05
-52689,القادسية,122,760000,6197,2026-01-04
-51600,الملك فيصل,312,4200000,13440,2026-01-04
34300759,النسيم الشرقي,380,800000,2105,2026-01-04
-51153,النرجس,187,1670000,8898,2026-01-04
-52247,النرجس,201,1770000,8803,2026-01-04
-52463,النرجس,175,2055000,11707,2026-01-04
-51594,النرجس,560562,16500000,29,2026-01-04
-52461,النرجس,123,1348200,10883,2026-01-04
-50918,النرجس,69,1000000,14306,2026-01-04
-52033,النرجس,117,1486452,12635,2026-01-04
-51596,النرجس,253,1840000,7247,2026-01-04
-51595,المعيزيلة,199,990000,4971,2026-01-04
-52038,السعادة,318,1146024,3600,2026-01-04
-52242,السعادة,288,1040292,3600,2026-01-04
-52684,الندوة,178,710000,3972,2026-01-04
-52469,العلا,750,300000,400,2026-01-04
34186217,العوالي,756,136080,180,2026-01-04
-51369,الفلاح,1504,26253575,17450,2026-01-04
-51364,الفلاح,1504,26253575,17450,2026-01-04
-50917,الوسام,300,690000,2300,2026-01-04
34286861,المرجان,900,2340000,2600,2026-01-03
34288803,البيان,450,1035000,2300,2026-01-03
-53593,النرجس,69,1000000,14306,2026-01-02
34277445,الصفاء,306,925410,3022,2026-01-02
34277566,الصفاء,306,925410,3022,2026-01-02
34279966,الصفاء,312,944296,3022,2026-01-02
34267148,الصفاء,298,902233,3022,2026-01-02
34278808,الصفاء,306,925410,3022,2026-01-02
34277196,الصفاء,306,925410,3022,2026-01-02
34278872,الصفاء,348,1054318,3022,2026-01-02
34277030,الصفاء,298,902384,3022,2026-01-02
34267088,الصفاء,662,2001907,3022,2026-01-02
34276892,الصفاء,349,1056312,3022,2026-01-02
34278367,الصفاء,312,944296,3022,2026-01-02
34279031,الصفاء,312,944296,3022,2026-01-02
34274519,الصفاء,625,1890496,3022,2026-01-02
34276735,الصفاء,596,1802684,3022,2026-01-02
34275973,الصفاء,650,1964136,3022,2026-01-02
34277544,الصفاء,8562,21904634,2558,2026-01-02
-55817,الدار البيضاء,4950,10000,2,2026-01-01
-54908,المرجان,177,690000,3888,2026-01-01
-54032,البيان,400,1320000,3299,2026-01-01
-55344,الفاروق,1651,4946056,2995,2026-01-01
-55807,الفاروق,2687,8042781,2993,2026-01-01
-55585,الفاروق,2779,8318954,2993,2026-01-01
-55140,الفاروق,2338,7764353,3320,2026-01-01
-55591,الفاروق,1392,4626141,3323,2026-01-01
-55590,الفاروق,1657,5513144,3325,2026-01-01
-55808,الفاروق,2928,7970684,2721,2026-01-01
-55358,الفاروق,2759,7508127,2721,2026-01-01
34257647,الفاروق,2710,6954933,2566,2026-01-01
34265454,الفاروق,2288,5986585,2616,2026-01-01
-57128,الفاروق,2199,5753682,2616,2026-01-01
-55356,الفاروق,314,1100225,3500,2026-01-01
-55596,الفاروق,275,962500,3500,2026-01-01
-55345,الفاروق,275,962500,3500,2026-01-01
-55354,الفاروق,325,1137500,3500,2026-01-01
-55582,الفاروق,325,1137500,3500,2026-01-01
-55355,الفاروق,325,1137500,3500,2026-01-01
-55351,الفاروق,325,1137500,3500,2026-01-01
-55343,الفاروق,325,1137500,3500,2026-01-01
-55586,الفاروق,325,1137500,3500,2026-01-01
-55589,الفاروق,325,1137500,3500,2026-01-01
-55349,الفاروق,325,1137500,3500,2026-01-01
-55587,الفاروق,275,962500,3500,2026-01-01
-55597,الفاروق,2082,6219529,2987,2026-01-01
-55581,الفاروق,1800,5374578,2986,2026-01-01
-55802,الفاروق,1800,5393305,2996,2026-01-01
-55347,الفاروق,1800,5374578,2986,2026-01-01
-57125,الفاروق,2006,5348294,2666,2026-01-01
-57126,الفاروق,2163,5787787,2675,2026-01-01
-55803,الفاروق,1329,3549228,2670,2026-01-01
-57131,الفاروق,4419,11822549,2675,2026-01-01
-57133,الفاروق,3842,10273087,2674,2026-01-01
-55806,الفاروق,2730,7289691,2670,2026-01-01
-57129,الفاروق,2610,6967899,2670,2026-01-01
-57130,الفاروق,2580,6887317,2670,2026-01-01
-55801,الفاروق,2580,6887317,2670,2026-01-01
-57122,الفاروق,2640,7048374,2670,2026-01-01
-57123,الفاروق,2640,7048267,2670,2026-01-01
34264006,الفاروق,2640,7048266,2670,2026-01-01
34265378,الفاروق,4161,10408248,2501,2026-01-01
34264777,الفاروق,3975,9942942,2501,2026-01-01
-57134,الفاروق,819,2198697,2683,2026-01-01
-57124,الفاروق,435,1169191,2682,2026-01-01
-57136,الفاروق,155,416780,2682,2026-01-01
-55594,الفاروق,275,962500,3500,2026-01-01
34264575,الفاروق,3609,9023124,2500,2026-01-01
-57573,جرير,875,3168740,3618,2026-01-01
34258072,المعيزيلة,1400,4442508,3173,2026-01-01
34259496,المعيزيلة,1400,3500000,2500,2026-01-01
34258671,المعيزيلة,1155,3465000,3000,2026-01-01
34262344,المعيزيلة,1155,2887500,2500,2026-01-01
34261404,المعيزيلة,1155,3465000,3000,2026-01-01
34262862,المعيزيلة,1155,2887500,2500,2026-01-01
34261080,المعيزيلة,1155,3465000,3000,2026-01-01
34261785,المعيزيلة,1155,2887500,2500,2026-01-01
-55350,الصفاء,2722,12701855,4666,2026-01-01
-55357,الصفاء,1921,8978625,4672,2026-01-01
34266274,الصفاء,692,2093164,3022,2026-01-01
34265387,الصفاء,312,944296,3022,2026-01-01
34266331,الصفاء,348,1054166,3022,2026-01-01
34264649,الصفاء,312,944296,3022,2026-01-01
34264038,الصفاء,312,944296,3022,2026-01-01
34265512,الصفاء,312,944296,3022,2026-01-01
34266633,الصفاء,312,944296,3022,2026-01-01
34239430,الصفاء,731,2211707,3022,2026-01-01
34266672,الصفاء,650,1964136,3022,2026-01-01
34238740,الصفاء,674,2038712,3022,2026-01-01
34259254,الصفاء,1748,4532741,2592,2026-01-01
34262838,الصفاء,2053,5324339,2592,2026-01-01
34263201,الصفاء,2000,5185471,2592,2026-01-01
34262447,الصفاء,1803,4674434,2592,2026-01-01
-55584,الصفاء,480,1244283,2592,2026-01-01
-55359,الصفاء,400,1036903,2592,2026-01-01
-54034,الصفاء,400,1036903,2592,2026-01-01
-57352,الصفاء,400,1036903,2592,2026-01-01
-54037,الصفاء,290,751754,2592,2026-01-01
34263401,الصفاء,368,955894,2592,2026-01-01
-57569,الصفاء,400,1036903,2592,2026-01-01
-57578,الصفاء,400,1036903,2592,2026-01-01
-53596,الصفاء,400,1036903,2592,2026-01-01
-55599,الصفاء,480,1244283,2592,2026-01-01
-57565,الصفاء,625,1620160,2592,2026-01-01
34263558,الصفاء,625,1620160,2592,2026-01-01
34263760,الصفاء,480,1244283,2592,2026-01-01
-55598,الصفاء,640,1659044,2592,2026-01-01
34262614,العود,400,1300000,3250,2026-01-01
-56479,الندوة,417,1430000,3429,2026-01-01
-54700,الندوة,288,921600,3200,2026-01-01
-56035,الزاهر,810,430000,531,2026-01-01
-56028,العلا,750,140000,187,2026-01-01
34198913,المصفاة,750,1500000,2000,2026-01-01
-54912,قرطبة,1110,9000000,8108,2026-01-01
34264354,السويدي,500,1800000,3600,2026-01-01
34265818,السويدي,490,500000,1020,2026-01-01
-58259,الياسمين,2312,57735000,24966,2025-12-31
-58257,الياسمين,2316,57735000,24929,2025-12-31
-62241,الشعلة,745,260000,349,2025-12-31
-65345,القادسية,171,800000,4658,2025-12-31
-59563,الصحافة,775,24025000,31000,2025-12-31
-58258,الصحافة,775,24025000,31000,2025-12-31
34238316,الصحافة,800,12867263,16084,2025-12-31
34237600,الصحافة,800,12867263,16084,2025-12-31
-67373,الملك فيصل,386,2250000,5814,2025-12-31
34230103,المرجان,300,415500,1385,2025-12-31
34230235,المرجان,264,363000,1375,2025-12-31
34219826,المرجان,300,570000,1900,2025-12-31
-65344,المرجان,901,2344082,2600,2025-12-31
-61138,النسيم الشرقي,440,1680800,3820,2025-12-31
-67145,النرجس,126,980000,7769,2025-12-31
-58248,النرجس,19575,82215000,4200,2025-12-31
-58901,النرجس,110925,465885000,4200,2025-12-31
-61344,النرجس,245,1400000,5710,2025-12-31
-67362,النرجس,220,1500000,6800,2025-12-31
-65565,النرجس,900,509714,566,2025-12-31
-66933,النرجس,708,5667520,8000,2025-12-31
-66935,النرجس,700,5602080,8000,2025-12-31
-65572,النرجس,702,5622880,8000,2025-12-31
-66934,النرجس,700,5603520,8000,2025-12-31
34234334,البيان,697,1045770,1500,2025-12-31
-65356,البيان,4516,9966250,2207,2025-12-31
-68938,الفاروق,400,1109404,2774,2025-12-31
-63122,الفاروق,455,1023581,2249,2025-12-31
-59122,الفاروق,12096,36295734,3001,2025-12-31
-68024,الفاروق,1652,4950003,2995,2025-12-31
-64902,الفاروق,1652,4948690,2995,2025-12-31
-63137,الفاروق,1651,4966165,3007,2025-12-31
-68025,الفاروق,1650,4944739,2995,2025-12-31
-68693,الفاروق,2562,7667176,2992,2025-12-31
-60690,الفاروق,2643,7910363,2993,2025-12-31
-58693,الفاروق,2676,8010698,2993,2025-12-31
-68475,الفاروق,2711,8116476,2993,2025-12-31
-69154,الفاروق,1658,5515787,3325,2025-12-31
-63791,الفاروق,1662,5527303,3325,2025-12-31
-68035,الفاروق,1665,5559714,3338,2025-12-31
-69141,الفاروق,1818,6068908,3338,2025-12-31
-69809,الفاروق,1929,6418919,3327,2025-12-31
-58909,الفاروق,1879,6251289,3327,2025-12-31
-69363,الفاروق,1402,4681583,3338,2025-12-31
-70254,الفاروق,1373,4583116,3338,2025-12-31
-69367,الفاروق,1399,4670067,3338,2025-12-31
-70915,الفاروق,1375,4591660,3338,2025-12-31
-57820,الفاروق,1378,4579310,3323,2025-12-31
-70247,الفاروق,1380,4587855,3323,2025-12-31
-69588,الفاروق,1850,6178090,3338,2025-12-31
-70029,الفاروق,1844,6158230,3338,2025-12-31
-65125,الفاروق,1825,6072546,3326,2025-12-31
-69816,الفاروق,1679,5585315,3325,2025-12-31
-70462,الفاروق,1683,5617693,3338,2025-12-31
-69814,الفاروق,1686,5608347,3326,2025-12-31
-70243,الفاروق,3479,9475600,2723,2025-12-31
-64467,الفاروق,3042,8282053,2722,2025-12-31
-70913,الفاروق,2878,7833844,2721,2025-12-31
-68694,الفاروق,3042,8280632,2722,2025-12-31
-64229,الفاروق,2881,7840649,2721,2025-12-31
-63123,الفاروق,2907,7911734,2721,2025-12-31
-70904,الفاروق,2915,7933598,2721,2025-12-31
-70699,الفاروق,2940,8002305,2721,2025-12-31
-58915,الفاروق,2948,8024169,2721,2025-12-31
-69365,الفاروق,2938,7996866,2721,2025-12-31
-63796,الفاروق,3128,8517144,2722,2025-12-31
-68924,الفاروق,2977,8102059,2722,2025-12-31
-58683,الفاروق,3164,8614110,2722,2025-12-31
-70021,الفاروق,1640,4196915,2558,2025-12-31
-58905,الفاروق,3066,7835824,2555,2025-12-31
-62904,الفاروق,1797,4610827,2566,2025-12-31
-62697,الفاروق,1650,4233647,2566,2025-12-31
-70256,الفاروق,1643,4217611,2566,2025-12-31
-68253,الفاروق,1643,4217611,2566,2025-12-31
-63564,الفاروق,1650,4233647,2566,2025-12-31
-68685,الفاروق,2215,5683325,2566,2025-12-31
-69361,الفاروق,1686,4319924,2561,2025-12-31
-70691,الفاروق,388,1077369,2774,2025-12-31
-69369,الفاروق,2515,6583117,2617,2025-12-31
-67818,الفاروق,2253,5896105,2616,2025-12-31
-64001,الفاروق,2322,6077040,2616,2025-12-31
-58478,الفاروق,3386,8868818,2619,2025-12-31
-60688,الفاروق,3767,9851615,2615,2025-12-31
-69153,الفاروق,2713,7086045,2611,2025-12-31
-59792,الفاروق,2185,5717033,2616,2025-12-31
-63128,الفاروق,2301,6004582,2609,2025-12-31
-68688,الفاروق,2255,5884772,2609,2025-12-31
-64232,الفاروق,2293,5983280,2609,2025-12-31
-58689,الفاروق,2312,6034594,2609,2025-12-31
-57812,الفاروق,400,1109404,2774,2025-12-31
-64918,جرير,635,2300371,3618,2025-12-31
-64906,جرير,578,2091617,3618,2025-12-31
-70918,جرير,281,1019641,3618,2025-12-31
-70474,جرير,494,1788318,3618,2025-12-31
-61126,جرير,2053,7382725,3596,2025-12-31
-61132,جرير,873,3159385,3618,2025-12-31
-70909,جرير,5936,21430170,3610,2025-12-31
-70693,جرير,160539,275665000,1717,2025-12-31
-68031,جرير,629,2276788,3618,2025-12-31
-68260,جرير,22270,80475847,3614,2025-12-31
-71581,المدينة الصناعية الجديدة,2400,3500000,1458,2025-12-31
-71582,المدينة الصناعية الجديدة,2400,3500000,1458,2025-12-31
34233000,ديراب,810,826200,1020,2025-12-31
-67151,السعادة,291,1048896,3600,2025-12-31
-67147,السعادة,322,1160568,3600,2025-12-31
34191922,الفيحاء,625,2750000,4400,2025-12-31
-62250,العلا,750,330000,440,2025-12-31
-61785,الحمراء,898,9429000,10500,2025-12-31
-61782,الحمراء,1177,12364695,10500,2025-12-31
-61565,الحمراء,1119,11751600,10500,2025-12-31
-61564,الحمراء,1105,11602605,10500,2025-12-31
-61562,الحمراء,1105,11611635,10500,2025-12-31
-61781,الحمراء,1112,11679780,10500,2025-12-31
34229632,الزهراء,292,1350000,4615,2025-12-31
34222025,ظهرة البديعة,550,1200000,2182,2025-12-31
34198072,الياسمين,412,1238220,3000,2025-12-30
34198004,الياسمين,516,1548120,3000,2025-12-30
34198510,الياسمين,56,235200,4200,2025-12-30
-76695,الياسمين,96,403200,4200,2025-12-30
34198014,الياسمين,14,43650,3000,2025-12-30
34197525,الياسمين,63,189390,3000,2025-12-30
-75816,الياسمين,773,2321250,3000,2025-12-30
-76477,الياسمين,214,644130,3000,2025-12-30
34193194,الياسمين,583,1751130,3000,2025-12-30
-77132,القادسية,1500,478000,319,2025-12-30
-77803,القادسية,189,1200000,6347,2025-12-30
34201951,المرجان,300,396000,1320,2025-12-30
34201371,المرجان,288,411840,1430,2025-12-30
34201203,المرجان,336,462000,1375,2025-12-30
-78465,النرجس,1753,15782760,9000,2025-12-30
-78464,النرجس,1442,12982860,9000,2025-12-30
-77578,النرجس,154,1170000,7583,2025-12-30
-78463,النرجس,2531,22786650,9000,2025-12-30
-75129,المدينة الصناعية الجديدة,2616,4000000,1529,2025-12-30
-75127,المدينة الصناعية الجديدة,2631,4000000,1520,2025-12-30
-75126,المدينة الصناعية الجديدة,2400,3500000,1458,2025-12-30
-74678,المدينة الصناعية الجديدة,2400,3500000,1458,2025-12-30
-73592,المدينة الصناعية الجديدة,2400,3500000,1458,2025-12-30
-73589,المدينة الصناعية الجديدة,2400,3500000,1458,2025-12-30
-73583,المدينة الصناعية الجديدة,2400,3500000,1458,2025-12-30
-73137,المدينة الصناعية الجديدة,2400,3500000,1458,2025-12-30
34190525,ديراب,750,1200000,1600,2025-12-30
34201803,ديراب,1050,1071000,1020,2025-12-30
34199630,ديراب,780,795600,1020,2025-12-30
34197226,العود,396,600000,1515,2025-12-30
34189459,عرقة,2400,23730000,9888,2025-12-30
34186963,عرقة,8518,55346000,6498,2025-12-30
-76251,عرقة,5908,38978000,6597,2025-12-30
-77819,عرقة,122,1397678,11444,2025-12-30
-78021,عرقة,127,1457251,11468,2025-12-30
-78024,عرقة,107,1268037,11784,2025-12-30
-78497,العلا,750,350000,467,2025-12-30
-76470,المونسية,408,3222270,7898,2025-12-30
-76024,اليرموك,750,6000000,8000,2025-12-30
34197173,الحائر,588,400000,680,2025-12-30
-78466,المصفاة,420,720000,1714,2025-12-30
-77360,النهضة,302,1315658,4350,2025-12-30
-75817,السحاب,300,390000,1300,2025-12-30
-76243,السحاب,300,390000,1300,2025-12-30
-75811,الوسام,300,585000,1950,2025-12-30
-78873,إشبيلية,138,1370000,9874,2025-12-29
-78937,القادسية,2400,10800000,4500,2025-12-29
-78687,القادسية,2100,13000000,6190,2025-12-29
-78828,القادسية,1793,5000000,2788,2025-12-29
-78825,القادسية,2400,5000000,2083,2025-12-29
-78788,القادسية,123,795000,6429,2025-12-29
34170510,المرجان,300,393000,1310,2025-12-29
-78635,المرجان,288,532800,1850,2025-12-29
34170918,المرجان,336,440160,1310,2025-12-29
34169522,المرجان,295,602820,2040,2025-12-29
34155486,المرجان,299,579000,1930,2025-12-29
34168155,المرجان,299,579000,1930,2025-12-29
34168547,المرجان,299,579000,1930,2025-12-29
34168377,المرجان,299,579000,1930,2025-12-29
34168673,المرجان,299,579000,1930,2025-12-29
34168850,المرجان,299,579000,1930,2025-12-29
-78745,النرجس,523,3299625,6300,2025-12-29
-78977,النرجس,405,2081959,5130,2025-12-29
-78976,النرجس,391,2007677,5130,2025-12-29
-78971,النرجس,376,1933394,5130,2025-12-29
-78969,النرجس,389,1999058,5130,2025-12-29
-78967,النرجس,401,2061696,5130,2025-12-29
-78960,النرجس,371,1903384,5130,2025-12-29
-78957,النرجس,393,2017013,5130,2025-12-29
-78949,النرجس,415,2130746,5130,2025-12-29
-78940,النرجس,459,2359441,5130,2025-12-29
-78929,النرجس,482,2473070,5130,2025-12-29
-78924,النرجس,650,3338348,5130,2025-12-29
-78922,النرجس,565,2902451,5130,2025-12-29
-78915,النرجس,586,3010335,5130,2025-12-29
-78909,النرجس,608,3120989,5130,2025-12-29
-78885,النرجس,629,3230361,5130,2025-12-29
-78898,النرجس,484,2485536,5130,2025-12-29
-78879,النرجس,650,3339579,5130,2025-12-29
-78927,النرجس,711,3651380,5130,2025-12-29
-78942,النرجس,437,2244529,5130,2025-12-29
-78926,النرجس,300,1680000,5600,2025-12-29
-78758,النرجس,460,2898000,6300,2025-12-29
-78753,النرجس,460,2898000,6300,2025-12-29
-78534,النرجس,1442,12980880,9000,2025-12-29
-78536,النرجس,1442,12981870,9000,2025-12-29
-78591,النرجس,8,83846,9821,2025-12-29
-78539,النرجس,1442,12983760,9000,2025-12-29
-78538,النرجس,1783,16047180,9000,2025-12-29
-78533,النرجس,2380,21423240,9000,2025-12-29
-78559,النرجس,780,5850000,7500,2025-12-29
-78535,النرجس,2401,21616110,9000,2025-12-29
-78806,النرجس,216,1800000,8329,2025-12-29
-78918,البيان,364,1000000,2742,2025-12-29
34138607,جرير,609,2204864,3618,2025-12-29
34162743,الشرفية,5112,43452000,8500,2025-12-29
-78970,النسيم الغربي,171,795000,4632,2025-12-29
-78935,عرقة,131,1876107,14218,2025-12-29
-78932,عرقة,131,1823629,13821,2025-12-29
-78917,عرقة,125,1397678,11109,2025-12-29
-78925,عرقة,115,1517212,13088,2025-12-29
-78959,عرقة,186,2262408,12137,2025-12-29
-78636,الندوة,276,772800,2800,2025-12-29
-78773,الندوة,178,550000,3082,2025-12-29
-78651,الزاهر,1927,400000,208,2025-12-29
-78914,العلا,900,204000,227,2025-12-29
-78770,العلا,754,200000,265,2025-12-29
34169604,العوالي,369,1050000,2840,2025-12-29
-78856,قرطبة,119,1650000,13798,2025-12-29
34156523,العريجاء الغربي,375,750000,2000,2025-12-29
34133987,ظهرة البديعة,550,1100000,2000,2025-12-29
34133824,ظهرة البديعة,550,1100000,2000,2025-12-29
34133723,ظهرة البديعة,500,1000000,2000,2025-12-29
34133421,ظهرة البديعة,500,1000000,2000,2025-12-29
34133229,ظهرة البديعة,500,1000000,2000,2025-12-29
34133112,ظهرة البديعة,500,1000000,2000,2025-12-29
34132989,ظهرة البديعة,500,1000000,2000,2025-12-29
34132723,ظهرة البديعة,500,1000000,2000,2025-12-29
34132375,ظهرة البديعة,525,1050000,2000,2025-12-29
34132141,ظهرة البديعة,525,1050000,2000,2025-12-29
-78570,الوسام,406,933800,2300,2025-12-29
34159540,سدرة,250,1875000,7500,2025-12-29
34122040,الدار البيضاء,925,1712952,1850,2025-12-28
-79042,القادسية,3772,9500000,2519,2025-12-28
-79081,القادسية,3772,9500000,2519,2025-12-28
-79200,القادسية,114,760000,6631,2025-12-28
34125465,النسيم الشرقي,440,1400000,3182,2025-12-28
34124430,غبيرا,464,750000,1615,2025-12-28
-79166,النرجس,577,2962062,5130,2025-12-28
-79163,النرجس,552,2834222,5130,2025-12-28
-79157,النرجس,651,3340246,5130,2025-12-28
-79147,النرجس,420,2156242,5130,2025-12-28
-79149,النرجس,466,2394787,5130,2025-12-28
-79151,النرجس,484,2485382,5130,2025-12-28
-79153,النرجس,513,2636153,5130,2025-12-28
-79152,النرجس,498,2559049,5130,2025-12-28
-79154,النرجس,528,2710384,5130,2025-12-28
-79156,النرجس,578,2967500,5130,2025-12-28
-79148,النرجس,434,2230473,5130,2025-12-28
-79155,النرجس,542,2781845,5130,2025-12-28
-79150,النرجس,505,2592702,5130,2025-12-28
-79170,النرجس,715,3669130,5130,2025-12-28
-79199,النرجس,435000,870000000,2000,2025-12-28
-79165,النرجس,564,2897834,5130,2025-12-28
34132153,البيان,875,1750000,2000,2025-12-28
-79230,المعيزيلة,69,600000,8658,2025-12-28
34132662,الملقا,8407,42038000,5000,2025-12-28
34131481,منفوحة,232,790000,3405,2025-12-28
-79114,العوالي,900,2700000,3000,2025-12-28
-79237,قرطبة,169,1700000,10048,2025-12-28
34111735,جرير,278,1008600,3618,2025-12-27
34111839,جرير,495,1792930,3618,2025-12-27
34106296,السعادة,625,1937500,3100,2025-12-27
-79342,العوالي,136,600000,4396,2025-12-27
34110652,المصفاة,599,550000,918,2025-12-27
-79371,النرجس,1363,12954200,9500,2025-12-26
-79382,النرجس,1363,12954200,9500,2025-12-26
-79372,النرجس,1200,11400000,9500,2025-12-26
-79433,النرجس,1200,11400000,9500,2025-12-26
-79396,النرجس,900,8550000,9500,2025-12-26
-79374,النرجس,900,8550000,9500,2025-12-26
-79393,النرجس,900,8550000,9500,2025-12-26
-79373,النرجس,900,8550000,9500,2025-12-26
-79850,النرجس,1200,11400000,9500,2025-12-26
-79369,النرجس,1200,11400000,9500,2025-12-26
-79367,النرجس,1200,11400000,9500,2025-12-26
-79395,النرجس,1200,11400000,9500,2025-12-26
-79847,النرجس,1200,11400000,9500,2025-12-26
-79368,النرجس,1200,11400000,9500,2025-12-26
-79855,النرجس,1368,12998470,9500,2025-12-26
-79376,النرجس,1368,12998470,9500,2025-12-26
-79375,النرجس,900,8550000,9500,2025-12-26
-79383,النرجس,900,8550000,9500,2025-12-26
-79856,النرجس,1022,9715650,9500,2025-12-26
-79377,النرجس,1022,9715650,9500,2025-12-26
-79397,النرجس,900,8550000,9500,2025-12-26
-79378,النرجس,900,8550000,9500,2025-12-26
-79854,النرجس,1023,9725910,9500,2025-12-26
-79370,النرجس,1023,9725910,9500,2025-12-26
-79664,الفاروق,260,910000,3500,2025-12-26
-79759,الفاروق,768,2688000,3500,2025-12-26
-79791,الفاروق,640,2240000,3500,2025-12-26
-79648,الفاروق,640,2240000,3500,2025-12-26
-79667,الفاروق,640,2240000,3500,2025-12-26
-79840,الفاروق,640,2240000,3500,2025-12-26
-79730,الفاروق,640,2240000,3500,2025-12-26
-79832,الفاروق,800,2800000,3500,2025-12-26
-79809,الفاروق,600,2100000,3500,2025-12-26
-79455,الفاروق,600,2100000,3500,2025-12-26
-79781,الفاروق,600,2100000,3500,2025-12-26
-79558,الفاروق,600,2100000,3500,2025-12-26
-79603,الفاروق,600,2100000,3500,2025-12-26
-79727,الفاروق,600,2100000,3500,2025-12-26
-79566,الفاروق,600,2100000,3500,2025-12-26
-79555,الفاروق,600,2100000,3500,2025-12-26
-79662,الفاروق,600,2100000,3500,2025-12-26
-79673,الفاروق,768,2688000,3500,2025-12-26
-79483,الفاروق,640,2240000,3500,2025-12-26
-79773,الفاروق,640,2240000,3500,2025-12-26
-79485,الفاروق,640,2240000,3500,2025-12-26
-79552,الفاروق,640,2240000,3500,2025-12-26
-79802,الفاروق,640,2240000,3500,2025-12-26
-79578,الفاروق,800,2800000,3500,2025-12-26
-79826,الفاروق,600,2100000,3500,2025-12-26
-79821,الفاروق,600,2100000,3500,2025-12-26
-79709,الفاروق,600,2100000,3500,2025-12-26
-79573,الفاروق,600,2100000,3500,2025-12-26
-79618,الفاروق,600,2100000,3500,2025-12-26
-79777,الفاروق,600,2100000,3500,2025-12-26
-79787,الفاروق,600,2100000,3500,2025-12-26
-79458,الفاروق,600,2100000,3500,2025-12-26
-79754,الفاروق,600,2100000,3500,2025-12-26
-79800,الفاروق,600,2100000,3500,2025-12-26
-79703,الفاروق,500,1750000,3500,2025-12-26
-79478,الفاروق,500,1750000,3500,2025-12-26
-79720,الفاروق,400,1400000,3500,2025-12-26
-79431,الفاروق,400,1400000,3500,2025-12-26
-79793,الفاروق,500,1750000,3500,2025-12-26
-79806,الفاروق,500,1750000,3500,2025-12-26
-79690,الفاروق,500,1750000,3500,2025-12-26
-79672,الفاروق,500,1750000,3500,2025-12-26
-79719,الفاروق,400,1400000,3500,2025-12-26
-79789,الفاروق,400,1400000,3500,2025-12-26
-79634,الفاروق,500,1750000,3500,2025-12-26
-79718,الفاروق,500,1750000,3500,2025-12-26
-79434,الفاروق,375,1312500,3500,2025-12-26
-79838,الفاروق,600,2100000,3500,2025-12-26
-79841,الفاروق,600,2100000,3500,2025-12-26
-79463,الفاروق,600,2100000,3500,2025-12-26
-79430,الفاروق,625,2187500,3500,2025-12-26
-79788,الفاروق,625,2187500,3500,2025-12-26
-79471,الفاروق,375,1312500,3500,2025-12-26
-79813,الفاروق,375,1312500,3500,2025-12-26
-79567,الفاروق,600,2100000,3500,2025-12-26
-79438,الفاروق,600,2100000,3500,2025-12-26
-79687,الفاروق,625,2187500,3500,2025-12-26
-79811,الفاروق,600,2100000,3500,2025-12-26
-79676,الفاروق,625,2187500,3500,2025-12-26
-79698,الفاروق,440,1540000,3500,2025-12-26
-79798,الفاروق,440,1540000,3500,2025-12-26
-79834,الفاروق,400,1400000,3500,2025-12-26
-79491,الفاروق,400,1400000,3500,2025-12-26
-79443,الفاروق,260,910000,3500,2025-12-26
-79762,الفاروق,260,910000,3500,2025-12-26
-79480,الفاروق,440,1540000,3500,2025-12-26
-79590,الفاروق,440,1540000,3500,2025-12-26
-79599,الفاروق,400,1400000,3500,2025-12-26
-79822,الفاروق,400,1400000,3500,2025-12-26
-79621,الفاروق,260,910000,3500,2025-12-26
-79755,الفاروق,260,910000,3500,2025-12-26
-79592,الفاروق,500,1750000,3500,2025-12-26
-79466,الفاروق,400,1400000,3500,2025-12-26
-79715,الفاروق,400,1400000,3500,2025-12-26
-79772,الفاروق,500,1750000,3500,2025-12-26
-79554,الفاروق,500,1750000,3500,2025-12-26
-79550,الفاروق,500,1750000,3500,2025-12-26
-79767,الفاروق,500,1750000,3500,2025-12-26
-79633,الفاروق,400,1400000,3500,2025-12-26
-79815,الفاروق,400,1400000,3500,2025-12-26
-79628,الفاروق,500,1750000,3500,2025-12-26
-79657,الفاروق,500,1750000,3500,2025-12-26
-79814,الفاروق,625,2187500,3500,2025-12-26
-79547,الفاروق,600,2100000,3500,2025-12-26
-79487,الفاروق,625,2187500,3500,2025-12-26
-79665,الفاروق,600,2100000,3500,2025-12-26
-79637,الفاروق,600,2100000,3500,2025-12-26
-79542,الفاروق,375,1312500,3500,2025-12-26
-79827,الفاروق,375,1312500,3500,2025-12-26
-79842,الفاروق,625,2187500,3500,2025-12-26
-79760,الفاروق,600,2100000,3500,2025-12-26
-79625,الفاروق,600,2100000,3500,2025-12-26
-79571,الفاروق,600,2100000,3500,2025-12-26
-79846,الفاروق,375,1312500,3500,2025-12-26
-79569,الفاروق,375,1312500,3500,2025-12-26
-79774,الفاروق,440,1540000,3500,2025-12-26
-79810,الفاروق,440,1540000,3500,2025-12-26
-79706,الفاروق,400,1400000,3500,2025-12-26
-79693,الفاروق,400,1400000,3500,2025-12-26
-79764,الفاروق,260,910000,3500,2025-12-26
-79612,الفاروق,260,910000,3500,2025-12-26
-79591,الفاروق,440,1540000,3500,2025-12-26
-79588,الفاروق,440,1540000,3500,2025-12-26
-79784,الفاروق,400,1400000,3500,2025-12-26
-79765,الفاروق,400,1400000,3500,2025-12-26
-79699,الفاروق,260,910000,3500,2025-12-26
-79689,الفاروق,260,910000,3500,2025-12-26
-79799,الفاروق,460,1610000,3500,2025-12-26
-79713,الفاروق,460,1610000,3500,2025-12-26
-79780,الفاروق,400,1400000,3500,2025-12-26
-79605,الفاروق,400,1400000,3500,2025-12-26
-79691,الفاروق,400,1400000,3500,2025-12-26
-79551,الفاروق,400,1400000,3500,2025-12-26
-79486,الفاروق,400,1400000,3500,2025-12-26
-79669,الفاروق,400,1400000,3500,2025-12-26
-79539,الفاروق,400,1400000,3500,2025-12-26
-79724,الفاروق,400,1400000,3500,2025-12-26
-79482,الفاروق,400,1400000,3500,2025-12-26
-79817,الفاروق,400,1400000,3500,2025-12-26
-79835,الفاروق,440,1540000,3500,2025-12-26
-79763,الفاروق,440,1540000,3500,2025-12-26
-79704,الفاروق,500,1750000,3500,2025-12-26
-79702,الفاروق,500,1750000,3500,2025-12-26
-79732,الفاروق,400,1400000,3500,2025-12-26
-79836,الفاروق,400,1400000,3500,2025-12-26
-79428,الفاروق,400,1400000,3500,2025-12-26
-79643,الفاروق,400,1400000,3500,2025-12-26
-79622,الفاروق,400,1400000,3500,2025-12-26
-79712,الفاروق,400,1400000,3500,2025-12-26
-79717,الفاروق,500,1750000,3500,2025-12-26
-79607,الفاروق,500,1750000,3500,2025-12-26
34100473,الفاروق,1627,4176480,2566,2025-12-26
34099691,الفاروق,1644,4220792,2566,2025-12-26
-79596,الفاروق,497,1742405,3500,2025-12-26
-79429,الفاروق,569,1994825,3500,2025-12-26
-79493,الفاروق,400,1400000,3500,2025-12-26
-79638,الفاروق,400,1400000,3500,2025-12-26
-79716,الفاروق,400,1400000,3500,2025-12-26
-79557,الفاروق,400,1400000,3500,2025-12-26
-79583,الفاروق,400,1400000,3500,2025-12-26
-79636,الفاروق,460,1610000,3500,2025-12-26
-79831,الفاروق,736,2579010,3500,2025-12-26
-79833,الفاروق,630,2207450,3500,2025-12-26
-79670,الفاروق,628,2200975,3500,2025-12-26
-79422,الفاروق,480,1680000,3500,2025-12-26
-79804,الفاروق,638,2234925,3500,2025-12-26
-79769,الفاروق,480,1680000,3500,2025-12-26
-79761,الفاروق,642,2247770,3500,2025-12-26
-79708,الفاروق,480,1680000,3500,2025-12-26
-79766,الفاروق,639,2239510,3500,2025-12-26
-79448,الفاروق,480,1680000,3500,2025-12-26
-79626,الفاروق,799,2798705,3500,2025-12-26
-79728,الفاروق,573,2005605,3500,2025-12-26
-79790,الفاروق,962,3367105,3500,2025-12-26
-79786,الفاروق,640,2240000,3500,2025-12-26
-79823,الفاروق,640,2240000,3500,2025-12-26
34099218,الفاروق,2640,7048266,2670,2025-12-26
34099724,جرير,12084,39290775,3251,2025-12-26
34095485,الملك فهد,400,2500000,6250,2025-12-26
34093979,المصفاة,400,780000,1950,2025-12-26
34070331,الشعلة,500,180000,360,2025-12-25
-80220,القادسية,171,1020000,5939,2025-12-25
-80109,النرجس,1363,12954200,9500,2025-12-25
-80114,النرجس,1200,11400000,9500,2025-12-25
-80262,النرجس,224,2100000,9362,2025-12-25
-80305,النرجس,88,1140000,12938,2025-12-25
-80110,النرجس,900,8550000,9500,2025-12-25
-80115,النرجس,900,8550000,9500,2025-12-25
-79938,النرجس,8,81538,9550,2025-12-25
-80107,النرجس,1200,11400000,9500,2025-12-25
-80116,النرجس,1200,11400000,9500,2025-12-25
-80106,النرجس,1200,11400000,9500,2025-12-25
-80121,النرجس,1368,12998470,9500,2025-12-25
-80030,النرجس,900,1170000,1300,2025-12-25
-80117,النرجس,900,8550000,9500,2025-12-25
-79994,النرجس,560562,4410509,8,2025-12-25
-80118,النرجس,1022,9715650,9500,2025-12-25
-80120,النرجس,900,8550000,9500,2025-12-25
-80122,النرجس,1023,9725910,9500,2025-12-25
34072941,أم الحمام الغربي,7488,20217708,2700,2025-12-25
-80021,ديراب,750,1725000,2300,2025-12-25
34069387,ديراب,780,1170000,1500,2025-12-25
-80221,السعادة,82,581500,7007,2025-12-25
34073843,عرقة,9504,29464725,3100,2025-12-25
-80076,الندوة,144,619512,4294,2025-12-25
-80010,العلا,930,400000,430,2025-12-25
-80256,السلي,2633,6847750,2600,2025-12-25
-80227,المونسية,498,3821677,7669,2025-12-25
-80048,المونسية,384,2942967,7664,2025-12-25
-80278,قرطبة,187,1690000,9020,2025-12-25
-80244,الهدا,2774,15262500,5500,2025-12-25
-80230,الهدا,2799,15400000,5500,2025-12-25
-80254,الهدا,3475,19112720,5500,2025-12-25
34079982,الضباط,400,2050000,5125,2025-12-25
-80654,الشعلة,735,260000,354,2025-12-24
34045865,الغنامية,270,330000,1222,2025-12-24
34044575,الملك فيصل,750,3400000,4533,2025-12-24
-80497,النرجس,2711,32542320,12000,2025-12-24
-80679,النرجس,905,5707737,6300,2025-12-24
-80437,النرجس,112640,259073150,2300,2025-12-24
-80677,النرجس,480,3024000,6300,2025-12-24
-80678,النرجس,575,3024000,5255,2025-12-24
-80676,النرجس,480,3024000,6300,2025-12-24
-80370,النرجس,300,1500000,5000,2025-12-24
-80357,النرجس,406,2032450,5000,2025-12-24
-80366,النرجس,705,3525350,5000,2025-12-24
-80644,النرجس,97,960000,9869,2025-12-24
-80415,النرجس,2114,25377240,12000,2025-12-24
-80393,النرجس,2056,24680520,12000,2025-12-24
-80427,النرجس,258,2746550,10646,2025-12-24
-80356,النرجس,342,1710000,5000,2025-12-24
-80378,النرجس,2121,21210900,10000,2025-12-24
-80375,النرجس,1995,19957000,10000,2025-12-24
-80372,النرجس,2008,20088300,10000,2025-12-24
-80390,النرجس,2184,21846700,10000,2025-12-24
-80391,النرجس,2185,21857400,10000,2025-12-24
-80639,البيان,166,850000,5104,2025-12-24
34045776,ديراب,625,937500,1500,2025-12-24
-80637,المونسية,600,3000000,5000,2025-12-24
-80517,المونسية,384,2939445,7655,2025-12-24
34041533,المصفاة,600,499999,833,2025-12-24
-80425,المصفاة,599,950000,1584,2025-12-24
34012147,السويدي,500,1000000,2000,2025-12-24
34019061,السويدي,400,800000,2000,2025-12-24
-80813,النسيم الشرقي,82,465000,5604,2025-12-23
-80960,النرجس,3722,40942110,11000,2025-12-23
-80965,النرجس,3500,38500000,11000,2025-12-23
-80975,النرجس,3499,38499890,11000,2025-12-23
-80899,النرجس,4799,45591545,9500,2025-12-23
-80963,النرجس,3499,38499890,11000,2025-12-23
-80958,النرجس,930,10230000,11000,2025-12-23
-80959,النرجس,960,10560000,11000,2025-12-23
-80956,النرجس,418,4608230,11000,2025-12-23
-80973,النرجس,420,4620000,11000,2025-12-23
-80970,النرجس,421,4631770,11000,2025-12-23
-80968,النرجس,500,5500000,11000,2025-12-23
-80974,النرجس,500,5500000,11000,2025-12-23
-80972,النرجس,500,5500110,11000,2025-12-23
-80966,النرجس,500,5500000,11000,2025-12-23
-80961,النرجس,500,5500000,11000,2025-12-23
-80964,النرجس,500,5500110,11000,2025-12-23
-80967,النرجس,450,4950000,11000,2025-12-23
-80957,النرجس,450,4950000,11000,2025-12-23
-80962,النرجس,741,8156500,11000,2025-12-23
-80971,النرجس,3706,40769520,11000,2025-12-23
-80862,البيان,241,950000,3927,2025-12-23
34026808,المعذر,150,2400000,16000,2025-12-23
-80926,العزيزية,225,814800,3617,2025-12-23
34027342,ديراب,800,1200000,1500,2025-12-23
34025493,ديراب,960,1440000,1500,2025-12-23
34025867,ديراب,930,1395000,1500,2025-12-23
34026361,ديراب,930,1395000,1500,2025-12-23
34026708,ديراب,960,1440000,1500,2025-12-23
34018464,السعادة,500,1000000,2000,2025-12-23
-80903,الوادي,147,1536000,10433,2025-12-23
34015992,المونسية,500,1050000,2100,2025-12-23
34017083,الضباط,400,3200000,8000,2025-12-23
34029660,هيت,21000,2100000,100,2025-12-23
-81417,الياسمين,217,2385000,10954,2025-12-22
-81096,الدار البيضاء,136,500000,3666,2025-12-22
33992007,اليمامة,350,665000,1900,2025-12-22
-81467,الشعلة,630,245000,389,2025-12-22
-81416,الغنامية,391,100000,255,2025-12-22
-81097,النرجس,2800,30800000,11000,2025-12-22
-81199,النرجس,2784,30628125,11000,2025-12-22
-81117,النرجس,530,3339000,6300,2025-12-22
-81177,النرجس,530,3339000,6300,2025-12-22
-81103,النرجس,530,3339000,6300,2025-12-22
-81105,النرجس,530,3339000,6300,2025-12-22
-81170,النرجس,530,3339000,6300,2025-12-22
-81108,النرجس,636,4010895,6300,2025-12-22
-81146,النرجس,636,4010895,6300,2025-12-22
-81180,النرجس,636,4010895,6300,2025-12-22
-81119,النرجس,636,4010895,6300,2025-12-22
-81120,النرجس,530,3339000,6300,2025-12-22
-81162,النرجس,530,3339000,6300,2025-12-22
-81176,النرجس,530,3339000,6300,2025-12-22
-81150,النرجس,530,3339000,6300,2025-12-22
-81155,النرجس,530,3339000,6300,2025-12-22
-81154,النرجس,530,3339000,6300,2025-12-22
-81127,النرجس,625,3939075,6300,2025-12-22
-81294,النرجس,2455,26486307,10786,2025-12-22
-81144,النرجس,631,3978261,6300,2025-12-22
-81161,النرجس,614,3869586,6300,2025-12-22
-81141,النرجس,452,2850435,6300,2025-12-22
-81179,النرجس,452,2850309,6300,2025-12-22
-81159,النرجس,662,4173183,6300,2025-12-22
-81163,النرجس,931,5866371,6300,2025-12-22
-81107,النرجس,983,6193026,6300,2025-12-22
-81165,النرجس,905,5703516,6300,2025-12-22
-81109,النرجس,849,5354811,6300,2025-12-22
-81242,النرجس,15461,208725255,13500,2025-12-22
-81111,النرجس,717,4523337,6300,2025-12-22
-81182,النرجس,475,2995020,6300,2025-12-22
-81121,النرجس,475,2995083,6300,2025-12-22
-81129,النرجس,480,3024000,6300,2025-12-22
-81135,النرجس,480,3024000,6300,2025-12-22
-81138,النرجس,480,3024000,6300,2025-12-22
-81143,النرجس,480,3024000,6300,2025-12-22
-81148,النرجس,480,3024000,6300,2025-12-22
-81375,النرجس,480,3024000,6300,2025-12-22
-81110,النرجس,2456,26498927,10786,2025-12-22
-81384,النرجس,480,3024000,6300,2025-12-22
-81348,النرجس,480,3024000,6300,2025-12-22
-81339,النرجس,492,3099600,6300,2025-12-22
-81379,النرجس,492,3099600,6300,2025-12-22
-81354,النرجس,492,3099600,6300,2025-12-22
-81272,النرجس,492,3099600,6300,2025-12-22
-81320,النرجس,480,3024000,6300,2025-12-22
-81319,النرجس,480,3024000,6300,2025-12-22
-81342,النرجس,480,3024000,6300,2025-12-22
-81333,النرجس,480,3024000,6300,2025-12-22
-81329,النرجس,480,3024000,6300,2025-12-22
-81330,النرجس,480,3024000,6300,2025-12-22
-81352,النرجس,480,3024000,6300,2025-12-22
-81347,النرجس,480,3024000,6300,2025-12-22
-81366,النرجس,475,2995335,6300,2025-12-22
-81324,النرجس,475,2995335,6300,2025-12-22
-81266,النرجس,534,3367980,6300,2025-12-22
-81156,النرجس,2468,25304549,10252,2025-12-22
-81332,النرجس,534,3367980,6300,2025-12-22
-81345,النرجس,486,3061800,6300,2025-12-22
-81313,النرجس,486,3061800,6300,2025-12-22
-81304,النرجس,486,3061800,6300,2025-12-22
-81300,النرجس,486,3061800,6300,2025-12-22
-81309,النرجس,486,3061800,6300,2025-12-22
-81258,النرجس,486,3061800,6300,2025-12-22
-81315,النرجس,486,3061800,6300,2025-12-22
-81262,النرجس,479,3022425,6300,2025-12-22
-81349,النرجس,534,3367980,6300,2025-12-22
-81175,النرجس,1439,14757732,10252,2025-12-22
-81259,النرجس,528,3328605,6300,2025-12-22
-81124,النرجس,480,3024000,6300,2025-12-22
-81310,النرجس,651,4105080,6300,2025-12-22
-81115,النرجس,1205,12359213,10252,2025-12-22
-81327,النرجس,1158,11877767,10252,2025-12-22
-81337,النرجس,1150,11795953,10252,2025-12-22
-81306,النرجس,480,3024000,6300,2025-12-22
-81374,النرجس,1429,14653774,10252,2025-12-22
-81308,النرجس,460,2898000,6300,2025-12-22
-81314,النرجس,460,2898000,6300,2025-12-22
-81380,النرجس,460,2898000,6300,2025-12-22
-81316,النرجس,460,2898000,6300,2025-12-22
-81343,النرجس,460,2898000,6300,2025-12-22
-81299,النرجس,460,2898000,6300,2025-12-22
-81331,النرجس,460,2898000,6300,2025-12-22
-81295,النرجس,471,2970450,6300,2025-12-22
-81326,النرجس,471,2970450,6300,2025-12-22
-81377,النرجس,471,2970450,6300,2025-12-22
-81364,النرجس,471,2970450,6300,2025-12-22
-81317,النرجس,460,2898000,6300,2025-12-22
-81311,النرجس,460,2898000,6300,2025-12-22
-81334,النرجس,460,2898000,6300,2025-12-22
-81323,النرجس,460,2898000,6300,2025-12-22
-81360,النرجس,460,2898000,6300,2025-12-22
-81371,النرجس,460,2898000,6300,2025-12-22
-81335,النرجس,651,4105080,6300,2025-12-22
-81353,النرجس,460,2898000,6300,2025-12-22
-81356,النرجس,460,2898000,6300,2025-12-22
-81363,النرجس,460,2898000,6300,2025-12-22
-81305,النرجس,455,2869335,6300,2025-12-22
-81358,النرجس,455,2869335,6300,2025-12-22
-81341,النرجس,603,3798900,6300,2025-12-22
-81357,النرجس,599,3776850,6300,2025-12-22
-81361,النرجس,486,3061800,6300,2025-12-22
-81362,النرجس,486,3061800,6300,2025-12-22
-81382,النرجس,486,3061800,6300,2025-12-22
-81383,النرجس,486,3061800,6300,2025-12-22
-81351,النرجس,486,3061800,6300,2025-12-22
-81355,النرجس,486,3061800,6300,2025-12-22
-81365,النرجس,643,4054680,6300,2025-12-22
-81372,النرجس,547,3410127,6228,2025-12-22
-81376,النرجس,541,3410127,6300,2025-12-22
-81373,النرجس,460,2898000,6300,2025-12-22
-81338,النرجس,460,2898000,6300,2025-12-22
-81346,النرجس,453,2858625,6300,2025-12-22
-81325,النرجس,460,2898000,6300,2025-12-22
-81153,النرجس,460,2898000,6300,2025-12-22
-81142,النرجس,460,2898000,6300,2025-12-22
-81172,النرجس,460,2898000,6300,2025-12-22
-81166,النرجس,460,2898000,6300,2025-12-22
-81126,النرجس,550,3470733,6300,2025-12-22
-81322,النرجس,550,3470733,6300,2025-12-22
-81122,النرجس,550,3470733,6300,2025-12-22
-81174,النرجس,550,3470733,6300,2025-12-22
-81168,النرجس,460,2898000,6300,2025-12-22
-81169,النرجس,460,2898000,6300,2025-12-22
-81167,النرجس,460,2898000,6300,2025-12-22
-81139,النرجس,460,2898000,6300,2025-12-22
-81131,النرجس,460,2898000,6300,2025-12-22
-81181,النرجس,460,2898000,6300,2025-12-22
-81132,النرجس,460,2898000,6300,2025-12-22
-81118,النرجس,453,2858625,6300,2025-12-22
-81104,النرجس,588,3710322,6300,2025-12-22
-81158,النرجس,583,3673404,6300,2025-12-22
-81444,النرجس,423,3260000,7705,2025-12-22
-81328,النرجس,480,3024000,6300,2025-12-22
-81271,النرجس,5321,150019673,28189,2025-12-22
-81113,النرجس,530,3339000,6300,2025-12-22
-81114,النرجس,530,3339000,6300,2025-12-22
-81116,النرجس,530,3339000,6300,2025-12-22
-81321,النرجس,684,4312476,6300,2025-12-22
-81350,النرجس,536,3380706,6300,2025-12-22
-81269,النرجس,587,3698163,6300,2025-12-22
-81381,النرجس,767,4836384,6300,2025-12-22
-81261,النرجس,858,5410944,6300,2025-12-22
-81273,النرجس,703,4429971,6300,2025-12-22
-81270,النرجس,834,5254830,6300,2025-12-22
-81307,النرجس,702,4428522,6300,2025-12-22
-81318,النرجس,833,5252058,6300,2025-12-22
-81312,النرجس,660,4159386,6300,2025-12-22
-81265,النرجس,802,5056065,6300,2025-12-22
-81260,النرجس,688,4338936,6300,2025-12-22
-81301,النرجس,836,5266989,6300,2025-12-22
-81296,النرجس,658,4145652,6300,2025-12-22
-81268,النرجس,773,4873365,6300,2025-12-22
-81302,النرجس,599,3778299,6300,2025-12-22
-81123,النرجس,704,4441437,6300,2025-12-22
-81130,النرجس,574,3619665,6300,2025-12-22
-81297,النرجس,2451,26436476,10786,2025-12-22
-81125,النرجس,649,4094244,6300,2025-12-22
-81106,النرجس,1048,6606684,6300,2025-12-22
-81157,النرجس,657,4142439,6300,2025-12-22
-81134,النرجس,713,4494735,6300,2025-12-22
-81171,النرجس,486,3061800,6300,2025-12-22
-81136,النرجس,515,3249855,6300,2025-12-22
-81133,النرجس,719,4530078,6300,2025-12-22
-81140,النرجس,486,3061800,6300,2025-12-22
-81112,النرجس,488,3078621,6300,2025-12-22
-81152,النرجس,486,3061800,6300,2025-12-22
-81160,النرجس,486,3061800,6300,2025-12-22
-81137,النرجس,486,3061800,6300,2025-12-22
-81145,النرجس,486,3061800,6300,2025-12-22
-81149,النرجس,486,3061800,6300,2025-12-22
-81344,النرجس,486,3061800,6300,2025-12-22
-81370,النرجس,486,3061800,6300,2025-12-22
-81340,النرجس,486,3061800,6300,2025-12-22
-81359,النرجس,631,3978702,6300,2025-12-22
-81367,النرجس,631,3978702,6300,2025-12-22
-81368,النرجس,530,3339000,6300,2025-12-22
-81336,النرجس,480,3024000,6300,2025-12-22
-81369,النرجس,480,3024000,6300,2025-12-22
-81221,النرجس,2939,32338680,11000,2025-12-22
-81101,النرجس,2800,30800000,11000,2025-12-22
-81092,النرجس,2800,30800000,11000,2025-12-22
-81091,النرجس,3431,37745180,11000,2025-12-22
-81093,النرجس,2800,30800000,11000,2025-12-22
34003200,العزيزية,662,1000000,1509,2025-12-22
34003358,العزيزية,500,1000000,2000,2025-12-22
34001516,ديراب,990,1009800,1020,2025-12-22
34001673,ديراب,840,856800,1020,2025-12-22
34001109,ديراب,875,892500,1020,2025-12-22
34001237,ديراب,875,892500,1020,2025-12-22
33994115,العريجاء الأوسط,400,1100000,2750,2025-12-22
33998593,اليرموك,1120,7000000,6250,2025-12-22
-81032,المصفاة,595,700000,1176,2025-12-22
33996743,المصفاة,400,700000,1750,2025-12-22
-81448,النهضة,336,3100000,9226,2025-12-22
33975101,اليمامة,351,600000,1709,2025-12-21
-81612,الشعلة,812,330000,406,2025-12-21
33969159,غرناطة,650,3900000,6000,2025-12-21
33978936,القادسية,1095,2400000,2191,2025-12-21
33979410,القادسية,1014,2300000,2268,2025-12-21
33978997,القادسية,750,2000000,2667,2025-12-21
-81754,النرجس,50107,708890585,14147,2025-12-21
-81797,النرجس,565,3561327,6300,2025-12-21
-81757,النرجس,571,3600702,6300,2025-12-21
-81776,النرجس,473,2984625,6300,2025-12-21
-81781,النرجس,480,3024000,6300,2025-12-21
-81766,النرجس,480,3024000,6300,2025-12-21
-81771,النرجس,480,3024000,6300,2025-12-21
-81755,النرجس,480,3024000,6300,2025-12-21
-81793,النرجس,480,3024000,6300,2025-12-21
-81809,النرجس,480,3024000,6300,2025-12-21
-81773,النرجس,575,3625083,6300,2025-12-21
-81798,النرجس,575,3625020,6300,2025-12-21
-81760,النرجس,575,3625020,6300,2025-12-21
-81818,النرجس,480,3024000,6300,2025-12-21
-81791,النرجس,480,3024000,6300,2025-12-21
-81808,النرجس,480,3024000,6300,2025-12-21
-81801,النرجس,480,3024000,6300,2025-12-21
-81807,النرجس,480,3024000,6300,2025-12-21
-81769,النرجس,480,3024000,6300,2025-12-21
-81779,النرجس,480,3024000,6300,2025-12-21
-81772,النرجس,480,3024000,6300,2025-12-21
-81777,النرجس,571,3600450,6300,2025-12-21
-81789,النرجس,571,3600450,6300,2025-12-21
-81713,النرجس,538,3391605,6300,2025-12-21
-81799,النرجس,531,3345552,6300,2025-12-21
-81783,النرجس,480,3024000,6300,2025-12-21
-81812,النرجس,473,2984625,6300,2025-12-21
-81790,النرجس,480,3024000,6300,2025-12-21
-81820,النرجس,480,3024000,6300,2025-12-21
-81823,النرجس,480,3024000,6300,2025-12-21
-81825,النرجس,480,3024000,6300,2025-12-21
-81664,النرجس,1107,10524955,9500,2025-12-21
-81794,النرجس,480,3024000,6300,2025-12-21
-81792,النرجس,480,3024000,6300,2025-12-21
-81827,النرجس,480,3024000,6300,2025-12-21
-81796,النرجس,480,3024000,6300,2025-12-21
-81710,النرجس,480,3024000,6300,2025-12-21
-81761,النرجس,480,3024000,6300,2025-12-21
-81800,النرجس,492,3099600,6300,2025-12-21
-81711,النرجس,492,3099600,6300,2025-12-21
-81770,النرجس,480,3024000,6300,2025-12-21
-81805,النرجس,480,3024000,6300,2025-12-21
-81778,النرجس,480,3024000,6300,2025-12-21
-81767,النرجس,480,3024000,6300,2025-12-21
-81782,النرجس,480,3024000,6300,2025-12-21
-81768,النرجس,480,3024000,6300,2025-12-21
-81804,النرجس,480,3024000,6300,2025-12-21
-81810,النرجس,480,3024000,6300,2025-12-21
-81763,النرجس,480,3024000,6300,2025-12-21
-81762,النرجس,475,2995335,6300,2025-12-21
-81803,النرجس,475,2995335,6300,2025-12-21
-81775,النرجس,481,3033450,6300,2025-12-21
-81813,النرجس,481,3033450,6300,2025-12-21
-81815,النرجس,405,2551500,6300,2025-12-21
-81785,النرجس,405,2551500,6300,2025-12-21
-81819,النرجس,405,2551500,6300,2025-12-21
-81811,النرجس,480,3024000,6300,2025-12-21
-81780,النرجس,480,3024000,6300,2025-12-21
-81814,النرجس,480,3024000,6300,2025-12-21
-81784,النرجس,575,3625020,6300,2025-12-21
-81816,النرجس,575,3625020,6300,2025-12-21
-81788,النرجس,575,3625083,6300,2025-12-21
-81829,النرجس,575,3625020,6300,2025-12-21
-81683,النرجس,600,3780000,6300,2025-12-21
-81824,النرجس,540,3402000,6300,2025-12-21
-81822,النرجس,540,3402000,6300,2025-12-21
-81817,النرجس,540,3402000,6300,2025-12-21
-81765,النرجس,540,3402000,6300,2025-12-21
-81802,النرجس,540,3402000,6300,2025-12-21
-81786,النرجس,540,3402000,6300,2025-12-21
-81764,النرجس,502,3164805,6300,2025-12-21
-81678,النرجس,560562,7438068,13,2025-12-21
-81795,النرجس,638,4025322,6300,2025-12-21
33970073,النرجس,700,1000,1,2025-12-21
-81759,النرجس,522,3291813,6300,2025-12-21
-81787,النرجس,614,3869397,6300,2025-12-21
-81831,النرجس,104,1000000,9525,2025-12-21
-81701,البيان,174,900000,5168,2025-12-21
-81700,البيان,207,1000000,4823,2025-12-21
-81698,البيان,69,400000,5726,2025-12-21
-81642,جرير,1820,7280000,4000,2025-12-21
-81655,العزيزية,775,2000000,2581,2025-12-21
-81541,السعادة,103,480000,4651,2025-12-21
33970160,عرقة,420,715000,1699,2025-12-21
-81677,الندوة,148,775000,5225,2025-12-21
-81691,الندوة,189,672920,3550,2025-12-21
-81657,الزاهر,864,370000,428,2025-12-21
-81681,الزاهر,900,490000,544,2025-12-21
-81679,الملك فهد,720,3220000,4472,2025-12-21
33978819,القدس,500,6200000,12400,2025-12-21
-81669,قرطبة,220,1700000,7707,2025-12-21
-81916,النرجس,643,4054680,6300,2025-12-20
-81922,النرجس,405,2551500,6300,2025-12-20
-81914,النرجس,565,3561327,6300,2025-12-20
-81921,النرجس,480,3024000,6300,2025-12-20
-81923,النرجس,480,3024000,6300,2025-12-20
-81924,النرجس,480,3024000,6300,2025-12-20
-81919,النرجس,480,3024000,6300,2025-12-20
-81920,النرجس,480,3024000,6300,2025-12-20
-81915,النرجس,480,3024000,6300,2025-12-20
-81929,النرجس,558,3521196,6300,2025-12-20
-81928,النرجس,540,3402000,6300,2025-12-20
-81925,النرجس,540,3402000,6300,2025-12-20
-81911,النرجس,540,3402000,6300,2025-12-20
-81913,النرجس,480,3024000,6300,2025-12-20
-81930,النرجس,571,3599316,6300,2025-12-20
-81927,النرجس,671,4231521,6300,2025-12-20
-81912,النرجس,582,3668175,6300,2025-12-20
-81907,الزاهر,840,300000,357,2025-12-20
-81974,النرجس,571,3600702,6300,2025-12-19
-81975,النرجس,480,3024000,6300,2025-12-19
-81950,النرجس,625,3939768,6300,2025-12-19
-81951,النرجس,624,3933027,6300,2025-12-19
-81947,النرجس,497,3137022,6300,2025-12-19
-81948,النرجس,498,3139479,6300,2025-12-19
-81949,النرجس,460,2898000,6300,2025-12-19
-81952,النرجس,576,3628800,6300,2025-12-19
-81977,النرجس,622,3923010,6300,2025-12-19
-81946,النرجس,659,4157118,6300,2025-12-19
-81943,النرجس,858,5407920,6300,2025-12-19
-81942,النرجس,600,3780000,6300,2025-12-19
-81941,النرجس,600,3780000,6300,2025-12-19
-81939,النرجس,891,5617962,6300,2025-12-19
-81945,النرجس,571,3599946,6300,2025-12-19
-81978,النرجس,671,4232151,6300,2025-12-19
-81979,النرجس,547,3449376,6300,2025-12-19
-81953,النرجس,670,4221630,6300,2025-12-19
-81976,النرجس,547,3449061,6300,2025-12-19
-81940,النرجس,670,4221378,6300,2025-12-19
-81980,الزاهر,990,700000,707,2025-12-19
33922100,الياسمين,330,1450000,4394,2025-12-18
33918709,الياسمين,308,1451000,4711,2025-12-18
-82043,الياسمين,750,8900000,11867,2025-12-18
-81998,الغنامية,160,150000,938,2025-12-18
-82066,النرجس,454,4500000,9911,2025-12-18
-82041,النرجس,640,4032000,6300,2025-12-18
-82040,النرجس,907,5720148,6300,2025-12-18
-82157,النرجس,77,880000,11392,2025-12-18
-82099,الوادي,127,1320000,10358,2025-12-18
33922169,المصفاة,400,700000,1750,2025-12-18
-82203,المصفاة,750,1500000,2000,2025-12-18
-82096,النهضة,750,3000000,4000,2025-12-18
33920757,ظهرة البديعة,525,1200000,2286,2025-12-18
33901801,الياسمين,339,1696350,5000,2025-12-17
33902265,الياسمين,309,1546700,5000,2025-12-17
33900434,الياسمين,868,2605740,3000,2025-12-17
-82345,إشبيلية,251,1415000,5619,2025-12-17
-82273,النرجس,88,1290000,14588,2025-12-17
-82378,النرجس,58,850000,14605,2025-12-17
-82277,النرجس,188,1400000,7408,2025-12-17
-82390,ديراب,168,431600,2557,2025-12-17
-82348,ديراب,102,466000,4539,2025-12-17
-82309,الندوة,179,720000,4010,2025-12-17
-82218,العلا,750,260000,347,2025-12-17
-82418,العلا,784,300000,383,2025-12-17
-82447,العلا,750,262000,349,2025-12-17
-82351,العلا,765,300000,392,2025-12-17
-82334,الوسام,408,857136,2100,2025-12-17
-82321,سدرة,300,2500000,8333,2025-12-17
33907800,سدرة,400,3050000,7625,2025-12-17
33865092,الغنامية,385,700000,1818,2025-12-16
-82479,النرجس,118,1150000,9713,2025-12-16
-82532,النرجس,214,1657500,7738,2025-12-16
-82516,النرجس,92,1462500,15819,2025-12-16
33867851,النور,5950,10412500,1750,2025-12-16
-82456,ديراب,91,460000,5051,2025-12-16
-82665,العلا,973,300000,308,2025-12-16
-82465,العلا,765,250000,327,2025-12-16
-82476,العريجاء الغربي,360,1760000,4889,2025-12-16
-82558,الوسام,623,967078,1550,2025-12-16
33850575,الياسمين,784,1890000,2411,2025-12-15
33854712,إشبيلية,300,862125,2874,2025-12-15
33859430,اليمامة,351,450000,1282,2025-12-15
33836043,المربع,522,1776840,3400,2025-12-15
33836122,المربع,680,2313020,3400,2025-12-15
-82727,القادسية,260,910000,3489,2025-12-15
-82791,القادسية,2000,6600000,3300,2025-12-15
-82693,القادسية,142,800000,5629,2025-12-15
33851187,الصحافة,312,5650000,18072,2025-12-15
33859411,ديراب,625,1000000,1600,2025-12-15
33859419,ديراب,625,1000000,1600,2025-12-15
-82862,النخيل,940,10829727,11521,2025-12-15
33852285,المصيف,362,2500000,6901,2025-12-15
-82740,المصفاة,2400,6500000,2708,2025-12-15
-82790,أحد,500,700000,1400,2025-12-15
-82795,قرطبة,148,1195000,8022,2025-12-15
33832505,النسيم الشرقي,360,1000000,2778,2025-12-14
-82942,الخزامى,3750,28875000,7700,2025-12-14
-82916,البيان,390,1170000,3000,2025-12-14
-82889,البيان,875,1925000,2200,2025-12-14
-82882,المعيزيلة,68,515000,7493,2025-12-14
33836733,ديراب,306,400000,1307,2025-12-14
-82987,المنار,625,2906250,4650,2025-12-14
-82932,الزاهر,990,569000,575,2025-12-14
-82920,الزاهر,763,600000,786,2025-12-14
33763138,الملك سلمان,870,2310000,2655,2025-12-14
-82923,المصفاة,595,650000,1092,2025-12-14
-82897,السحاب,300,600000,2000,2025-12-14
-82893,السحاب,463,926360,2000,2025-12-14
33834865,الهدا,2644,24060400,9100,2025-12-14
-83081,القادسية,123,798700,6459,2025-12-13
-83044,السعادة,92,445000,4831,2025-12-13
-83249,إشبيلية,251,1350000,5361,2025-12-11
33797072,الغنامية,640,384000,600,2025-12-11
-83396,القادسية,159,1100000,6897,2025-12-11
-83209,البيان,127,300000,2348,2025-12-11
-83207,البيان,247,300000,1213,2025-12-11
-83208,البيان,297,1000000,3361,2025-12-11
33787481,البيان,437,1312500,3000,2025-12-11
-83179,الفاروق,375,1300000,3467,2025-12-11
-83343,الملقا,1086,10000000,9201,2025-12-11
-83222,الزاهر,900,365000,406,2025-12-11
-83256,الزاهر,840,460000,548,2025-12-11
-83163,العلا,1020,330000,323,2025-12-11
-83351,العلا,900,300000,333,2025-12-11
-83247,المصفاة,592,1450000,2446,2025-12-11
-83270,السحاب,300,525000,1750,2025-12-11
33791547,ظهرة البديعة,525,1100000,2095,2025-12-11
33797948,الوسام,300,510000,1700,2025-12-11
-83364,الوسام,368,571206,1550,2025-12-11
-83375,الوسام,300,465000,1550,2025-12-11
-83363,الوسام,300,465000,1550,2025-12-11
-83358,الوسام,300,465000,1550,2025-12-11
-83362,الوسام,300,465000,1550,2025-12-11
-83365,الوسام,300,465000,1550,2025-12-11
-83361,الوسام,300,465000,1550,2025-12-11
-83214,الوسام,300,660000,2200,2025-12-11
-83367,الوسام,300,465000,1550,2025-12-11
-83411,الشعلة,750,230000,307,2025-12-10
33748672,الرائد,8250,87333151,10586,2025-12-10
33773233,ديراب,700,1190000,1700,2025-12-10
33777930,الدريهمية,1008,1600000,1587,2025-12-10
33777902,السعادة,750,1500000,2000,2025-12-10
33777958,السعادة,750,1500000,2000,2025-12-10
33772781,الفيحاء,700,2940000,4200,2025-12-10
33769017,الندوة,372,1300000,3494,2025-12-10
33773897,المصفاة,671,800000,1191,2025-12-10
-83409,المصفاة,1600,200000,125,2025-12-10
33760435,السويدي,600,2000000,3333,2025-12-10
33746403,العمل,285,2500000,8767,2025-12-09
-83585,النرجس,8,81538,9550,2025-12-09
-83439,النرجس,161,1264000,7844,2025-12-09
-83642,الزاهر,900,425000,472,2025-12-09
-83627,الزاهر,900,760000,844,2025-12-09
-83550,الوادي,145,1400000,9631,2025-12-09
-83488,العريجاء الأوسط,289,1000000,3454,2025-12-09
-83525,المصفاة,599,580000,967,2025-12-09
33749715,المصفاة,750,1180000,1573,2025-12-09
-83451,الوسام,300,547500,1825,2025-12-09
-83452,الوسام,300,555000,1850,2025-12-09
-83454,الوسام,300,555000,1850,2025-12-09
33715262,إشبيلية,300,26547,88,2025-12-08
33708204,اليمامة,201,431133,2135,2025-12-08
-83865,الشعلة,750,255000,340,2025-12-08
-83805,النرجس,156,1400000,8930,2025-12-08
33717634,النسيم الغربي,400,760000,1900,2025-12-08
-83757,الندوة,432,1382400,3200,2025-12-08
-83822,الزاهر,846,475000,561,2025-12-08
-83820,الزاهر,846,475000,561,2025-12-08
-83815,الزاهر,840,400000,476,2025-12-08
-83764,الوادي,141,1400000,9874,2025-12-08
-83687,المصفاة,724,1200000,1656,2025-12-08
-83735,المصفاة,599,500000,833,2025-12-08
33723365,الوسام,367,770910,2100,2025-12-08
-83700,الوسام,369,776160,2100,2025-12-08
-83830,سدرة,550,6009000,10924,2025-12-08
33687262,اليمامة,200,440000,2192,2025-12-07
33692188,الشعلة,763,200000,262,2025-12-07
-83986,الشعلة,780,280000,359,2025-12-07
33694710,النرجس,696,1500000,2155,2025-12-07
-84012,النرجس,12,134231,10694,2025-12-07
-84025,النرجس,60,940000,15667,2025-12-07
-83929,النرجس,115,950000,8258,2025-12-07
33688258,النرجس,720,5472000,7600,2025-12-07
-84048,البيان,84,550000,6514,2025-12-07
33699332,البيان,1069,1979389,1850,2025-12-07
-84089,الندوة,276,772800,2800,2025-12-07
-84104,الزاهر,900,470000,522,2025-12-07
-83926,العلا,750,280000,373,2025-12-07
-83984,العلا,750,330000,440,2025-12-07
-84003,العلا,750,285000,380,2025-12-07
-83900,العوالي,1337,6050000,4523,2025-12-07
-84059,السلي,1417,3685500,2600,2025-12-07
-84064,السلي,1412,3672500,2600,2025-12-07
-84041,السلي,1217,4626500,3800,2025-12-07
-83909,القدس,168,1280000,7604,2025-12-07
-83875,المصفاة,595,750000,1260,2025-12-07
33692183,الزهراء,250,1000000,4000,2025-12-07
-84143,المصفاة,599,1450000,2418,2025-12-06
33671491,البيان,720,1584000,2200,2025-12-05
33660998,شبرا,500,1500000,3000,2025-12-04
-84231,القادسية,113,650000,5708,2025-12-04
33646055,الفاروق,300,1200000,4000,2025-12-04
33652222,المعيزيلة,438,1389848,3172,2025-12-04
33662552,المدينة الصناعية الجديدة,2500,3000000,1200,2025-12-04
-84197,الزاهر,870,560000,644,2025-12-04
-84219,اليرموك,759,6072000,8000,2025-12-04
-84217,اليرموك,726,5808000,8000,2025-12-04
-84279,الحائر,395,250000,633,2025-12-04
33654425,المصفاة,671,700000,1042,2025-12-04
33654196,المصفاة,671,700000,1042,2025-12-04
-84286,المصفاة,1600,2400000,1500,2025-12-04
-84216,السحاب,300,570000,1900,2025-12-04
-84483,القادسية,200,950000,4739,2025-12-03
-84580,النرجس,253,1890000,7444,2025-12-03
-84389,البيان,99,500000,5028,2025-12-03
33632111,العزيزية,375,800000,2133,2025-12-03
-84497,الزاهر,450,350000,778,2025-12-03
-84496,الزاهر,900,510000,567,2025-12-03
-84481,العلا,810,300000,370,2025-12-03
-84554,العريجاء الأوسط,400,800000,2000,2025-12-03
33637113,المصفاة,599,500000,833,2025-12-03
-84443,المصفاة,599,500000,833,2025-12-03
-84444,المصفاة,599,500000,833,2025-12-03
-84445,المصفاة,599,500000,833,2025-12-03
-84595,السحاب,300,630000,2100,2025-12-03
-84791,النسيم الشرقي,787,1732500,2200,2025-12-02
-84787,النسيم الشرقي,787,1732500,2200,2025-12-02
-84736,النرجس,435,5450000,12514,2025-12-02
-84688,النرجس,85,995000,11657,2025-12-02
-84684,النرجس,359,3650000,10161,2025-12-02
33604439,النور,800,1500000,1875,2025-12-02
-84727,البيان,213,1030000,4828,2025-12-02
-84704,العزيزية,442,700000,1582,2025-12-02
-84677,الزاهر,940,510000,542,2025-12-02
33607049,العلا,900,240000,267,2025-12-02
-84723,التعاون,560,5208000,9300,2025-12-02
-84722,التعاون,540,5022000,9300,2025-12-02
-84726,التعاون,644,5989200,9300,2025-12-02
-84732,التعاون,621,5775300,9300,2025-12-02
33617254,اليرموك,62550,150000000,2398,2025-12-02
33606287,اليرموك,62550,150000000,2398,2025-12-02
33148302,المصفاة,8800,14080000,1600,2025-12-02
33608915,قرطبة,275,85000,309,2025-12-02
33589479,شبرا,420,1100000,2619,2025-12-01
33590566,الشعلة,745,260000,349,2025-12-01
-85021,القادسية,140,895000,6380,2025-12-01
-84949,النرجس,116,1000000,8593,2025-12-01
-84935,النرجس,560562,8236713,15,2025-12-01
33584452,مطار الملك خالد الدولي,250,728980,2916,2025-12-01
33583381,مطار الملك خالد الدولي,302,672870,2224,2025-12-01
33581652,مطار الملك خالد الدولي,250,714987,2860,2025-12-01
33581860,مطار الملك خالد الدولي,253,646290,2553,2025-12-01
33581792,مطار الملك خالد الدولي,285,664886,2333,2025-12-01
33582360,مطار الملك خالد الدولي,195,658355,3376,2025-12-01
33584492,مطار الملك خالد الدولي,260,742603,2856,2025-12-01
33583023,مطار الملك خالد الدولي,250,645200,2581,2025-12-01
33581719,مطار الملك خالد الدولي,317,683696,2153,2025-12-01
33588368,الفاروق,1603,4008850,2500,2025-12-01
33587908,الفاروق,1605,4014500,2500,2025-12-01
33581518,الفاروق,1484,3711375,2500,2025-12-01
-84889,ديراب,625,1300000,2080,2025-12-01
-84906,العلا,960,400000,417,2025-12-01
-84986,قرطبة,151,1650000,10921,2025-12-01
-84870,قرطبة,213,1490000,6993,2025-12-01
33563843,الشعلة,759,200000,264,2025-11-30
-85098,الشعلة,750,240000,320,2025-11-30
33532961,الشعلة,750,280000,373,2025-11-30
-85100,الغنامية,376,489333,1300,2025-11-30
33570262,القادسية,1500,6000000,4000,2025-11-30
-85202,النسيم الشرقي,79,405000,5083,2025-11-30
-85186,النرجس,560562,8236713,15,2025-11-30
-85037,النرجس,159,1150000,7210,2025-11-30
-85127,النرجس,450,1710000,3800,2025-11-30
-85116,النرجس,142,900000,6316,2025-11-30
33570995,البيان,900,1890000,2100,2025-11-30
33570741,ديراب,288,350000,1215,2025-11-30
33572246,الفيحاء,1585,5292730,3337,2025-11-30
-85039,الزاهر,864,570000,660,2025-11-30
-85126,الزاهر,900,400000,444,2025-11-30
-85047,الزاهر,900,450000,500,2025-11-30
-85134,العلا,990,500000,505,2025-11-30
-85136,العلا,990,500000,505,2025-11-30
33568772,المصفاة,671,720000,1072,2025-11-30
33568950,المصفاة,671,600000,893,2025-11-30
33568637,العريجاء الغربي,750,839881,1120,2025-11-30
-85228,النرجس,165,1258500,7612,2025-11-29
-85270,العلا,768,310000,404,2025-11-28
33531314,الغنامية,270,400000,1481,2025-11-27
33527622,القادسية,2100,6300000,3000,2025-11-27
-85341,النسيم الشرقي,1250,3751800,3000,2025-11-27
-85435,النرجس,378,2750000,7273,2025-11-27
-85355,النرجس,15,126538,8263,2025-11-27
-85431,النرجس,13,115385,8817,2025-11-27
-85403,الفاروق,400,1560000,3900,2025-11-27
-85388,الزاهر,900,450000,500,2025-11-27
-85333,العلا,750,350000,467,2025-11-27
-85311,العلا,3397,1100000,324,2025-11-27
-85309,العلا,3000,1100000,367,2025-11-27
-85423,العلا,750,250000,333,2025-11-27
-85421,العوالي,1044,3447180,3300,2025-11-27
33526166,السلي,885,2250000,2541,2025-11-27
-85393,اليرموك,500,2450000,4900,2025-11-27
-85314,المصفاة,715,800000,1119,2025-11-27
33524935,النهضة,741,2593500,3500,2025-11-27
-85542,إشبيلية,138,1000000,7207,2025-11-26
-85492,النرجس,337,2022000,5991,2025-11-26
33502975,مطار الملك خالد الدولي,250,656354,2625,2025-11-26
33505362,البيان,690,1112010,1610,2025-11-26
-85606,البيان,374,918750,2450,2025-11-26
33509966,الفاروق,1607,4019875,2500,2025-11-26
33509597,الفاروق,1610,4025250,2500,2025-11-26
-85544,المعيزيلة,160,600000,3729,2025-11-26
-85599,ديراب,74,466000,6267,2025-11-26
-85627,الندوة,144,635000,4401,2025-11-26
33501275,التعاون,1000,317000,317,2025-11-26
33472695,العريجاء الأوسط,400,1100000,2750,2025-11-26
33501635,المصفاة,599,650000,1084,2025-11-26
33497102,الملك عبدالله,300,2000000,6667,2025-11-26
33478997,اليمامة,350,500000,1429,2025-11-25
-85689,النرجس,169,1890000,11131,2025-11-25
-85912,النرجس,90,1107322,12215,2025-11-25
-85706,الحائر,2400,480000,200,2025-11-25
-85897,قرطبة,149,900000,6033,2025-11-25
33466154,قرطبة,321,62146,193,2025-11-25
-86043,الشعلة,630,240000,381,2025-11-24
-85984,القادسية,193,700000,3620,2025-11-24
-86024,النسيم الشرقي,145,665000,4566,2025-11-24
33445622,غبيرا,232,425000,1832,2025-11-24
-86073,النرجس,250,3600000,14400,2025-11-24
-86092,النرجس,216,1850000,8560,2025-11-24
-86030,البيان,448,2000000,4464,2025-11-24
33457398,العزيزية,1815,8700000,4792,2025-11-24
33446096,العزيزية,471,250000,531,2025-11-24
-85991,العوالي,136,400000,2927,2025-11-24
33445675,المصفاة,7348,6246437,850,2025-11-24
33429047,المصفاة,1100,2865000,2605,2025-11-24
33445852,المصفاة,6288,5344910,850,2025-11-24
-86069,العريجاء الغربي,360,560000,1556,2025-11-24
33455299,السويدي,500,1000000,2000,2025-11-24
33455525,السويدي,250,500000,2000,2025-11-24
33430905,الشعلة,745,200000,268,2025-11-23
33425358,الشعلة,500,175000,350,2025-11-23
33430919,النسيم الشرقي,600,1270000,2117,2025-11-23
33431383,النرجس,270,1620000,6000,2025-11-23
-86313,النرجس,221,2100000,9472,2025-11-23
-86274,البيان,1200,3000000,2500,2025-11-23
-86317,العزيزية,173,850000,4890,2025-11-23
-86325,المعيزيلة,193,1019000,5258,2025-11-23
-86342,المعيزيلة,181,780000,4299,2025-11-23
-86279,المعيزيلة,390,1050000,2692,2025-11-23
33426096,النسيم الغربي,875,2600000,2971,2025-11-23
-86308,السعادة,72,560000,7680,2025-11-23
33434819,الندوة,448,1568000,3500,2025-11-23
-86255,العلا,750,330000,440,2025-11-23
-86361,الزاهر,840,380000,452,2025-11-22
-86436,الشعلة,630,240000,381,2025-11-20
-86448,الشعلة,630,280000,444,2025-11-20
-86575,النرجس,560562,4117697,7,2025-11-20
-86561,النرجس,560562,4411432,8,2025-11-20
-86425,النرجس,146,1700000,11600,2025-11-20
-86559,الفاروق,265,1497900,5647,2025-11-20
33388564,الفيحاء,870,5000000,5747,2025-11-20
33387948,المنار,475,1000000,2105,2025-11-20
-86543,الشهداء,625,3750000,6000,2025-11-20
-86534,الشهداء,625,3750000,6000,2025-11-20
33385396,العوالي,312,1050552,3362,2025-11-20
33387073,السلي,506,1125000,2223,2025-11-20
33387098,السلي,400,1125000,2812,2025-11-20
33387079,السلي,460,1125000,2446,2025-11-20
33285758,النزهة,875,9187500,10500,2025-11-20
33383107,المصيف,308,1700000,5519,2025-11-20
33363866,المصفاة,599,300000,500,2025-11-20
-86594,المصفاة,750,1350000,1800,2025-11-20
-86458,المصفاة,599,677366,1129,2025-11-20
-86459,المصفاة,599,677366,1129,2025-11-20
-86463,المصفاة,599,677366,1129,2025-11-20
-86462,المصفاة,599,677366,1129,2025-11-20
-86461,المصفاة,671,758438,1129,2025-11-20
-86457,المصفاة,599,677366,1129,2025-11-20
-86455,المصفاة,599,677366,1129,2025-11-20
-86460,المصفاة,599,677366,1129,2025-11-20
-86434,النهضة,1000,4000000,4000,2025-11-20
-86435,النهضة,925,3700000,4000,2025-11-20
-86533,السحاب,300,510000,1700,2025-11-20
33244355,العريجاء الغربي,1050,278500,265,2025-11-20
33390653,السويدي,500,400000,800,2025-11-20
-86526,سدرة,300,3681898,12273,2025-11-20
-86758,الغنامية,408,300000,734,2025-11-19
33369796,غبيرا,337,620000,1837,2025-11-19
-86805,المعيزيلة,337,1650000,4885,2025-11-19
-86718,السعادة,121,450000,3690,2025-11-19
-86746,الندوة,1050,2625000,2500,2025-11-19
-86738,الندوة,406,1179894,2900,2025-11-19
-86739,الندوة,406,1179778,2900,2025-11-19
-86741,الندوة,276,772800,2800,2025-11-19
-86764,الزاهر,900,400000,444,2025-11-19
33365274,الشهداء,450,2750000,6111,2025-11-19
-86710,المصفاة,750,1370000,1827,2025-11-19
-86709,المصفاة,750,1360000,1813,2025-11-19
-86708,المصفاة,750,1360000,1813,2025-11-19
33360303,ظهرة البديعة,750,1400000,1867,2025-11-19
33357013,الوسام,300,500000,1667,2025-11-19
33369368,الوسام,381,762500,2000,2025-11-19
33336174,سلطانة,430,600000,1395,2025-11-18
33339156,العزيزية,2525,400000,158,2025-11-18
33336651,العزيزية,2500,400000,160,2025-11-18
33342607,ديراب,750,1200000,1600,2025-11-18
33342895,ديراب,750,1200000,1600,2025-11-18
-86978,الندوة,97,494000,5092,2025-11-18
33317430,النخيل,669,7000000,10460,2025-11-18
-86984,العوالي,76,450000,5876,2025-11-18
33347889,المصفاة,671,600000,893,2025-11-18
-86932,الوسام,300,200000,667,2025-11-18
33321745,اليمامة,247,1700000,6869,2025-11-17
33311730,القادسية,2400,5000000,2083,2025-11-17
-87239,النرجس,198,1400000,7062,2025-11-17
-87079,النرجس,149,1316000,8794,2025-11-17
-87163,النرجس,124,1419000,11410,2025-11-17
33323888,العزيزية,2909,450000,155,2025-11-17
33321946,العزيزية,1200,1100000,917,2025-11-17
33310251,المصانع,1776,1777000,1000,2025-11-17
-87204,الزاهر,960,600000,625,2025-11-17
-87180,العلا,750,300000,400,2025-11-17
33320522,العوالي,748,2500000,3338,2025-11-17
-87168,المصفاة,750,1370000,1827,2025-11-17
-87111,الوسام,300,600000,2000,2025-11-17
-87229,سدرة,250,3021248,12085,2025-11-17
-87569,الشعلة,750,280000,373,2025-11-16
33291864,الشعلة,745,230000,309,2025-11-16
33289648,الغنامية,1022,1579558,1544,2025-11-16
-87453,القادسية,123,800000,6484,2025-11-16
33233143,غبيرا,335,950000,2834,2025-11-16
-87327,النرجس,165,1422720,8605,2025-11-16
-87330,النرجس,149,1199000,8013,2025-11-16
-87397,النرجس,153,1346040,8790,2025-11-16
-87421,النرجس,225,2900000,12889,2025-11-16
-87374,البيان,221,980000,4426,2025-11-16
-87427,العزيزية,405,526500,1300,2025-11-16
33236213,السعادة,56,135000,2411,2025-11-16
-87400,المصانع,3500,3500000,1000,2025-11-16
-87395,المصانع,3500,3500000,1000,2025-11-16
-87383,المصانع,6363,6363700,1000,2025-11-16
-87387,المصانع,4530,4531000,1000,2025-11-16
-87384,المصانع,3500,3500000,1000,2025-11-16
-87380,المصانع,3500,3500000,1000,2025-11-16
33296676,المصانع,1075,1075200,1000,2025-11-16
-87347,المصانع,3452,3452590,1000,2025-11-16
-87407,المصانع,3005,3005800,1000,2025-11-16
33297191,المصانع,1558,1558070,1000,2025-11-16
-87378,المصانع,404,404800,1000,2025-11-16
-87426,الزاهر,900,560000,622,2025-11-16
-87575,الزاهر,900,450000,500,2025-11-16
-87576,العلا,750,270000,360,2025-11-16
-87527,قرطبة,74,875000,11731,2025-11-16
-87543,قرطبة,92,1289000,13926,2025-11-16
-87317,الوسام,300,600000,2000,2025-11-16
-87587,الشعلة,763,190000,249,2025-11-15
-87580,النرجس,153,1346000,8789,2025-11-15
-87598,النرجس,312,1560000,5000,2025-11-15
-87660,العلا,750,320000,427,2025-11-14
33251286,الشعلة,780,205000,263,2025-11-13
-87758,الشعلة,630,230000,365,2025-11-13
33250633,الغنامية,1073,550000,512,2025-11-13
-87760,الغنامية,300,400000,1333,2025-11-13
-87759,الغنامية,300,400000,1333,2025-11-13
33261308,الملك فيصل,687,2750000,4000,2025-11-13
-87735,النرجس,105,980000,9279,2025-11-13
-87790,النرجس,259,2620000,10093,2025-11-13
-87791,النرجس,258,3000000,11628,2025-11-13
-87797,النرجس,148,1650000,11106,2025-11-13
-87857,العزيزية,293,1050000,3579,2025-11-13
-87739,العزيزية,1843,8300000,4503,2025-11-13
33258528,الفيحاء,870,3480000,4000,2025-11-13
-87751,الزاهر,936,500000,534,2025-11-13
-87866,الزاهر,840,460000,548,2025-11-13
33259387,السويدي,500,1100000,2200,2025-11-13
33189968,اليمامة,146,250000,1712,2025-11-12
33226962,البيان,864,1425600,1650,2025-11-12
-88000,المعيزيلة,495,2092300,4227,2025-11-12
-87957,ديراب,98,410000,4159,2025-11-12
-87903,العلا,900,300000,333,2025-11-12
33223979,العلا,900,335000,372,2025-11-12
-88078,العلا,750,320000,427,2025-11-12
-87892,المصفاة,599,750000,1250,2025-11-12
-88002,المصفاة,420,700000,1667,2025-11-12
33222369,العريجاء الغربي,750,845591,1127,2025-11-12
-88198,القادسية,114,660000,5767,2025-11-11
-88137,القادسية,324,1380000,4247,2025-11-11
-88138,القادسية,127,800000,6259,2025-11-11
-88242,المعيزيلة,112,540000,4794,2025-11-11
33202412,ديراب,700,1190000,1700,2025-11-11
-88126,السعادة,195,860000,4394,2025-11-11
33163398,عرقة,304,1860713,6111,2025-11-11
-88206,الزاهر,900,485000,539,2025-11-11
-88174,العلا,2000,540000,270,2025-11-11
-88192,الوسام,302,513400,1698,2025-11-11
33176717,الصحافة,775,11857500,15300,2025-11-10
33176635,الصحافة,775,11857500,15300,2025-11-10
33176479,الصحافة,775,11857500,15300,2025-11-10
33176767,الصحافة,775,11857500,15300,2025-11-10
-88502,النرجس,219,1900000,8647,2025-11-10
-88479,النرجس,124,1356764,10898,2025-11-10
33175725,العزيزية,462,1000000,2162,2025-11-10
-88368,الندوة,61,450000,7324,2025-11-10
-88365,الندوة,1200,1700000,1417,2025-11-10
-88360,العلا,900,365000,406,2025-11-10
-88525,الوادي,202,2150000,10638,2025-11-10
33175764,المصفاة,599,600000,1000,2025-11-10
33175872,المصفاة,599,600000,1000,2025-11-10
33175955,المصفاة,599,500000,833,2025-11-10
-88324,الوسام,300,525000,1750,2025-11-10
33143193,إشبيلية,435,3150000,7241,2025-11-09
33150110,القادسية,324,909720,2800,2025-11-09
-88609,القادسية,3827,8571429,2239,2025-11-09
-88687,سلطانة,224,1060000,4719,2025-11-09
-88590,النرجس,115,950000,8258,2025-11-09
33144202,النور,5500,11000000,2000,2025-11-09
-88655,النسيم الغربي,173,790000,4558,2025-11-09
33147040,ديراب,924,1570800,1700,2025-11-09
-88599,السعادة,191,880000,4593,2025-11-09
-88669,السعادة,165,1150000,6938,2025-11-09
-88702,المنار,136,860000,6321,2025-11-09
33150921,المصانع,1807,4500000,2490,2025-11-09
-88592,الزاهر,900,738462,821,2025-11-09
-88597,العلا,750,300000,400,2025-11-09
-88719,العلا,750,300000,400,2025-11-09
33151568,العلا,900,300000,333,2025-11-09
-88739,العوالي,76,450000,5876,2025-11-09
33152139,النزهة,9732,90000000,9247,2025-11-09
-88697,اليرموك,409,2000000,4890,2025-11-09
-88681,النهضة,302,1383709,4575,2025-11-09
-88673,النهضة,286,1266302,4425,2025-11-09
-88752,الندوة,81,440000,5405,2025-11-08
33128607,الشعلة,500,155000,310,2025-11-07
33110839,إشبيلية,435,3150000,7241,2025-11-06
33101993,إشبيلية,779,4364640,5603,2025-11-06
33089054,إشبيلية,266,1493296,5600,2025-11-06
33089327,إشبيلية,233,1307208,5600,2025-11-06
33115851,اليمامة,401,575000,1431,2025-11-06
33109300,الشعلة,750,200000,267,2025-11-06
-88830,الشعلة,450,205000,456,2025-11-06
-88831,النسيم الشرقي,147,630000,4275,2025-11-06
-88905,النرجس,352,2147000,6088,2025-11-06
-88910,النرجس,187,1650000,8791,2025-11-06
-88891,النرجس,216,1860000,8606,2025-11-06
-88871,النرجس,158,1200000,7568,2025-11-06
-88930,البيان,288,1800000,6250,2025-11-06
-88933,البيان,233,1200000,5138,2025-11-06
33104222,الروابي,1833,8431800,4600,2025-11-06
-88863,الندوة,171,721000,4209,2025-11-06
-88937,الزاهر,900,490000,544,2025-11-06
-88819,الزاهر,864,340000,394,2025-11-06
-88813,العلا,2000,600000,300,2025-11-06
-88794,الإزدهار,690,7000000,10145,2025-11-06
33105981,الورود,720,1378219,1914,2025-11-06
-88817,النهضة,289,1279577,4425,2025-11-06
-88804,النهضة,302,1383709,4575,2025-11-06
-88821,النهضة,287,1272940,4425,2025-11-06
-88924,قرطبة,74,850000,11403,2025-11-06
33093230,شبرا,300,1500000,5000,2025-11-05
33091361,إشبيلية,587,3287312,5598,2025-11-05
-89120,الشعلة,420,210000,500,2025-11-05
33097273,الشعلة,750,200000,267,2025-11-05
-89039,القادسية,320,1480000,4619,2025-11-05
33096465,المنصورة,462,1700000,3680,2025-11-05
-89123,سلطانة,224,925000,4118,2025-11-05
-88968,النرجس,553498,9982271,18,2025-11-05
-88973,النرجس,553498,15322595,28,2025-11-05
-89104,النرجس,378,2750000,7273,2025-11-05
-88988,النرجس,266,2450000,9195,2025-11-05
-89038,النرجس,216,1860000,8606,2025-11-05
-89018,النرجس,181,2050000,11300,2025-11-05
33081184,المعذر الشمالي,875,11000000,12571,2025-11-05
-89080,الندوة,151,580000,3838,2025-11-05
33097092,البديعة,100,1000,10,2025-11-05
-89032,الزاهر,450,400000,889,2025-11-05
33061381,الغنامية,159,250000,1566,2025-11-04
33061382,الغنامية,159,250000,1566,2025-11-04
-89251,الملك فيصل,384,2380000,6184,2025-11-04
33035774,المنصورة,702,1404000,2000,2025-11-04
-89335,النسيم الشرقي,100,519000,5182,2025-11-04
-89228,النسيم الشرقي,79,375000,4707,2025-11-04
-89180,النرجس,553498,20546511,37,2025-11-04
-89170,النرجس,553498,6459653,12,2025-11-04
-89324,النرجس,250,3600000,14400,2025-11-04
-89232,النرجس,60,910000,15167,2025-11-04
-89185,البيان,118,700000,5924,2025-11-04
-89189,البيان,301,1000000,3316,2025-11-04
-89188,البيان,248,1000000,4017,2025-11-04
33060440,العزيزية,1230,1200000,976,2025-11-04
-89330,العلا,750,265000,353,2025-11-04
-89253,العوالي,364,1600000,4392,2025-11-04
33070581,العريجاء الأوسط,400,800000,2000,2025-11-04
33062501,الورود,480,4300000,8958,2025-11-04
-89294,المصفاة,599,730000,1217,2025-11-04
-89142,الوسام,300,534000,1780,2025-11-04
-89371,الشعلة,750,220000,293,2025-11-03
-89387,القادسية,158,710000,4470,2025-11-03
-89375,النرجس,553498,16682261,30,2025-11-03
-89374,النرجس,553498,10697318,19,2025-11-03
-89564,النرجس,155,1580000,10143,2025-11-03
33013372,النور,4500,10800000,2400,2025-11-03
-89424,العزيزية,128,600000,4654,2025-11-03
-89555,المعيزيلة,183,968750,5277,2025-11-03
32877165,السعادة,56,135000,2411,2025-11-03
32877869,السعادة,56,135000,2411,2025-11-03
-89528,المنار,80,770000,9527,2025-11-03
-89411,الزاهر,900,500000,556,2025-11-03
-89425,العلا,750,330000,440,2025-11-03
33012038,الحائر,1668000,5199393,3,2025-11-03
-89398,المصفاة,787,600000,762,2025-11-03
-89552,المصفاة,599,600000,1000,2025-11-03
-89488,النهضة,99,805687,8088,2025-11-03
-89448,قرطبة,29,220000,7558,2025-11-03
33050522,الوسام,300,700000,2333,2025-11-03
33016596,الشعلة,750,260000,347,2025-11-02
-89739,الشعلة,1017,200000,196,2025-11-02
33020612,القادسية,1548,5110050,3300,2025-11-02
-89745,الصحافة,900,26804500,29783,2025-11-02
-89751,النرجس,258,2900000,11240,2025-11-02
-89770,البيان,69,450000,6466,2025-11-02
33024021,المعذر الشمالي,600,5850000,9750,2025-11-02
33026190,جرير,960,2000000,2083,2025-11-02
-89627,الربيع,420,8900000,21190,2025-11-02
-89775,الندوة,155,976550,6272,2025-11-02
-89769,الزاهر,900,350000,389,2025-11-02
-89782,الزاهر,900,400000,444,2025-11-02
-89738,الزاهر,900,500000,556,2025-11-02
-89737,الزاهر,900,500000,556,2025-11-02
-89637,الزاهر,1950,550000,282,2025-11-02
32860292,السلي,3547,9000000,2537,2025-11-02
33020959,العريجاء الأوسط,400,1080000,2700,2025-11-02
32997857,العريجاء الأوسط,400,600000,1500,2025-11-02
-89628,الورود,625,8000000,12800,2025-11-02
33025616,أحد,399,600000,1503,2025-11-02
-89603,أحد,399,600000,1503,2025-11-02
-89765,السحاب,300,495000,1650,2025-11-02
-89699,قرطبة,31,296667,9530,2025-11-02
-89630,قرطبة,141,1140000,8068,2025-11-02
33023855,العريجاء الغربي,400,1000000,2500,2025-11-02
33003783,القادسية,324,1000000,3078,2025-11-01
32996987,المنصورة,630,5250000,8333,2025-10-31
32996800,النسيم الغربي,1600,10500000,6562,2025-10-31
-89831,الندوة,270,594000,2200,2025-10-31
-89827,الندوة,270,594000,2200,2025-10-31
32981959,اليمامة,105,238000,2267,2025-10-30
-90070,الشعلة,789,230000,291,2025-10-30
-89928,القادسية,324,1100000,3386,2025-10-30
-90063,القادسية,110,744800,6756,2025-10-30
-90057,سلطانة,224,930000,4140,2025-10-30
-90001,النرجس,616,3080000,5000,2025-10-30
-89997,النرجس,695,3477500,5000,2025-10-30
-90096,النرجس,219,2250000,10259,2025-10-30
-90051,النرجس,2579,13000000,5039,2025-10-30
32976856,البيان,875,1880000,2149,2025-10-30
-89995,البيان,355,1050000,2954,2025-10-30
-90210,المعيزيلة,183,972900,5299,2025-10-30
32980849,السعادة,1470,4410030,3000,2025-10-30
32976687,عرقة,720,3369000,4679,2025-10-30
32793021,العريجاء الأوسط,400,1000000,2500,2025-10-30
32977284,المصفاة,5000,3723000,745,2025-10-30
-89980,الوسام,300,540000,1800,2025-10-30
-89998,الوسام,300,540000,1800,2025-10-30
-89924,الوسام,300,540000,1800,2025-10-30
-89923,الوسام,300,540000,1800,2025-10-30
-89999,الوسام,300,540000,1800,2025-10-30
-89933,الوسام,300,540000,1800,2025-10-30
-89931,الوسام,300,540000,1800,2025-10-30
-89927,الوسام,300,540000,1800,2025-10-30
-90233,الوسام,300,540000,1800,2025-10-30
-90231,الوسام,300,540000,1800,2025-10-30
-90493,النرجس,8,93077,10902,2025-10-29
-90507,النرجس,124,1430000,11494,2025-10-29
-90520,البيان,93,680000,7264,2025-10-29
32954517,المعذر,222,2300000,10321,2025-10-29
32952343,جرير,412,1500000,3636,2025-10-29
-90453,العزيزية,270,1000000,3704,2025-10-29
-90538,المعيزيلة,203,980000,4826,2025-10-29
-90325,المعيزيلة,312,1092000,3500,2025-10-29
32952486,ديراب,625,1750000,2800,2025-10-29
-90471,العوالي,234,1000000,4257,2025-10-29
32947756,المصفاة,465,581887,1250,2025-10-29
32947883,المصفاة,465,582362,1250,2025-10-29
32947983,المصفاة,444,555412,1250,2025-10-29
32948096,المصفاة,471,589400,1250,2025-10-29
32948185,المصفاة,326,408625,1250,2025-10-29
32948251,المصفاة,359,448950,1250,2025-10-29
32947608,المصفاة,537,806805,1500,2025-10-29
32953732,المصفاة,599,1100000,1834,2025-10-29
32955436,أحد,1050,5000,5,2025-10-29
32941770,العريجاء الغربي,400,1100000,2750,2025-10-29
-90353,الوسام,300,300000,1000,2025-10-29
-90420,الوسام,300,510000,1700,2025-10-29
-90356,الوسام,300,300000,1000,2025-10-29
32917803,الصحافة,312,4830000,15450,2025-10-28
-366,النرجس,269,2850000,10558,2025-10-28
-442,النرجس,53,750000,14110,2025-10-28
-374,النرجس,1087,5709375,5250,2025-10-28
-432,النرجس,258,3000000,11628,2025-10-28
32923942,النور,700,2455000,3507,2025-10-28
-171,الفاروق,260,1650000,6346,2025-10-28
32929312,جرير,440,2000000,4545,2025-10-28
32929028,العزيزية,400,1600000,4000,2025-10-28
32911129,ديراب,625,1125351,1801,2025-10-28
-454,الندوة,265,1200000,4520,2025-10-28
-380,الزاهر,936,370000,395,2025-10-28
-452,الزاهر,840,500000,595,2025-10-28
-387,الزاهر,900,595000,661,2025-10-28
-214,الزاهر,940,450000,479,2025-10-28
-444,العلا,810,180000,222,2025-10-28
-318,العوالي,136,630000,4610,2025-10-28
-298,العوالي,814,1600000,1966,2025-10-28
32918248,الحائر,400,250000,625,2025-10-28
-405,النهضة,107,650000,6067,2025-10-28
-231,السحاب,300,495000,1650,2025-10-28
-350,العريجاء الغربي,285,570000,2000,2025-10-28
-358,العريجاء الغربي,285,570000,2000,2025-10-28
-362,العريجاء الغربي,360,720000,2000,2025-10-28
-443,الوسام,300,660000,2200,2025-10-28
32902827,اليمامة,480,2600000,5417,2025-10-27
32900965,القادسية,649,2000000,3078,2025-10-27
-808,القادسية,96,760000,7847,2025-10-27
-843,الصحافة,420,3780000,9000,2025-10-27
-633,النرجس,553498,15805135,29,2025-10-27
-819,النرجس,1800,11435000,6353,2025-10-27
-815,النرجس,212,1700000,8017,2025-10-27
-795,النرجس,110,1280000,11577,2025-10-27
-792,النرجس,900,2100000,2333,2025-10-27
32903365,الفاروق,375,2900000,7733,2025-10-27
-634,العزيزية,270,943998,3496,2025-10-27
-803,العزيزية,261,700000,2678,2025-10-27
-669,المدينة الصناعية الجديدة,2065,3304480,1600,2025-10-27
32895501,المدينة الصناعية الجديدة,2131,3410224,1600,2025-10-27
-698,الملقا,400,3460000,8650,2025-10-27
32889251,منفوحة,224,1920000,8543,2025-10-27
-664,العلا,3000,850000,283,2025-10-27
32892623,المصفاة,512,800000,1561,2025-10-27
32817258,المصفاة,670,670000,1000,2025-10-27
32819034,المصفاة,669,669860,1000,2025-10-27
32819202,المصفاة,669,669860,1000,2025-10-27
32819247,المصفاة,670,670000,1000,2025-10-27
32819522,المصفاة,700,700000,1000,2025-10-27
32819677,المصفاة,699,699860,1000,2025-10-27
32819765,المصفاة,694,694240,1000,2025-10-27
32887745,المصفاة,404,404860,1000,2025-10-27
32887916,المصفاة,529,529420,1000,2025-10-27
32887981,المصفاة,430,430700,1000,2025-10-27
32888039,المصفاة,599,599620,1000,2025-10-27
32888952,المصفاة,286,286950,1000,2025-10-27
32888419,المصفاة,286,286480,1000,2025-10-27
32888556,المصفاة,593,593330,1000,2025-10-27
32817332,المصفاة,599,599570,1000,2025-10-27
32817395,المصفاة,599,599760,1000,2025-10-27
32817552,المصفاة,599,599760,1000,2025-10-27
32817551,المصفاة,599,599760,1000,2025-10-27
32817744,المصفاة,599,599900,1000,2025-10-27
32817806,المصفاة,599,599900,1000,2025-10-27
32817287,المصفاة,524,524720,1000,2025-10-27
32819291,المصفاة,670,670000,1000,2025-10-27
-832,قرطبة,187,1820000,9714,2025-10-27
-838,الوسام,300,600000,2000,2025-10-27
-636,الوسام,300,645000,2150,2025-10-27
-1027,إشبيلية,930,9072375,9750,2025-10-26
-1095,القادسية,321,1300000,4043,2025-10-26
32873781,المنصورة,250,750000,3000,2025-10-26
-1206,النرجس,109,1325000,12064,2025-10-26
-1100,النرجس,221,2203750,9940,2025-10-26
-1207,أم الحمام الغربي,502,1406160,2800,2025-10-26
-1205,أم الحمام الغربي,500,1400000,2800,2025-10-26
-1203,أم الحمام الغربي,500,1400000,2800,2025-10-26
-1202,أم الحمام الغربي,500,1400000,2800,2025-10-26
-1197,أم الحمام الغربي,512,1435000,2800,2025-10-26
-1192,أم الحمام الغربي,512,1435000,2800,2025-10-26
-1188,أم الحمام الغربي,500,1400000,2800,2025-10-26
-1184,أم الحمام الغربي,500,1400000,2800,2025-10-26
-1181,أم الحمام الغربي,500,1400000,2800,2025-10-26
-1177,أم الحمام الغربي,500,1400000,2800,2025-10-26
-1178,أم الحمام الغربي,502,1407308,2800,2025-10-26
32865633,جرير,412,1046427,2537,2025-10-26
32867372,العزيزية,500,1800000,3600,2025-10-26
32867874,الفيحاء,300,1325000,4417,2025-10-26
-1069,الندوة,270,594000,2200,2025-10-26
32875826,الندوة,720,3150000,4375,2025-10-26
-1042,العلا,750,310000,413,2025-10-26
-1193,العلا,772,325000,421,2025-10-26
-972,العلا,2881,400000,139,2025-10-26
-1171,العوالي,514,1925000,3743,2025-10-26
32866542,الحائر,400,100000,250,2025-10-26
32866845,الحائر,232,100000,430,2025-10-26
32818328,المصفاة,786,786340,1000,2025-10-26
32818385,المصفاة,828,828550,1000,2025-10-26
32816772,المصفاة,828,828520,1000,2025-10-26
32819855,المصفاة,694,694380,1000,2025-10-26
32816732,المصفاة,593,593090,1000,2025-10-26
32817060,المصفاة,599,599900,1000,2025-10-26
32817251,المصفاة,427,427070,1000,2025-10-26
32817934,المصفاة,601,601600,1000,2025-10-26
32817959,المصفاة,682,682660,1000,2025-10-26
32818083,المصفاة,599,599760,1000,2025-10-26
32818131,المصفاة,601,601830,1000,2025-10-26
32818172,المصفاة,599,599760,1000,2025-10-26
32818200,المصفاة,635,635620,1000,2025-10-26
32818281,المصفاة,636,636780,1000,2025-10-26
32818524,المصفاة,2651,1988317,750,2025-10-26
32817885,المصفاة,835,835500,1000,2025-10-26
32816837,المصفاة,599,599760,1000,2025-10-26
-1101,قرطبة,204,2009271,9814,2025-10-26
-1062,قرطبة,125,1000000,7973,2025-10-26
-1280,الندوة,265,584000,2200,2025-10-25
-1284,الندوة,270,594000,2200,2025-10-25
-1277,الندوة,270,594000,2200,2025-10-25
-1272,الزاهر,900,500000,556,2025-10-25
-1296,الوسام,369,628320,1700,2025-10-25
-1291,الوسام,300,510000,1700,2025-10-25
-1301,الوسام,300,510000,1700,2025-10-25
-1306,الوسام,300,510000,1700,2025-10-25
-1300,الوسام,300,510000,1700,2025-10-25
-1308,الوسام,300,510000,1700,2025-10-25
-1303,الوسام,300,510000,1700,2025-10-25
-1305,الوسام,300,510000,1700,2025-10-25
-1489,الغنامية,385,585000,1519,2025-10-23
-1706,الصحافة,900,53609000,59566,2025-10-23
-1562,سلطانة,224,930000,4140,2025-10-23
-1531,النرجس,100,820000,8164,2025-10-23
-1552,النرجس,235,1560000,6634,2025-10-23
32818242,البيان,875,2187500,2500,2025-10-23
32816015,جرير,720,4000000,5554,2025-10-23
32814505,العزيزية,840,1200000,1429,2025-10-23
-1493,المعيزيلة,156,1000000,6374,2025-10-23
-1570,المعيزيلة,200,1210000,6022,2025-10-23
32823441,ديراب,750,900000,1200,2025-10-23
32823516,ديراب,625,750000,1200,2025-10-23
-1704,ديراب,168,605000,3584,2025-10-23
32824494,بنبان,929,6750000,7261,2025-10-23
-1523,الزاهر,900,800000,889,2025-10-23
32584140,الحمراء,1123,11600000,10325,2025-10-23
32584379,الحمراء,975,10000000,10256,2025-10-23
-1573,السلي,1133,3287875,2900,2025-10-23
-1572,السلي,1133,3287875,2900,2025-10-23
-1569,اليرموك,306,1700000,5546,2025-10-23
32823211,المصفاة,599,467220,779,2025-10-23
32823129,المصفاة,599,467220,779,2025-10-23
32814220,المصفاة,671,200000,298,2025-10-23
32823030,المصفاة,671,523380,779,2025-10-23
32823160,المصفاة,599,467220,779,2025-10-23
32823071,المصفاة,599,467220,779,2025-10-23
32816555,أحد,399,606000,1515,2025-10-23
-1832,الوسام,439,703763,1600,2025-10-23
-1831,الوسام,377,603226,1600,2025-10-23
-1830,الوسام,427,683763,1600,2025-10-23
-1829,الوسام,300,480000,1600,2025-10-23
-1828,الوسام,300,480000,1600,2025-10-23
-1827,الوسام,300,480000,1600,2025-10-23
-1826,الوسام,300,480000,1600,2025-10-23
-1824,الوسام,300,480000,1600,2025-10-23
-1823,الوسام,300,480000,1600,2025-10-23
-1821,الوسام,300,480000,1600,2025-10-23
-1800,الوسام,300,480000,1600,2025-10-23
-1798,الوسام,300,480000,1600,2025-10-23
-1797,الوسام,300,480000,1600,2025-10-23
-1795,الوسام,300,480000,1600,2025-10-23
-1794,الوسام,300,480000,1600,2025-10-23
-1793,الوسام,300,480000,1600,2025-10-23
-1791,الوسام,300,480000,1600,2025-10-23
-1790,الوسام,300,480000,1600,2025-10-23
-1788,الوسام,300,480000,1600,2025-10-23
-1786,الوسام,300,480000,1600,2025-10-23
-1785,الوسام,300,480000,1600,2025-10-23
-1783,الوسام,300,480000,1600,2025-10-23
-1781,الوسام,300,480000,1600,2025-10-23
-1780,الوسام,300,480000,1600,2025-10-23
-1779,الوسام,300,480000,1600,2025-10-23
-1777,الوسام,300,480000,1600,2025-10-23
-1776,الوسام,300,480000,1600,2025-10-23
-1775,الوسام,300,480000,1600,2025-10-23
-1774,الوسام,300,480000,1600,2025-10-23
-1773,الوسام,300,480000,1600,2025-10-23
-1771,الوسام,300,480000,1600,2025-10-23
-1769,الوسام,412,660000,1600,2025-10-23
-1768,الوسام,487,341250,700,2025-10-23
-1766,الوسام,487,341250,700,2025-10-23
-1765,الوسام,300,210000,700,2025-10-23
-1764,الوسام,300,210000,700,2025-10-23
-1763,الوسام,300,210000,700,2025-10-23
-1762,الوسام,300,210000,700,2025-10-23
-1761,الوسام,300,210000,700,2025-10-23
-1759,الوسام,300,210000,700,2025-10-23
-1760,الوسام,300,210000,700,2025-10-23
-1756,الوسام,300,210000,700,2025-10-23
-1754,الوسام,300,210000,700,2025-10-23
-1753,الوسام,300,210000,700,2025-10-23
-1752,الوسام,300,210000,700,2025-10-23
-1751,الوسام,300,210000,700,2025-10-23
-1750,الوسام,300,210000,700,2025-10-23
-1749,الوسام,300,210000,700,2025-10-23
-1747,الوسام,300,210000,700,2025-10-23
-1746,الوسام,300,210000,700,2025-10-23
-1745,الوسام,300,210000,700,2025-10-23
-1744,الوسام,300,210000,700,2025-10-23
-1743,الوسام,531,210000,395,2025-10-23
-1741,الوسام,531,376223,708,2025-10-23
-1740,الوسام,487,341250,700,2025-10-23
-1739,الوسام,487,341250,700,2025-10-23
-1738,الوسام,300,210000,700,2025-10-23
-1737,الوسام,300,210000,700,2025-10-23
-1736,الوسام,300,210000,700,2025-10-23
-1735,الوسام,300,210000,700,2025-10-23
-1732,الوسام,300,210000,700,2025-10-23
-1734,الوسام,300,210000,700,2025-10-23
-1733,الوسام,300,210000,700,2025-10-23
-1731,الوسام,300,210000,700,2025-10-23
-1730,الوسام,300,210000,700,2025-10-23
-1729,الوسام,300,210000,700,2025-10-23
-1728,الوسام,300,210000,700,2025-10-23
-1727,الوسام,300,210000,700,2025-10-23
-1726,الوسام,300,210000,700,2025-10-23
-1725,الوسام,300,210000,700,2025-10-23
-1723,الوسام,300,210000,700,2025-10-23
-1722,الوسام,300,210000,700,2025-10-23
-1721,الوسام,300,210000,700,2025-10-23
-1720,الوسام,300,210000,700,2025-10-23
-1719,الوسام,537,376224,700,2025-10-23
-1718,الوسام,537,376224,700,2025-10-23
-1717,الوسام,462,323750,700,2025-10-23
-1716,الوسام,462,323750,700,2025-10-23
-1715,الوسام,300,210000,700,2025-10-23
-1714,الوسام,300,210000,700,2025-10-23
-1713,الوسام,300,210000,700,2025-10-23
-1712,الوسام,300,210000,700,2025-10-23
32823812,الوسام,300,510000,1700,2025-10-23
32823588,الوسام,300,510000,1700,2025-10-23
-1679,الوسام,300,517500,1725,2025-10-23
32824866,الوسام,300,510000,1700,2025-10-23
-1789,الوسام,300,480000,1600,2025-10-23
-1770,الوسام,412,660000,1600,2025-10-23
32747635,المنصورة,616,2400000,3896,2025-10-22
-1949,البيان,390,1131000,2900,2025-10-22
-1947,البيان,390,1131000,2900,2025-10-22
-1961,الفاروق,312,1600000,5119,2025-10-22
32757756,العزيزية,500,1300000,2600,2025-10-22
-1935,العزيزية,630,1100000,1746,2025-10-22
-1931,العزيزية,630,1100000,1746,2025-10-22
-2105,المنار,2925,16087500,5500,2025-10-22
-1950,عرقة,900,10000000,11111,2025-10-22
-2012,الزاهر,900,450000,500,2025-10-22
-2079,الزاهر,900,430000,478,2025-10-22
-2057,العلا,750,290000,387,2025-10-22
-2170,السلي,1133,3401250,3000,2025-10-22
-2171,السلي,1173,3521250,3000,2025-10-22
-2114,المصفاة,1600,2800000,1750,2025-10-22
32782866,الوسام,367,624070,1700,2025-10-22
32783918,الوسام,300,510000,1700,2025-10-22
32783544,الوسام,300,510000,1700,2025-10-22
32785225,الوسام,300,510000,1700,2025-10-22
32782507,الوسام,300,510000,1700,2025-10-22
-2347,الشعلة,750,300000,400,2025-10-21
-2442,المربع,648,3890400,6000,2025-10-21
32768784,القادسية,1500,4950000,3300,2025-10-21
-2525,النرجس,224,2200000,9808,2025-10-21
-2527,النرجس,224,2000000,8902,2025-10-21
32765184,البيان,390,1053000,2700,2025-10-21
-2517,البيان,209,810000,3868,2025-10-21
32765763,العزيزية,420,822336,1956,2025-10-21
32761164,الفيحاء,510,2850000,5588,2025-10-21
32773027,المصانع,875,3850000,4400,2025-10-21
-2570,الزاهر,989,650000,657,2025-10-21
-2382,العلا,750,300000,400,2025-10-21
-2365,العلا,759,280000,369,2025-10-21
32768279,العوالي,500,1384999,2770,2025-10-21
-2366,العوالي,900,1350000,1500,2025-10-21
-2404,المصفاة,599,1450000,2417,2025-10-21
32774408,قرطبة,523,3325000,6352,2025-10-21
32768199,الملك عبدالله,374,1300000,3472,2025-10-21
-2753,القادسية,162,1050000,6464,2025-10-20
-2785,القادسية,76,650000,8461,2025-10-20
32756344,النرجس,1289,8707028,6750,2025-10-20
32756218,النرجس,1289,8707027,6750,2025-10-20
32727284,جرير,105,420000,4000,2025-10-20
-2730,المعيزيلة,183,674000,3671,2025-10-20
-2784,السعادة,312,1000000,3205,2025-10-20
-2771,الزاهر,1103,650000,589,2025-10-20
32746762,اليرموك,62550,150000000,2398,2025-10-20
-2825,الوسام,300,510000,1700,2025-10-20
-2824,الوسام,300,510000,1700,2025-10-20
-2834,الوسام,300,510000,1700,2025-10-20
-2827,الوسام,361,510000,1411,2025-10-20
-2677,الوسام,363,618375,1700,2025-10-20
-2828,الوسام,300,510000,1700,2025-10-20
-2832,الوسام,300,510000,1700,2025-10-20
-2830,الوسام,300,510000,1700,2025-10-20
-2823,الوسام,300,510000,1700,2025-10-20
-2833,الوسام,300,510000,1700,2025-10-20
-2822,الوسام,300,510000,1700,2025-10-20
-2829,الوسام,300,510000,1700,2025-10-20
-2831,الوسام,300,510000,1700,2025-10-20
-2872,الشعلة,750,255000,340,2025-10-19
-3125,الغدير,243,4560000,18709,2025-10-19
-3122,النرجس,212,2400000,11283,2025-10-19
32732719,البيان,867,2167500,2500,2025-10-19
-3040,الفاروق,260,2000000,7692,2025-10-19
32723560,العزيزية,500,1300000,2600,2025-10-19
32719929,العزيزية,500,1150000,2300,2025-10-19
-2955,المعيزيلة,113,510000,4491,2025-10-19
32726330,الربيع,1560,20800000,13333,2025-10-19
32725536,السعادة,150,400000,2667,2025-10-19
-2958,السعادة,1590,4452000,2800,2025-10-19
-2997,السعادة,1585,4675750,2950,2025-10-19
32729832,الزاهر,930,360000,387,2025-10-19
-3165,الزاهر,900,650000,722,2025-10-19
-3134,الزاهر,2000,710000,355,2025-10-19
-2856,العوالي,1050,4000000,3810,2025-10-19
-3161,العوالي,514,1925000,3743,2025-10-19
32720228,ظهرة البديعة,375,1219795,3253,2025-10-19
32710583,النرجس,500,7500000,14995,2025-10-18
-3238,الزاهر,960,600000,625,2025-10-18
-3271,المصفاة,610,1136364,1861,2025-10-18
-3225,الوسام,300,510000,1700,2025-10-18
-3227,الوسام,300,510000,1700,2025-10-18
-3217,الوسام,300,510000,1700,2025-10-18
-3229,الوسام,300,510000,1700,2025-10-18
-3231,الوسام,300,510000,1700,2025-10-18
-3221,الوسام,300,510000,1700,2025-10-18
-3222,الوسام,300,510000,1700,2025-10-18
-3220,الوسام,300,510000,1700,2025-10-18
-3219,الوسام,300,510000,1700,2025-10-18
-3218,الوسام,300,510000,1700,2025-10-18
-3302,الشعلة,750,300000,400,2025-10-17
-3295,الفاروق,300,1346730,4489,2025-10-17
-3294,الزاهر,870,300000,345,2025-10-17
-3359,الشعلة,600,250000,417,2025-10-16
-3505,القادسية,248,1300000,5229,2025-10-16
-3493,النرجس,12,126538,10082,2025-10-16
32691296,النور,660,1582000,2397,2025-10-16
32694796,العزيزية,525,850000,1619,2025-10-16
-3566,المعيزيلة,203,1200000,5910,2025-10-16
32590897,السعادة,450,244862,544,2025-10-16
32693692,الفيحاء,750,3500000,4667,2025-10-16
-3405,الندوة,2495,5988768,2400,2025-10-16
-3409,الندوة,2489,5973768,2400,2025-10-16
-3404,الندوة,2489,5973768,2400,2025-10-16
-3492,العلا,750,300000,400,2025-10-16
32691733,العوالي,555,1665000,3000,2025-10-16
32693771,السلي,2450,7227500,2950,2025-10-16
32675951,الحائر,496,36136,73,2025-10-16
32686447,المصفاة,4142,2899400,700,2025-10-16
32686580,المصفاة,3616,2531592,700,2025-10-16
-3418,أحد,900,1400000,1556,2025-10-16
-3396,السحاب,300,300000,1000,2025-10-16
32686247,السويدي,500,2200000,4400,2025-10-16
-3417,الوسام,300,555000,1850,2025-10-16
32653844,إشبيلية,300,862125,2874,2025-10-15
-3863,الشعلة,780,245000,314,2025-10-15
32666864,الدفاع,1225,1592500,1300,2025-10-15
32666702,الدفاع,1050,1365000,1300,2025-10-15
32666701,الغنامية,385,650000,1688,2025-10-15
-3683,القادسية,3772,9000000,2386,2025-10-15
-3774,القادسية,172,880000,5096,2025-10-15
32661338,الصحافة,312,4840000,15482,2025-10-15
32667029,سلطانة,250,511000,2044,2025-10-15
32667010,سلطانة,312,639000,2045,2025-10-15
-3657,النرجس,253,1800000,7089,2025-10-15
32655729,العزيزية,420,484415,1152,2025-10-15
-3788,المعيزيلة,160,725000,4506,2025-10-15
-3690,المعيزيلة,160,700000,4350,2025-10-15
-3783,المعيزيلة,183,1000000,5447,2025-10-15
-3705,السعادة,167,1150000,6851,2025-10-15
-3867,السعادة,72,570000,7817,2025-10-15
-3715,المصانع,3500,1170100,334,2025-10-15
-3799,الوادي,155,1990000,12837,2025-10-15
32661472,المصفاة,466,582550,1250,2025-10-15
32656822,المصفاة,599,550000,917,2025-10-15
-3692,الوسام,300,600000,2000,2025-10-15
32632016,المربع,6,5000,746,2025-10-14
32558602,النسيم الشرقي,382,159223,417,2025-10-14
-4084,النرجس,112,950000,8412,2025-10-14
-4126,النرجس,60,920000,15333,2025-10-14
-4113,النرجس,148,1650000,11106,2025-10-14
-4100,البيان,171,493750,2887,2025-10-14
-4103,البيان,194,1000000,5143,2025-10-14
-4099,البيان,83,493750,5880,2025-10-14
32627552,الفاروق,460,1886000,4100,2025-10-14
32626238,النسيم الغربي,291,867000,2972,2025-10-14
32625302,النسيم الغربي,291,867000,2972,2025-10-14
32642962,المنصورية,3265,3918000,1200,2025-10-14
32628389,ديراب,400,540000,1350,2025-10-14
32629385,ديراب,400,540000,1350,2025-10-14
32631484,ديراب,924,1801800,1950,2025-10-14
-3952,السعادة,1585,4596500,2900,2025-10-14
-4118,الندوة,358,1002764,2800,2025-10-14
32626546,المصفاة,555,694575,1250,2025-10-14
32627464,المصفاة,624,781100,1250,2025-10-14
32627199,المصفاة,579,723750,1250,2025-10-14
32626829,المصفاة,471,589400,1250,2025-10-14
32626667,المصفاة,534,668487,1250,2025-10-14
32626596,المصفاة,471,589400,1250,2025-10-14
32625507,المصفاة,2451,1827317,746,2025-10-14
32625599,المصفاة,2441,1820376,746,2025-10-14
32625394,المصفاة,2433,1814181,746,2025-10-14
32626442,المصفاة,495,619662,1250,2025-10-14
32552088,ظهرة البديعة,750,1600000,2133,2025-10-14
-4279,القادسية,193,945000,4892,2025-10-13
32558130,النسيم الشرقي,336,133443,397,2025-10-13
-4263,النرجس,60,960000,16000,2025-10-13
-4438,النرجس,130,1490000,11452,2025-10-13
32610988,الفاروق,2350,5875825,2500,2025-10-13
32610879,الفاروق,2342,5855175,2500,2025-10-13
32610343,الفاروق,2140,5350600,2500,2025-10-13
-4334,المعيزيلة,113,500000,4403,2025-10-13
32614875,ديراب,700,1050000,1500,2025-10-13
32615700,ديراب,750,1200000,1600,2025-10-13
32615975,ديراب,750,1200000,1600,2025-10-13
-4239,الندوة,288,500000,1736,2025-10-13
-4296,الحمراء,1125,7537500,6700,2025-10-13
32612299,الورود,840,6800000,8095,2025-10-13
32611753,المصفاة,599,800000,1334,2025-10-13
32612341,المصفاة,594,600000,1009,2025-10-13
32612518,المصفاة,594,600000,1009,2025-10-13
32613130,المصفاة,3648,3108590,852,2025-10-13
32612392,ظهرة البديعة,900,3800000,4222,2025-10-13
-4533,الوسام,302,566790,1875,2025-10-13
32590855,غرناطة,337,1045479,3098,2025-10-12
-4664,النسيم الشرقي,440,3150000,7159,2025-10-12
-4748,النرجس,104,840000,8008,2025-10-12
-4688,البيان,194,1000000,5143,2025-10-12
-4683,البيان,171,493750,2887,2025-10-12
-4678,البيان,83,493750,5880,2025-10-12
32588391,المعيزيلة,312,1248000,4000,2025-10-12
32586479,الفيحاء,660,594000,900,2025-10-12
32584916,الزاهر,930,305000,328,2025-10-12
-4693,الزاهر,990,480000,485,2025-10-12
-4687,العلا,750,280000,373,2025-10-12
-4740,النفل,20,231250,11084,2025-10-12
-4725,النفل,16,171250,10285,2025-10-12
32581443,المصفاة,595,625000,1050,2025-10-12
32586566,المصفاة,3231,3877716,1200,2025-10-12
32588782,النهضة,780,1500000,1923,2025-10-12
32587581,النهضة,1767,12600000,7131,2025-10-12
32588839,النهضة,336,3080000,9167,2025-10-12
-4769,النهضة,112,670000,5953,2025-10-12
32575150,الغنامية,192,100000,521,2025-10-11
-4835,الهدا,750,6000000,8000,2025-10-11
-4955,إشبيلية,1140,5760000,5053,2025-10-09
-4966,الشعلة,747,250000,334,2025-10-09
-5000,القادسية,71,762850,10668,2025-10-09
32554403,النرجس,567,3000000,5291,2025-10-09
-5107,المصانع,1371,3564600,2600,2025-10-09
-5069,الزاهر,1000,600000,600,2025-10-09
-4896,العلا,752,240000,319,2025-10-09
-4941,العلا,768,100000,130,2025-10-09
-5084,السلي,4675,11000000,2353,2025-10-09
32551409,المصفاة,6714,5029070,749,2025-10-09
32556718,المصفاة,750,750000,1000,2025-10-09
32550726,المصفاة,9216,7128924,774,2025-10-09
32551346,المصفاة,7194,5185924,721,2025-10-09
-5037,قرطبة,465,2906250,6250,2025-10-09
-5048,قرطبة,857,5488000,6400,2025-10-09
-5032,الهدا,2493,21199000,8501,2025-10-09
-5029,الهدا,2499,21250000,8500,2025-10-09
-5036,الهدا,1395,11861750,8500,2025-10-09
-5026,الهدا,2737,23273000,8502,2025-10-09
-5024,الهدا,2737,23264500,8498,2025-10-09
-5039,الهدا,1456,11652960,8000,2025-10-09
-5045,الهدا,1400,11200000,8000,2025-10-09
-5034,الهدا,1448,12312675,8500,2025-10-09
32545368,ظهرة البديعة,625,1700000,2720,2025-10-09
-4901,الوسام,300,630000,2100,2025-10-09
32535323,اليمامة,220,1260000,5727,2025-10-08
32531647,الشعلة,922,270000,293,2025-10-08
-5446,القادسية,324,1100000,3386,2025-10-08
32534140,الصحافة,312,4850000,15514,2025-10-08
32537840,المنصورة,630,3350000,5317,2025-10-08
-5345,النرجس,125,1405550,11219,2025-10-08
-5429,النرجس,258,3000000,11628,2025-10-08
32530864,البيان,375,1100000,2933,2025-10-08
32528017,جرير,720,1300000,1806,2025-10-08
32530052,عرقة,375,1500000,4000,2025-10-08
32534836,البديعة,300,600000,2000,2025-10-08
32533412,البديعة,300,600000,2000,2025-10-08
32534635,البديعة,300,600000,2000,2025-10-08
32534038,البديعة,300,600000,2000,2025-10-08
32534949,البديعة,318,636700,2000,2025-10-08
32532272,البديعة,323,646080,2000,2025-10-08
32533867,البديعة,330,660000,2000,2025-10-08
32532782,البديعة,330,660000,2000,2025-10-08
32534370,البديعة,330,660000,2000,2025-10-08
-5415,اليرموك,204,1560000,7642,2025-10-08
32531639,الحائر,2500,1100000,440,2025-10-08
32535734,المصفاة,599,450000,750,2025-10-08
32531368,النهضة,510,973500,1909,2025-10-08
-5248,الهدا,1799,15656259,8700,2025-10-08
-5246,الهدا,1385,12054981,8700,2025-10-08
-5395,الهدا,750,6375000,8500,2025-10-08
-5397,الهدا,750,6375000,8500,2025-10-08
-5298,سدرة,250,977939,3912,2025-10-08
-5284,سدرة,250,977939,3912,2025-10-08
32505107,إشبيلية,1577,10647360,6749,2025-10-07
32512431,إشبيلية,450,2014760,4477,2025-10-07
32510106,اليمامة,160,900000,5625,2025-10-07
32510878,اليمامة,160,900000,5625,2025-10-07
32517192,الشعلة,763,200000,262,2025-10-07
-5733,الشعلة,750,285000,380,2025-10-07
32514560,القادسية,342,1162800,3400,2025-10-07
32449575,النسيم الشرقي,360,1010000,2806,2025-10-07
-5683,النرجس,13,115385,8817,2025-10-07
32507370,النسيم الغربي,450,1400000,3111,2025-10-07
-5660,الزاهر,900,710000,789,2025-10-07
-5608,الزاهر,450,75000,167,2025-10-07
-5551,العلا,750,300000,400,2025-10-07
-5694,النخيل,763,9545000,12500,2025-10-07
32510379,الحمراء,1125,532682,474,2025-10-07
32508238,الملك فهد,450,3000000,6667,2025-10-07
-5685,القدس,170,1300000,7629,2025-10-07
-5667,النهضة,260,1300000,5000,2025-10-07
-5668,النهضة,260,1300000,5000,2025-10-07
-5670,النهضة,260,1300000,5000,2025-10-07
32505444,العريجاء الغربي,400,1000000,2500,2025-10-07
-5712,الهدا,745,6187650,8300,2025-10-07
-5700,الهدا,747,5906751,7900,2025-10-07
